Using pre-set license
Built from '2022.3/release' branch; Version is '2022.3.5f1 (9674261d40ee) revision 9860134'; Using compiler version '192829333'; Build Type 'Release'
OS: 'Windows 11  (10.0.22631) 64bit CoreCountrySpecific' Language: 'zh' Physical Memory: 32492 MB
BatchMode: 1, IsHumanControllingUs: 0, StartBugReporterOnCrash: 0, Is64bit: 1, IsPro: 1

COMMAND LINE ARGUMENTS:
D:\UnityHub\Unity\2022.3.5f1\Editor\Unity.exe
-adb2
-batchMode
-noUpm
-name
AssetImportWorker0
-projectPath
D:/UnityHub/Project/CustomRP
-logFile
Logs/AssetImportWorker0.log
-srvPort
63857
Successfully changed project path to: D:/UnityHub/Project/CustomRP
D:/UnityHub/Project/CustomRP
[UnityMemory] Configuration Parameters - Can be set up in boot.config
    "memorysetup-bucket-allocator-granularity=16"
    "memorysetup-bucket-allocator-bucket-count=8"
    "memorysetup-bucket-allocator-block-size=33554432"
    "memorysetup-bucket-allocator-block-count=8"
    "memorysetup-main-allocator-block-size=16777216"
    "memorysetup-thread-allocator-block-size=16777216"
    "memorysetup-gfx-main-allocator-block-size=16777216"
    "memorysetup-gfx-thread-allocator-block-size=16777216"
    "memorysetup-cache-allocator-block-size=4194304"
    "memorysetup-typetree-allocator-block-size=2097152"
    "memorysetup-profiler-bucket-allocator-granularity=16"
    "memorysetup-profiler-bucket-allocator-bucket-count=8"
    "memorysetup-profiler-bucket-allocator-block-size=33554432"
    "memorysetup-profiler-bucket-allocator-block-count=8"
    "memorysetup-profiler-allocator-block-size=16777216"
    "memorysetup-profiler-editor-allocator-block-size=1048576"
    "memorysetup-temp-allocator-size-main=16777216"
    "memorysetup-job-temp-allocator-block-size=2097152"
    "memorysetup-job-temp-allocator-block-size-background=1048576"
    "memorysetup-job-temp-allocator-reduction-small-platforms=262144"
    "memorysetup-allocator-temp-initial-block-size-main=262144"
    "memorysetup-allocator-temp-initial-block-size-worker=262144"
    "memorysetup-temp-allocator-size-background-worker=32768"
    "memorysetup-temp-allocator-size-job-worker=262144"
    "memorysetup-temp-allocator-size-preload-manager=33554432"
    "memorysetup-temp-allocator-size-nav-mesh-worker=65536"
    "memorysetup-temp-allocator-size-audio-worker=65536"
    "memorysetup-temp-allocator-size-cloud-worker=32768"
    "memorysetup-temp-allocator-size-gi-baking-worker=262144"
    "memorysetup-temp-allocator-size-gfx=262144"
Player connection [9112] Host "[IP] 10.225.0.29 [Port] 0 [Flags] 2 [Guid] 2792865450 [EditorId] 2792865450 [Version] 1048832 [Id] WindowsEditor(7,Yhisken) [Debug] 1 [PackageName] WindowsEditor [ProjectName] Editor" joined multi-casting on [225.0.0.222:54997]...

Player connection [9112] Host "[IP] 10.225.0.29 [Port] 0 [Flags] 2 [Guid] 2792865450 [EditorId] 2792865450 [Version] 1048832 [Id] WindowsEditor(7,Yhisken) [Debug] 1 [PackageName] WindowsEditor [ProjectName] Editor" joined alternative multi-casting on [225.0.0.222:34997]...

Refreshing native plugins compatible for Editor in 2.68 ms, found 1 plugins.
Preloading 0 native plugins for Editor in 0.00 ms.
Initialize engine version: 2022.3.5f1 (9674261d40ee)
[Subsystems] Discovering subsystems at path D:/UnityHub/Unity/2022.3.5f1/Editor/Data/Resources/UnitySubsystems
[Subsystems] Discovering subsystems at path D:/UnityHub/Project/CustomRP/Assets
GfxDevice: creating device client; threaded=0; jobified=0
Direct3D:
    Version:  Direct3D 11.0 [level 11.1]
    Renderer: NVIDIA GeForce RTX 3060 Ti (ID=0x2489)
    Vendor:   NVIDIA
    VRAM:     8024 MB
    Driver:   32.0.15.6094
Initialize mono
Mono path[0] = 'D:/UnityHub/Unity/2022.3.5f1/Editor/Data/Managed'
Mono path[1] = 'D:/UnityHub/Unity/2022.3.5f1/Editor/Data/MonoBleedingEdge/lib/mono/unityjit-win32'
Mono config path = 'D:/UnityHub/Unity/2022.3.5f1/Editor/Data/MonoBleedingEdge/etc'
Using monoOptions --debugger-agent=transport=dt_socket,embedding=1,server=y,suspend=n,address=127.0.0.1:56408
Begin MonoManager ReloadAssembly
Registering precompiled unity dll's ...
Register platform support module: D:/UnityHub/Unity/2022.3.5f1/Editor/Data/PlaybackEngines/WindowsStandaloneSupport/UnityEditor.WindowsStandalone.Extensions.dll
Registered in 0.003513 seconds.
- Loaded All Assemblies, in  0.222 seconds
Native extension for WindowsStandalone target not found
Mono: successfully reloaded assembly
- Finished resetting the current domain, in  0.185 seconds
Domain Reload Profiling: 407ms
	BeginReloadAssembly (58ms)
		ExecutionOrderSort (0ms)
		DisableScriptedObjects (0ms)
		BackupInstance (0ms)
		ReleaseScriptingObjects (0ms)
		CreateAndSetChildDomain (0ms)
	RebuildCommonClasses (25ms)
	RebuildNativeTypeToScriptingClass (7ms)
	initialDomainReloadingComplete (41ms)
	LoadAllAssembliesAndSetupDomain (91ms)
		LoadAssemblies (57ms)
		RebuildTransferFunctionScriptingTraits (0ms)
		AnalyzeDomain (89ms)
			TypeCache.Refresh (88ms)
				TypeCache.ScanAssembly (81ms)
			ScanForSourceGeneratedMonoScriptInfo (0ms)
			ResolveRequiredComponents (0ms)
	FinalizeReload (185ms)
		ReleaseScriptCaches (0ms)
		RebuildScriptCaches (0ms)
		SetupLoadedEditorAssemblies (145ms)
			LogAssemblyErrors (0ms)
			InitializePlatformSupportModulesInManaged (6ms)
			SetLoadedEditorAssemblies (6ms)
			RefreshPlugins (0ms)
			BeforeProcessingInitializeOnLoad (2ms)
			ProcessInitializeOnLoadAttributes (95ms)
			ProcessInitializeOnLoadMethodAttributes (36ms)
			AfterProcessingInitializeOnLoad (0ms)
			EditorAssembliesLoaded (0ms)
		ExecutionOrderSort2 (0ms)
		AwakeInstancesAfterBackupRestoration (0ms)
========================================================================
Worker process is ready to serve import requests
Begin MonoManager ReloadAssembly
Symbol file LoadedFromMemory doesn't match image D:\UnityHub\Project\CustomRP\Library\PackageCache\com.unity.visualscripting@1.8.0\Editor\VisualScripting.Core\Dependencies\YamlDotNet\Unity.VisualScripting.YamlDotNet.dll
Symbol file LoadedFromMemory doesn't match image D:\UnityHub\Project\CustomRP\Library\PackageCache\com.unity.visualscripting@1.8.0\Editor\VisualScripting.Core\Dependencies\DotNetZip\Unity.VisualScripting.IonicZip.dll
- Loaded All Assemblies, in  0.413 seconds
Refreshing native plugins compatible for Editor in 0.88 ms, found 1 plugins.
Native extension for WindowsStandalone target not found
Mono: successfully reloaded assembly
- Finished resetting the current domain, in  0.295 seconds
Domain Reload Profiling: 708ms
	BeginReloadAssembly (93ms)
		ExecutionOrderSort (0ms)
		DisableScriptedObjects (4ms)
		BackupInstance (0ms)
		ReleaseScriptingObjects (0ms)
		CreateAndSetChildDomain (16ms)
	RebuildCommonClasses (22ms)
	RebuildNativeTypeToScriptingClass (8ms)
	initialDomainReloadingComplete (25ms)
	LoadAllAssembliesAndSetupDomain (266ms)
		LoadAssemblies (143ms)
		RebuildTransferFunctionScriptingTraits (0ms)
		AnalyzeDomain (169ms)
			TypeCache.Refresh (157ms)
				TypeCache.ScanAssembly (151ms)
			ScanForSourceGeneratedMonoScriptInfo (9ms)
			ResolveRequiredComponents (3ms)
	FinalizeReload (295ms)
		ReleaseScriptCaches (0ms)
		RebuildScriptCaches (0ms)
		SetupLoadedEditorAssemblies (202ms)
			LogAssemblyErrors (0ms)
			InitializePlatformSupportModulesInManaged (3ms)
			SetLoadedEditorAssemblies (2ms)
			RefreshPlugins (0ms)
			BeforeProcessingInitializeOnLoad (31ms)
			ProcessInitializeOnLoadAttributes (113ms)
			ProcessInitializeOnLoadMethodAttributes (52ms)
			AfterProcessingInitializeOnLoad (1ms)
			EditorAssembliesLoaded (0ms)
		ExecutionOrderSort2 (0ms)
		AwakeInstancesAfterBackupRestoration (5ms)
Launched and connected shader compiler UnityShaderCompiler.exe after 0.05 seconds
Refreshing native plugins compatible for Editor in 0.77 ms, found 1 plugins.
Preloading 0 native plugins for Editor in 0.00 ms.
Unloading 2854 Unused Serialized files (Serialized files now loaded: 0)
Unloading 31 unused Assets / (341.6 KB). Loaded Objects now: 3328.
Memory consumption went from 113.8 MB to 113.5 MB.
Total: 2.342900 ms (FindLiveObjects: 0.154200 ms CreateObjectMapping: 0.061500 ms MarkObjects: 2.010500 ms  DeleteObjects: 0.115900 ms)

AssetImportParameters requested are different than current active one (requested -> active):
  custom:video-decoder-webm-vp8: 9c59270c3fd7afecdb556c50c9e8de78 -> 
  custom:container-demuxer-ogg: 62fdf1f143b41e24485cea50d1cbac27 -> 
  custom:AudioImporter_EditorPlatform: d09bf68614088b80899f8185d706f6e7 -> 
  custom:video-codec-MediaFoundation-h265: 746d11721c4dcdbdad8f713fa42b33f4 -> 
  custom:video-decoder-ogg-theora: a1e56fd34408186e4bbccfd4996cb3dc -> 
  custom:framework-win-MediaFoundation: 216162199b28c13a410421893ffa2e32 -> 
  custom:video-encoder-webm-vp8: eb34c28f22e8b96e1ab97ce403110664 -> 
  custom:audio-decoder-ogg-vorbis: bf7c407c2cedff20999df2af8eb42d56 -> 
  custom:CustomObjectIndexerAttribute: 756ad292c208cfabdd7b50bc23989ffe -> 
  custom:container-demuxer-webm: 4f35f7cbe854078d1ac9338744f61a02 -> 
  custom:audio-encoder-webm-vorbis: bf7c407c2cedff20999df2af8eb42d56 -> 
  custom:container-muxer-webm: aa71ff27fc2769a1b78a27578f13a17b -> 
========================================================================
Received Import Request.
  Time since last request: 696875.051672 seconds.
  path: Assets/Shaders/UnlitPass 1.hlsl
  artifactKey: Guid(92a96b9304c175248b632a5e9ef14560) Importer(815301076,1909f56bfc062723c751e8b465ee728b)
Start importing Assets/Shaders/UnlitPass 1.hlsl using Guid(92a96b9304c175248b632a5e9ef14560) Importer(815301076,1909f56bfc062723c751e8b465ee728b)  -> (artifact id: 'b63df878d2479a3b691a99c7e1a6392c') in 0.002819 seconds
Number of updated asset objects reloaded before import = 0
Number of asset objects unloaded after import = 1
========================================================================
Received Import Request.
  Time since last request: 3.438900 seconds.
  path: Assets/Shaders/LitPass.hlsl
  artifactKey: Guid(92a96b9304c175248b632a5e9ef14560) Importer(815301076,1909f56bfc062723c751e8b465ee728b)
Start importing Assets/Shaders/LitPass.hlsl using Guid(92a96b9304c175248b632a5e9ef14560) Importer(815301076,1909f56bfc062723c751e8b465ee728b)  -> (artifact id: '2e4fe066a476f077c41584173f2a81aa') in 0.000723 seconds
Number of updated asset objects reloaded before import = 0
Number of asset objects unloaded after import = 1
========================================================================
Received Import Request.
  Time since last request: 24.453059 seconds.
  path: Assets/Shaders/LitPass.hlsl
  artifactKey: Guid(92a96b9304c175248b632a5e9ef14560) Importer(815301076,1909f56bfc062723c751e8b465ee728b)
Start importing Assets/Shaders/LitPass.hlsl using Guid(92a96b9304c175248b632a5e9ef14560) Importer(815301076,1909f56bfc062723c751e8b465ee728b)  -> (artifact id: '5d29932df6b15b1483b32dcaa27c138c') in 0.000847 seconds
Number of updated asset objects reloaded before import = 0
Number of asset objects unloaded after import = 1
========================================================================
Received Import Request.
  Time since last request: 15.896029 seconds.
  path: Assets/Shaders/LitPass.hlsl
  artifactKey: Guid(92a96b9304c175248b632a5e9ef14560) Importer(815301076,1909f56bfc062723c751e8b465ee728b)
Start importing Assets/Shaders/LitPass.hlsl using Guid(92a96b9304c175248b632a5e9ef14560) Importer(815301076,1909f56bfc062723c751e8b465ee728b)  -> (artifact id: '0b313827dddc238026cbf078c54f3f70') in 0.000766 seconds
Number of updated asset objects reloaded before import = 0
Number of asset objects unloaded after import = 1
========================================================================
Received Import Request.
  Time since last request: 17.574654 seconds.
  path: Assets/Shaders/LitPass.hlsl
  artifactKey: Guid(92a96b9304c175248b632a5e9ef14560) Importer(815301076,1909f56bfc062723c751e8b465ee728b)
Start importing Assets/Shaders/LitPass.hlsl using Guid(92a96b9304c175248b632a5e9ef14560) Importer(815301076,1909f56bfc062723c751e8b465ee728b)  -> (artifact id: '40bd549a6c30682c5cdfc11a54fe9d56') in 0.000898 seconds
Number of updated asset objects reloaded before import = 0
Number of asset objects unloaded after import = 1
========================================================================
Received Import Request.
  Time since last request: 2.807043 seconds.
  path: Assets/Shaders/Unlit.shader
  artifactKey: Guid(bc096ec3ed6753d4ab5a4f7be69bc6b2) Importer(815301076,1909f56bfc062723c751e8b465ee728b)
Start importing Assets/Shaders/Unlit.shader using Guid(bc096ec3ed6753d4ab5a4f7be69bc6b2) Importer(815301076,1909f56bfc062723c751e8b465ee728b)  -> (artifact id: 'dd86a13af1cb1c58034e2753446383af') in 0.000749 seconds
Number of updated asset objects reloaded before import = 0
Number of asset objects unloaded after import = 0
========================================================================
Received Import Request.
  Time since last request: 0.886534 seconds.
  path: Assets/Shaders/Unlit 1.shader
  artifactKey: Guid(70dfba66f280e934c8c88c7dc10f5abc) Importer(815301076,1909f56bfc062723c751e8b465ee728b)
Start importing Assets/Shaders/Unlit 1.shader using Guid(70dfba66f280e934c8c88c7dc10f5abc) Importer(815301076,1909f56bfc062723c751e8b465ee728b)  -> (artifact id: '2240f3bbdef06ccc11a9a88d55c4e24b') in 0.003031 seconds
Number of updated asset objects reloaded before import = 0
Number of asset objects unloaded after import = 1
========================================================================
Received Import Request.
  Time since last request: 10.806090 seconds.
  path: Assets/Shaders/Lit.shader
  artifactKey: Guid(70dfba66f280e934c8c88c7dc10f5abc) Importer(815301076,1909f56bfc062723c751e8b465ee728b)
Start importing Assets/Shaders/Lit.shader using Guid(70dfba66f280e934c8c88c7dc10f5abc) Importer(815301076,1909f56bfc062723c751e8b465ee728b)  -> (artifact id: '444e36a89c4d422eb864085705ed9478') in 0.001233 seconds
Number of updated asset objects reloaded before import = 0
Number of asset objects unloaded after import = 1
========================================================================
Received Import Request.
  Time since last request: 8.621847 seconds.
  path: Assets/Shaders/Lit.shader
  artifactKey: Guid(70dfba66f280e934c8c88c7dc10f5abc) Importer(815301076,1909f56bfc062723c751e8b465ee728b)
Start importing Assets/Shaders/Lit.shader using Guid(70dfba66f280e934c8c88c7dc10f5abc) Importer(815301076,1909f56bfc062723c751e8b465ee728b)  -> (artifact id: '49e160c1902486817e3d54df309ef21d') in 0.001093 seconds
Number of updated asset objects reloaded before import = 0
Number of asset objects unloaded after import = 1
========================================================================
Received Import Request.
  Time since last request: 36.493526 seconds.
  path: Assets/Shaders/Lit.shader
  artifactKey: Guid(70dfba66f280e934c8c88c7dc10f5abc) Importer(815301076,1909f56bfc062723c751e8b465ee728b)
Start importing Assets/Shaders/Lit.shader using Guid(70dfba66f280e934c8c88c7dc10f5abc) Importer(815301076,1909f56bfc062723c751e8b465ee728b)  -> (artifact id: 'a8ce886a30d33114b84685aacef38528') in 0.001026 seconds
Number of updated asset objects reloaded before import = 0
Number of asset objects unloaded after import = 1
========================================================================
Received Import Request.
  Time since last request: 33.407687 seconds.
  path: Assets/Shaders/Lit.shader
  artifactKey: Guid(70dfba66f280e934c8c88c7dc10f5abc) Importer(815301076,1909f56bfc062723c751e8b465ee728b)
Start importing Assets/Shaders/Lit.shader using Guid(70dfba66f280e934c8c88c7dc10f5abc) Importer(815301076,1909f56bfc062723c751e8b465ee728b)  -> (artifact id: '9c4bc3d08bb519bef82c23097d405429') in 0.001232 seconds
Number of updated asset objects reloaded before import = 0
Number of asset objects unloaded after import = 1
========================================================================
Received Prepare
Begin MonoManager ReloadAssembly
Symbol file LoadedFromMemory doesn't match image D:\UnityHub\Project\CustomRP\Library\PackageCache\com.unity.visualscripting@1.8.0\Editor\VisualScripting.Core\Dependencies\YamlDotNet\Unity.VisualScripting.YamlDotNet.dll
Symbol file LoadedFromMemory doesn't match image D:\UnityHub\Project\CustomRP\Library\PackageCache\com.unity.visualscripting@1.8.0\Editor\VisualScripting.Core\Dependencies\DotNetZip\Unity.VisualScripting.IonicZip.dll
- Loaded All Assemblies, in  0.410 seconds
Refreshing native plugins compatible for Editor in 0.99 ms, found 1 plugins.
Native extension for WindowsStandalone target not found
Mono: successfully reloaded assembly
- Finished resetting the current domain, in  0.433 seconds
Domain Reload Profiling: 843ms
	BeginReloadAssembly (97ms)
		ExecutionOrderSort (0ms)
		DisableScriptedObjects (4ms)
		BackupInstance (0ms)
		ReleaseScriptingObjects (0ms)
		CreateAndSetChildDomain (24ms)
	RebuildCommonClasses (21ms)
	RebuildNativeTypeToScriptingClass (9ms)
	initialDomainReloadingComplete (18ms)
	LoadAllAssembliesAndSetupDomain (263ms)
		LoadAssemblies (141ms)
		RebuildTransferFunctionScriptingTraits (0ms)
		AnalyzeDomain (165ms)
			TypeCache.Refresh (160ms)
				TypeCache.ScanAssembly (154ms)
			ScanForSourceGeneratedMonoScriptInfo (2ms)
			ResolveRequiredComponents (3ms)
	FinalizeReload (433ms)
		ReleaseScriptCaches (0ms)
		RebuildScriptCaches (0ms)
		SetupLoadedEditorAssemblies (196ms)
			LogAssemblyErrors (0ms)
			InitializePlatformSupportModulesInManaged (4ms)
			SetLoadedEditorAssemblies (4ms)
			RefreshPlugins (0ms)
			BeforeProcessingInitializeOnLoad (32ms)
			ProcessInitializeOnLoadAttributes (102ms)
			ProcessInitializeOnLoadMethodAttributes (52ms)
			AfterProcessingInitializeOnLoad (2ms)
			EditorAssembliesLoaded (0ms)
		ExecutionOrderSort2 (0ms)
		AwakeInstancesAfterBackupRestoration (9ms)
Refreshing native plugins compatible for Editor in 0.75 ms, found 1 plugins.
Preloading 0 native plugins for Editor in 0.00 ms.
Unloading 2839 Unused Serialized files (Serialized files now loaded: 0)
Unloading 20 unused Assets / (339.9 KB). Loaded Objects now: 3332.
Memory consumption went from 111.1 MB to 110.8 MB.
Total: 2.304400 ms (FindLiveObjects: 0.142700 ms CreateObjectMapping: 0.056500 ms MarkObjects: 2.000300 ms  DeleteObjects: 0.102800 ms)

Prepare: number of updated asset objects reloaded= 0
AssetImportParameters requested are different than current active one (requested -> active):
  custom:video-decoder-webm-vp8: 9c59270c3fd7afecdb556c50c9e8de78 -> 
  custom:container-demuxer-ogg: 62fdf1f143b41e24485cea50d1cbac27 -> 
  custom:AudioImporter_EditorPlatform: d09bf68614088b80899f8185d706f6e7 -> 
  custom:video-codec-MediaFoundation-h265: 746d11721c4dcdbdad8f713fa42b33f4 -> 
  custom:video-decoder-ogg-theora: a1e56fd34408186e4bbccfd4996cb3dc -> 
  custom:framework-win-MediaFoundation: 216162199b28c13a410421893ffa2e32 -> 
  custom:video-encoder-webm-vp8: eb34c28f22e8b96e1ab97ce403110664 -> 
  custom:audio-decoder-ogg-vorbis: bf7c407c2cedff20999df2af8eb42d56 -> 
  custom:CustomObjectIndexerAttribute: 756ad292c208cfabdd7b50bc23989ffe -> 
  custom:container-demuxer-webm: 4f35f7cbe854078d1ac9338744f61a02 -> 
  custom:audio-encoder-webm-vorbis: bf7c407c2cedff20999df2af8eb42d56 -> 
  custom:container-muxer-webm: aa71ff27fc2769a1b78a27578f13a17b -> 
========================================================================
Received Prepare
Begin MonoManager ReloadAssembly
Symbol file LoadedFromMemory doesn't match image D:\UnityHub\Project\CustomRP\Library\PackageCache\com.unity.visualscripting@1.8.0\Editor\VisualScripting.Core\Dependencies\YamlDotNet\Unity.VisualScripting.YamlDotNet.dll
Symbol file LoadedFromMemory doesn't match image D:\UnityHub\Project\CustomRP\Library\PackageCache\com.unity.visualscripting@1.8.0\Editor\VisualScripting.Core\Dependencies\DotNetZip\Unity.VisualScripting.IonicZip.dll
- Loaded All Assemblies, in  0.388 seconds
Refreshing native plugins compatible for Editor in 0.79 ms, found 1 plugins.
Native extension for WindowsStandalone target not found
Mono: successfully reloaded assembly
- Finished resetting the current domain, in  0.408 seconds
Domain Reload Profiling: 796ms
	BeginReloadAssembly (98ms)
		ExecutionOrderSort (0ms)
		DisableScriptedObjects (3ms)
		BackupInstance (0ms)
		ReleaseScriptingObjects (0ms)
		CreateAndSetChildDomain (25ms)
	RebuildCommonClasses (22ms)
	RebuildNativeTypeToScriptingClass (8ms)
	initialDomainReloadingComplete (17ms)
	LoadAllAssembliesAndSetupDomain (242ms)
		LoadAssemblies (135ms)
		RebuildTransferFunctionScriptingTraits (0ms)
		AnalyzeDomain (149ms)
			TypeCache.Refresh (145ms)
				TypeCache.ScanAssembly (139ms)
			ScanForSourceGeneratedMonoScriptInfo (1ms)
			ResolveRequiredComponents (3ms)
	FinalizeReload (409ms)
		ReleaseScriptCaches (0ms)
		RebuildScriptCaches (0ms)
		SetupLoadedEditorAssemblies (182ms)
			LogAssemblyErrors (0ms)
			InitializePlatformSupportModulesInManaged (3ms)
			SetLoadedEditorAssemblies (2ms)
			RefreshPlugins (0ms)
			BeforeProcessingInitializeOnLoad (31ms)
			ProcessInitializeOnLoadAttributes (98ms)
			ProcessInitializeOnLoadMethodAttributes (46ms)
			AfterProcessingInitializeOnLoad (2ms)
			EditorAssembliesLoaded (0ms)
		ExecutionOrderSort2 (0ms)
		AwakeInstancesAfterBackupRestoration (5ms)
Refreshing native plugins compatible for Editor in 1.36 ms, found 1 plugins.
Preloading 0 native plugins for Editor in 0.00 ms.
Unloading 2840 Unused Serialized files (Serialized files now loaded: 0)
Unloading 20 unused Assets / (340.0 KB). Loaded Objects now: 3335.
Memory consumption went from 111.4 MB to 111.0 MB.
Total: 2.670300 ms (FindLiveObjects: 0.190300 ms CreateObjectMapping: 0.110600 ms MarkObjects: 2.241900 ms  DeleteObjects: 0.126600 ms)

Prepare: number of updated asset objects reloaded= 0
AssetImportParameters requested are different than current active one (requested -> active):
  custom:video-decoder-webm-vp8: 9c59270c3fd7afecdb556c50c9e8de78 -> 
  custom:container-demuxer-ogg: 62fdf1f143b41e24485cea50d1cbac27 -> 
  custom:AudioImporter_EditorPlatform: d09bf68614088b80899f8185d706f6e7 -> 
  custom:video-codec-MediaFoundation-h265: 746d11721c4dcdbdad8f713fa42b33f4 -> 
  custom:video-decoder-ogg-theora: a1e56fd34408186e4bbccfd4996cb3dc -> 
  custom:framework-win-MediaFoundation: 216162199b28c13a410421893ffa2e32 -> 
  custom:video-encoder-webm-vp8: eb34c28f22e8b96e1ab97ce403110664 -> 
  custom:audio-decoder-ogg-vorbis: bf7c407c2cedff20999df2af8eb42d56 -> 
  custom:CustomObjectIndexerAttribute: 756ad292c208cfabdd7b50bc23989ffe -> 
  custom:container-demuxer-webm: 4f35f7cbe854078d1ac9338744f61a02 -> 
  custom:audio-encoder-webm-vorbis: bf7c407c2cedff20999df2af8eb42d56 -> 
  custom:container-muxer-webm: aa71ff27fc2769a1b78a27578f13a17b -> 
========================================================================
Received Import Request.
  Time since last request: 1557.949049 seconds.
  path: Assets/CustomRP/ShaderLibrary/Surface.hlsl
  artifactKey: Guid(1ebbb06fcf35fcb4f8fea1fbf17d04d0) Importer(815301076,1909f56bfc062723c751e8b465ee728b)
Start importing Assets/CustomRP/ShaderLibrary/Surface.hlsl using Guid(1ebbb06fcf35fcb4f8fea1fbf17d04d0) Importer(815301076,1909f56bfc062723c751e8b465ee728b)  -> (artifact id: '571fc0f7763b81ea28617bdb9131b0bd') in 0.006458 seconds
Number of updated asset objects reloaded before import = 0
Number of asset objects unloaded after import = 1
========================================================================
Received Import Request.
  Time since last request: 8.206251 seconds.
  path: Assets/CustomRP/ShaderLibrary/Surface.hlsl
  artifactKey: Guid(1ebbb06fcf35fcb4f8fea1fbf17d04d0) Importer(815301076,1909f56bfc062723c751e8b465ee728b)
Start importing Assets/CustomRP/ShaderLibrary/Surface.hlsl using Guid(1ebbb06fcf35fcb4f8fea1fbf17d04d0) Importer(815301076,1909f56bfc062723c751e8b465ee728b)  -> (artifact id: '32ad7488c5bfe481c6c9deab0bb60882') in 0.000774 seconds
Number of updated asset objects reloaded before import = 0
Number of asset objects unloaded after import = 1
========================================================================
Received Import Request.
  Time since last request: 65.102620 seconds.
  path: Assets/Shaders/Lit.shader
  artifactKey: Guid(70dfba66f280e934c8c88c7dc10f5abc) Importer(815301076,1909f56bfc062723c751e8b465ee728b)
Start importing Assets/Shaders/Lit.shader using Guid(70dfba66f280e934c8c88c7dc10f5abc) Importer(815301076,1909f56bfc062723c751e8b465ee728b)  -> (artifact id: '20c364928b82783e4fcb92ed6e2921ca') in 0.001106 seconds
Number of updated asset objects reloaded before import = 0
Number of asset objects unloaded after import = 1
========================================================================
Received Import Request.
  Time since last request: 259.262216 seconds.
  path: Assets/CustomRP/ShaderLibrary/Common.hlsl
  artifactKey: Guid(6c4527e00f153614e827441359bbe434) Importer(815301076,1909f56bfc062723c751e8b465ee728b)
Start importing Assets/CustomRP/ShaderLibrary/Common.hlsl using Guid(6c4527e00f153614e827441359bbe434) Importer(815301076,1909f56bfc062723c751e8b465ee728b)  -> (artifact id: '3cdf01ff8cac8ff56dcf7b5a4c2c5479') in 0.001007 seconds
Number of updated asset objects reloaded before import = 0
Number of asset objects unloaded after import = 1
========================================================================
Received Import Request.
  Time since last request: 0.503116 seconds.
  path: Assets/CustomRP/ShaderLibrary/Lighting.hlsl
  artifactKey: Guid(7c5d5ceaf28a9f6429791f7465bf344f) Importer(815301076,1909f56bfc062723c751e8b465ee728b)
Start importing Assets/CustomRP/ShaderLibrary/Lighting.hlsl using Guid(7c5d5ceaf28a9f6429791f7465bf344f) Importer(815301076,1909f56bfc062723c751e8b465ee728b)  -> (artifact id: '02f87a87835f0702d068d763533deac7') in 0.000722 seconds
Number of updated asset objects reloaded before import = 0
Number of asset objects unloaded after import = 1
========================================================================
Received Import Request.
  Time since last request: 20.752152 seconds.
  path: Assets/CustomRP/ShaderLibrary/Lighting.hlsl
  artifactKey: Guid(7c5d5ceaf28a9f6429791f7465bf344f) Importer(815301076,1909f56bfc062723c751e8b465ee728b)
Start importing Assets/CustomRP/ShaderLibrary/Lighting.hlsl using Guid(7c5d5ceaf28a9f6429791f7465bf344f) Importer(815301076,1909f56bfc062723c751e8b465ee728b)  -> (artifact id: 'bd3136ee7722fa0dad8428673fb71aea') in 0.000799 seconds
Number of updated asset objects reloaded before import = 0
Number of asset objects unloaded after import = 1
========================================================================
Received Import Request.
  Time since last request: 51.610434 seconds.
  path: Assets/CustomRP/ShaderLibrary/Lighting.hlsl
  artifactKey: Guid(7c5d5ceaf28a9f6429791f7465bf344f) Importer(815301076,1909f56bfc062723c751e8b465ee728b)
Start importing Assets/CustomRP/ShaderLibrary/Lighting.hlsl using Guid(7c5d5ceaf28a9f6429791f7465bf344f) Importer(815301076,1909f56bfc062723c751e8b465ee728b)  -> (artifact id: 'bdd7d7dbd0621ac75f80be3beccffe09') in 0.000964 seconds
Number of updated asset objects reloaded before import = 0
Number of asset objects unloaded after import = 1
========================================================================
Received Import Request.
  Time since last request: 17.962530 seconds.
  path: Assets/CustomRP/ShaderLibrary/Lighting.hlsl
  artifactKey: Guid(7c5d5ceaf28a9f6429791f7465bf344f) Importer(815301076,1909f56bfc062723c751e8b465ee728b)
Start importing Assets/CustomRP/ShaderLibrary/Lighting.hlsl using Guid(7c5d5ceaf28a9f6429791f7465bf344f) Importer(815301076,1909f56bfc062723c751e8b465ee728b)  -> (artifact id: '64c94db41c877e7583be3884f66dd70f') in 0.000793 seconds
Number of updated asset objects reloaded before import = 0
Number of asset objects unloaded after import = 1
========================================================================
Received Import Request.
  Time since last request: 156.479527 seconds.
  path: Assets/CustomRP/ShaderLibrary/Light.hlsl
  artifactKey: Guid(e3fbba92f45ecb54a88fb63bdfbcabe1) Importer(815301076,1909f56bfc062723c751e8b465ee728b)
Start importing Assets/CustomRP/ShaderLibrary/Light.hlsl using Guid(e3fbba92f45ecb54a88fb63bdfbcabe1) Importer(815301076,1909f56bfc062723c751e8b465ee728b)  -> (artifact id: '8a67681e1f54c1c5637293732a53bc41') in 0.001223 seconds
Number of updated asset objects reloaded before import = 0
Number of asset objects unloaded after import = 1
========================================================================
Received Import Request.
  Time since last request: 8.009989 seconds.
  path: Assets/CustomRP/ShaderLibrary/Light.hlsl
  artifactKey: Guid(e3fbba92f45ecb54a88fb63bdfbcabe1) Importer(815301076,1909f56bfc062723c751e8b465ee728b)
Start importing Assets/CustomRP/ShaderLibrary/Light.hlsl using Guid(e3fbba92f45ecb54a88fb63bdfbcabe1) Importer(815301076,1909f56bfc062723c751e8b465ee728b)  -> (artifact id: 'd182816ba018c632f465123ac100e229') in 0.000719 seconds
Number of updated asset objects reloaded before import = 0
Number of asset objects unloaded after import = 1
========================================================================
Received Import Request.
  Time since last request: 486.535451 seconds.
  path: Assets/CustomRP/Runtime/Lighting.cs
  artifactKey: Guid(98ae4963f0b436048990d0bd05810470) Importer(815301076,1909f56bfc062723c751e8b465ee728b)
Start importing Assets/CustomRP/Runtime/Lighting.cs using Guid(98ae4963f0b436048990d0bd05810470) Importer(815301076,1909f56bfc062723c751e8b465ee728b)  -> (artifact id: '61d393a49ee8c78e346f2c973563327f') in 0.000592 seconds
Number of updated asset objects reloaded before import = 0
Number of asset objects unloaded after import = 0
========================================================================
Received Prepare
Begin MonoManager ReloadAssembly
Symbol file LoadedFromMemory doesn't match image D:\UnityHub\Project\CustomRP\Library\PackageCache\com.unity.visualscripting@1.8.0\Editor\VisualScripting.Core\Dependencies\YamlDotNet\Unity.VisualScripting.YamlDotNet.dll
Symbol file LoadedFromMemory doesn't match image D:\UnityHub\Project\CustomRP\Library\PackageCache\com.unity.visualscripting@1.8.0\Editor\VisualScripting.Core\Dependencies\DotNetZip\Unity.VisualScripting.IonicZip.dll
- Loaded All Assemblies, in  0.475 seconds
Refreshing native plugins compatible for Editor in 0.98 ms, found 1 plugins.
Native extension for WindowsStandalone target not found
Mono: successfully reloaded assembly
- Finished resetting the current domain, in  0.438 seconds
Domain Reload Profiling: 913ms
	BeginReloadAssembly (121ms)
		ExecutionOrderSort (0ms)
		DisableScriptedObjects (3ms)
		BackupInstance (0ms)
		ReleaseScriptingObjects (0ms)
		CreateAndSetChildDomain (31ms)
	RebuildCommonClasses (29ms)
	RebuildNativeTypeToScriptingClass (7ms)
	initialDomainReloadingComplete (19ms)
	LoadAllAssembliesAndSetupDomain (299ms)
		LoadAssemblies (174ms)
		RebuildTransferFunctionScriptingTraits (0ms)
		AnalyzeDomain (180ms)
			TypeCache.Refresh (174ms)
				TypeCache.ScanAssembly (164ms)
			ScanForSourceGeneratedMonoScriptInfo (3ms)
			ResolveRequiredComponents (3ms)
	FinalizeReload (438ms)
		ReleaseScriptCaches (0ms)
		RebuildScriptCaches (0ms)
		SetupLoadedEditorAssemblies (184ms)
			LogAssemblyErrors (0ms)
			InitializePlatformSupportModulesInManaged (4ms)
			SetLoadedEditorAssemblies (3ms)
			RefreshPlugins (0ms)
			BeforeProcessingInitializeOnLoad (32ms)
			ProcessInitializeOnLoadAttributes (97ms)
			ProcessInitializeOnLoadMethodAttributes (46ms)
			AfterProcessingInitializeOnLoad (2ms)
			EditorAssembliesLoaded (0ms)
		ExecutionOrderSort2 (0ms)
		AwakeInstancesAfterBackupRestoration (5ms)
Refreshing native plugins compatible for Editor in 0.78 ms, found 1 plugins.
Preloading 0 native plugins for Editor in 0.00 ms.
Unloading 2840 Unused Serialized files (Serialized files now loaded: 0)
Unloading 20 unused Assets / (340.0 KB). Loaded Objects now: 3339.
Memory consumption went from 111.1 MB to 110.8 MB.
Total: 2.593200 ms (FindLiveObjects: 0.159300 ms CreateObjectMapping: 0.071200 ms MarkObjects: 2.240400 ms  DeleteObjects: 0.121300 ms)

Prepare: number of updated asset objects reloaded= 0
AssetImportParameters requested are different than current active one (requested -> active):
  custom:video-decoder-webm-vp8: 9c59270c3fd7afecdb556c50c9e8de78 -> 
  custom:container-demuxer-ogg: 62fdf1f143b41e24485cea50d1cbac27 -> 
  custom:AudioImporter_EditorPlatform: d09bf68614088b80899f8185d706f6e7 -> 
  custom:video-codec-MediaFoundation-h265: 746d11721c4dcdbdad8f713fa42b33f4 -> 
  custom:video-decoder-ogg-theora: a1e56fd34408186e4bbccfd4996cb3dc -> 
  custom:framework-win-MediaFoundation: 216162199b28c13a410421893ffa2e32 -> 
  custom:video-encoder-webm-vp8: eb34c28f22e8b96e1ab97ce403110664 -> 
  custom:audio-decoder-ogg-vorbis: bf7c407c2cedff20999df2af8eb42d56 -> 
  custom:CustomObjectIndexerAttribute: 756ad292c208cfabdd7b50bc23989ffe -> 
  custom:container-demuxer-webm: 4f35f7cbe854078d1ac9338744f61a02 -> 
  custom:audio-encoder-webm-vorbis: bf7c407c2cedff20999df2af8eb42d56 -> 
  custom:container-muxer-webm: aa71ff27fc2769a1b78a27578f13a17b -> 
========================================================================
Received Import Request.
  Time since last request: 8.790203 seconds.
  path: Assets/CustomRP/Runtime/Lighting.cs
  artifactKey: Guid(98ae4963f0b436048990d0bd05810470) Importer(815301076,1909f56bfc062723c751e8b465ee728b)
Start importing Assets/CustomRP/Runtime/Lighting.cs using Guid(98ae4963f0b436048990d0bd05810470) Importer(815301076,1909f56bfc062723c751e8b465ee728b)  -> (artifact id: '00000000000000000000000000000000') in 0.002681 seconds
Import Error Code:(4)
Message: Build asset version error: assets/customrp/runtime/lighting.cs in SourceAssetDB has modification time of '2024-09-18T03:50:32.1130814Z' while content on disk has modification time of '2024-09-18T03:50:41.0316514Z'
  ERROR: Build asset version error: assets/customrp/runtime/lighting.cs in SourceAssetDB has modification time of '2024-09-18T03:50:32.1130814Z' while content on disk has modification time of '2024-09-18T03:50:41.0316514Z'
Number of updated asset objects reloaded before import = 0
Number of asset objects unloaded after import = 0
========================================================================
Received Import Request.
  Time since last request: 0.000126 seconds.
  path: Assets/CustomRP/Runtime/Lighting.cs
  artifactKey: Guid(98ae4963f0b436048990d0bd05810470) Importer(815301076,1909f56bfc062723c751e8b465ee728b)
Start importing Assets/CustomRP/Runtime/Lighting.cs using Guid(98ae4963f0b436048990d0bd05810470) Importer(815301076,1909f56bfc062723c751e8b465ee728b)  -> (artifact id: '00000000000000000000000000000000') in 0.000285 seconds
Import Error Code:(4)
Message: Build asset version error: assets/customrp/runtime/lighting.cs in SourceAssetDB has modification time of '2024-09-18T03:50:32.1130814Z' while content on disk has modification time of '2024-09-18T03:50:41.0316514Z'
  ERROR: Build asset version error: assets/customrp/runtime/lighting.cs in SourceAssetDB has modification time of '2024-09-18T03:50:32.1130814Z' while content on disk has modification time of '2024-09-18T03:50:41.0316514Z'
Number of updated asset objects reloaded before import = 0
Number of asset objects unloaded after import = 0
========================================================================
Received Import Request.
  Time since last request: 0.002686 seconds.
  path: Assets/CustomRP/Runtime/Lighting.cs
  artifactKey: Guid(98ae4963f0b436048990d0bd05810470) Importer(815301076,1909f56bfc062723c751e8b465ee728b)
Start importing Assets/CustomRP/Runtime/Lighting.cs using Guid(98ae4963f0b436048990d0bd05810470) Importer(815301076,1909f56bfc062723c751e8b465ee728b)  -> (artifact id: '00000000000000000000000000000000') in 0.000297 seconds
Import Error Code:(4)
Message: Build asset version error: assets/customrp/runtime/lighting.cs in SourceAssetDB has modification time of '2024-09-18T03:50:32.1130814Z' while content on disk has modification time of '2024-09-18T03:50:41.0316514Z'
  ERROR: Build asset version error: assets/customrp/runtime/lighting.cs in SourceAssetDB has modification time of '2024-09-18T03:50:32.1130814Z' while content on disk has modification time of '2024-09-18T03:50:41.0316514Z'
Number of updated asset objects reloaded before import = 0
Number of asset objects unloaded after import = 0
========================================================================
Received Import Request.
  Time since last request: 0.004947 seconds.
  path: Assets/CustomRP/Runtime/Lighting.cs
  artifactKey: Guid(98ae4963f0b436048990d0bd05810470) Importer(815301076,1909f56bfc062723c751e8b465ee728b)
Start importing Assets/CustomRP/Runtime/Lighting.cs using Guid(98ae4963f0b436048990d0bd05810470) Importer(815301076,1909f56bfc062723c751e8b465ee728b)  -> (artifact id: '00000000000000000000000000000000') in 0.000350 seconds
Import Error Code:(4)
Message: Build asset version error: assets/customrp/runtime/lighting.cs in SourceAssetDB has modification time of '2024-09-18T03:50:32.1130814Z' while content on disk has modification time of '2024-09-18T03:50:41.0316514Z'
  ERROR: Build asset version error: assets/customrp/runtime/lighting.cs in SourceAssetDB has modification time of '2024-09-18T03:50:32.1130814Z' while content on disk has modification time of '2024-09-18T03:50:41.0316514Z'
Number of updated asset objects reloaded before import = 0
Number of asset objects unloaded after import = 0
========================================================================
Received Import Request.
  Time since last request: 0.004254 seconds.
  path: Assets/CustomRP/Runtime/Lighting.cs
  artifactKey: Guid(98ae4963f0b436048990d0bd05810470) Importer(815301076,1909f56bfc062723c751e8b465ee728b)
Start importing Assets/CustomRP/Runtime/Lighting.cs using Guid(98ae4963f0b436048990d0bd05810470) Importer(815301076,1909f56bfc062723c751e8b465ee728b)  -> (artifact id: '00000000000000000000000000000000') in 0.000305 seconds
Import Error Code:(4)
Message: Build asset version error: assets/customrp/runtime/lighting.cs in SourceAssetDB has modification time of '2024-09-18T03:50:32.1130814Z' while content on disk has modification time of '2024-09-18T03:50:41.0316514Z'
  ERROR: Build asset version error: assets/customrp/runtime/lighting.cs in SourceAssetDB has modification time of '2024-09-18T03:50:32.1130814Z' while content on disk has modification time of '2024-09-18T03:50:41.0316514Z'
Number of updated asset objects reloaded before import = 0
Number of asset objects unloaded after import = 0
========================================================================
Received Import Request.
  Time since last request: 0.003570 seconds.
  path: Assets/CustomRP/Runtime/Lighting.cs
  artifactKey: Guid(98ae4963f0b436048990d0bd05810470) Importer(815301076,1909f56bfc062723c751e8b465ee728b)
Start importing Assets/CustomRP/Runtime/Lighting.cs using Guid(98ae4963f0b436048990d0bd05810470) Importer(815301076,1909f56bfc062723c751e8b465ee728b)  -> (artifact id: '00000000000000000000000000000000') in 0.000272 seconds
Import Error Code:(4)
Message: Build asset version error: assets/customrp/runtime/lighting.cs in SourceAssetDB has modification time of '2024-09-18T03:50:32.1130814Z' while content on disk has modification time of '2024-09-18T03:50:41.0316514Z'
  ERROR: Build asset version error: assets/customrp/runtime/lighting.cs in SourceAssetDB has modification time of '2024-09-18T03:50:32.1130814Z' while content on disk has modification time of '2024-09-18T03:50:41.0316514Z'
Number of updated asset objects reloaded before import = 0
Number of asset objects unloaded after import = 0
========================================================================
Received Import Request.
  Time since last request: 0.003661 seconds.
  path: Assets/CustomRP/Runtime/Lighting.cs
  artifactKey: Guid(98ae4963f0b436048990d0bd05810470) Importer(815301076,1909f56bfc062723c751e8b465ee728b)
Start importing Assets/CustomRP/Runtime/Lighting.cs using Guid(98ae4963f0b436048990d0bd05810470) Importer(815301076,1909f56bfc062723c751e8b465ee728b)  -> (artifact id: '00000000000000000000000000000000') in 0.000411 seconds
Import Error Code:(4)
Message: Build asset version error: assets/customrp/runtime/lighting.cs in SourceAssetDB has modification time of '2024-09-18T03:50:32.1130814Z' while content on disk has modification time of '2024-09-18T03:50:41.0316514Z'
  ERROR: Build asset version error: assets/customrp/runtime/lighting.cs in SourceAssetDB has modification time of '2024-09-18T03:50:32.1130814Z' while content on disk has modification time of '2024-09-18T03:50:41.0316514Z'
Number of updated asset objects reloaded before import = 0
Number of asset objects unloaded after import = 0
========================================================================
Received Import Request.
  Time since last request: 0.004556 seconds.
  path: Assets/CustomRP/Runtime/Lighting.cs
  artifactKey: Guid(98ae4963f0b436048990d0bd05810470) Importer(815301076,1909f56bfc062723c751e8b465ee728b)
Start importing Assets/CustomRP/Runtime/Lighting.cs using Guid(98ae4963f0b436048990d0bd05810470) Importer(815301076,1909f56bfc062723c751e8b465ee728b)  -> (artifact id: '00000000000000000000000000000000') in 0.000329 seconds
Import Error Code:(4)
Message: Build asset version error: assets/customrp/runtime/lighting.cs in SourceAssetDB has modification time of '2024-09-18T03:50:32.1130814Z' while content on disk has modification time of '2024-09-18T03:50:41.0316514Z'
  ERROR: Build asset version error: assets/customrp/runtime/lighting.cs in SourceAssetDB has modification time of '2024-09-18T03:50:32.1130814Z' while content on disk has modification time of '2024-09-18T03:50:41.0316514Z'
Number of updated asset objects reloaded before import = 0
Number of asset objects unloaded after import = 0
========================================================================
Received Import Request.
  Time since last request: 0.003875 seconds.
  path: Assets/CustomRP/Runtime/Lighting.cs
  artifactKey: Guid(98ae4963f0b436048990d0bd05810470) Importer(815301076,1909f56bfc062723c751e8b465ee728b)
Start importing Assets/CustomRP/Runtime/Lighting.cs using Guid(98ae4963f0b436048990d0bd05810470) Importer(815301076,1909f56bfc062723c751e8b465ee728b)  -> (artifact id: '00000000000000000000000000000000') in 0.000319 seconds
Import Error Code:(4)
Message: Build asset version error: assets/customrp/runtime/lighting.cs in SourceAssetDB has modification time of '2024-09-18T03:50:32.1130814Z' while content on disk has modification time of '2024-09-18T03:50:41.0316514Z'
  ERROR: Build asset version error: assets/customrp/runtime/lighting.cs in SourceAssetDB has modification time of '2024-09-18T03:50:32.1130814Z' while content on disk has modification time of '2024-09-18T03:50:41.0316514Z'
Number of updated asset objects reloaded before import = 0
Number of asset objects unloaded after import = 0
========================================================================
Received Import Request.
  Time since last request: 0.004067 seconds.
  path: Assets/CustomRP/Runtime/Lighting.cs
  artifactKey: Guid(98ae4963f0b436048990d0bd05810470) Importer(815301076,1909f56bfc062723c751e8b465ee728b)
Start importing Assets/CustomRP/Runtime/Lighting.cs using Guid(98ae4963f0b436048990d0bd05810470) Importer(815301076,1909f56bfc062723c751e8b465ee728b)  -> (artifact id: '00000000000000000000000000000000') in 0.000339 seconds
Import Error Code:(4)
Message: Build asset version error: assets/customrp/runtime/lighting.cs in SourceAssetDB has modification time of '2024-09-18T03:50:32.1130814Z' while content on disk has modification time of '2024-09-18T03:50:41.0316514Z'
  ERROR: Build asset version error: assets/customrp/runtime/lighting.cs in SourceAssetDB has modification time of '2024-09-18T03:50:32.1130814Z' while content on disk has modification time of '2024-09-18T03:50:41.0316514Z'
Number of updated asset objects reloaded before import = 0
Number of asset objects unloaded after import = 0
========================================================================
Received Import Request.
  Time since last request: 0.005272 seconds.
  path: Assets/CustomRP/Runtime/Lighting.cs
  artifactKey: Guid(98ae4963f0b436048990d0bd05810470) Importer(815301076,1909f56bfc062723c751e8b465ee728b)
Start importing Assets/CustomRP/Runtime/Lighting.cs using Guid(98ae4963f0b436048990d0bd05810470) Importer(815301076,1909f56bfc062723c751e8b465ee728b)  -> (artifact id: '00000000000000000000000000000000') in 0.000349 seconds
Import Error Code:(4)
Message: Build asset version error: assets/customrp/runtime/lighting.cs in SourceAssetDB has modification time of '2024-09-18T03:50:32.1130814Z' while content on disk has modification time of '2024-09-18T03:50:41.0316514Z'
  ERROR: Build asset version error: assets/customrp/runtime/lighting.cs in SourceAssetDB has modification time of '2024-09-18T03:50:32.1130814Z' while content on disk has modification time of '2024-09-18T03:50:41.0316514Z'
Number of updated asset objects reloaded before import = 0
Number of asset objects unloaded after import = 0
========================================================================
Received Import Request.
  Time since last request: 0.004197 seconds.
  path: Assets/CustomRP/Runtime/Lighting.cs
  artifactKey: Guid(98ae4963f0b436048990d0bd05810470) Importer(815301076,1909f56bfc062723c751e8b465ee728b)
Start importing Assets/CustomRP/Runtime/Lighting.cs using Guid(98ae4963f0b436048990d0bd05810470) Importer(815301076,1909f56bfc062723c751e8b465ee728b)  -> (artifact id: '00000000000000000000000000000000') in 0.000324 seconds
Import Error Code:(4)
Message: Build asset version error: assets/customrp/runtime/lighting.cs in SourceAssetDB has modification time of '2024-09-18T03:50:32.1130814Z' while content on disk has modification time of '2024-09-18T03:50:41.0316514Z'
  ERROR: Build asset version error: assets/customrp/runtime/lighting.cs in SourceAssetDB has modification time of '2024-09-18T03:50:32.1130814Z' while content on disk has modification time of '2024-09-18T03:50:41.0316514Z'
Number of updated asset objects reloaded before import = 0
Number of asset objects unloaded after import = 0
========================================================================
Received Import Request.
  Time since last request: 0.004159 seconds.
  path: Assets/CustomRP/Runtime/Lighting.cs
  artifactKey: Guid(98ae4963f0b436048990d0bd05810470) Importer(815301076,1909f56bfc062723c751e8b465ee728b)
Start importing Assets/CustomRP/Runtime/Lighting.cs using Guid(98ae4963f0b436048990d0bd05810470) Importer(815301076,1909f56bfc062723c751e8b465ee728b)  -> (artifact id: '00000000000000000000000000000000') in 0.000312 seconds
Import Error Code:(4)
Message: Build asset version error: assets/customrp/runtime/lighting.cs in SourceAssetDB has modification time of '2024-09-18T03:50:32.1130814Z' while content on disk has modification time of '2024-09-18T03:50:41.0316514Z'
  ERROR: Build asset version error: assets/customrp/runtime/lighting.cs in SourceAssetDB has modification time of '2024-09-18T03:50:32.1130814Z' while content on disk has modification time of '2024-09-18T03:50:41.0316514Z'
Number of updated asset objects reloaded before import = 0
Number of asset objects unloaded after import = 0
========================================================================
Received Import Request.
  Time since last request: 0.004742 seconds.
  path: Assets/CustomRP/Runtime/Lighting.cs
  artifactKey: Guid(98ae4963f0b436048990d0bd05810470) Importer(815301076,1909f56bfc062723c751e8b465ee728b)
Start importing Assets/CustomRP/Runtime/Lighting.cs using Guid(98ae4963f0b436048990d0bd05810470) Importer(815301076,1909f56bfc062723c751e8b465ee728b)  -> (artifact id: '00000000000000000000000000000000') in 0.000365 seconds
Import Error Code:(4)
Message: Build asset version error: assets/customrp/runtime/lighting.cs in SourceAssetDB has modification time of '2024-09-18T03:50:32.1130814Z' while content on disk has modification time of '2024-09-18T03:50:41.0316514Z'
  ERROR: Build asset version error: assets/customrp/runtime/lighting.cs in SourceAssetDB has modification time of '2024-09-18T03:50:32.1130814Z' while content on disk has modification time of '2024-09-18T03:50:41.0316514Z'
Number of updated asset objects reloaded before import = 0
Number of asset objects unloaded after import = 0
========================================================================
Received Import Request.
  Time since last request: 0.004110 seconds.
  path: Assets/CustomRP/Runtime/Lighting.cs
  artifactKey: Guid(98ae4963f0b436048990d0bd05810470) Importer(815301076,1909f56bfc062723c751e8b465ee728b)
Start importing Assets/CustomRP/Runtime/Lighting.cs using Guid(98ae4963f0b436048990d0bd05810470) Importer(815301076,1909f56bfc062723c751e8b465ee728b)  -> (artifact id: '00000000000000000000000000000000') in 0.000322 seconds
Import Error Code:(4)
Message: Build asset version error: assets/customrp/runtime/lighting.cs in SourceAssetDB has modification time of '2024-09-18T03:50:32.1130814Z' while content on disk has modification time of '2024-09-18T03:50:41.0316514Z'
  ERROR: Build asset version error: assets/customrp/runtime/lighting.cs in SourceAssetDB has modification time of '2024-09-18T03:50:32.1130814Z' while content on disk has modification time of '2024-09-18T03:50:41.0316514Z'
Number of updated asset objects reloaded before import = 0
Number of asset objects unloaded after import = 0
========================================================================
Received Import Request.
  Time since last request: 0.003914 seconds.
  path: Assets/CustomRP/Runtime/Lighting.cs
  artifactKey: Guid(98ae4963f0b436048990d0bd05810470) Importer(815301076,1909f56bfc062723c751e8b465ee728b)
Start importing Assets/CustomRP/Runtime/Lighting.cs using Guid(98ae4963f0b436048990d0bd05810470) Importer(815301076,1909f56bfc062723c751e8b465ee728b)  -> (artifact id: '00000000000000000000000000000000') in 0.000328 seconds
Import Error Code:(4)
Message: Build asset version error: assets/customrp/runtime/lighting.cs in SourceAssetDB has modification time of '2024-09-18T03:50:32.1130814Z' while content on disk has modification time of '2024-09-18T03:50:41.0316514Z'
  ERROR: Build asset version error: assets/customrp/runtime/lighting.cs in SourceAssetDB has modification time of '2024-09-18T03:50:32.1130814Z' while content on disk has modification time of '2024-09-18T03:50:41.0316514Z'
Number of updated asset objects reloaded before import = 0
Number of asset objects unloaded after import = 0
========================================================================
Received Import Request.
  Time since last request: 0.005159 seconds.
  path: Assets/CustomRP/Runtime/Lighting.cs
  artifactKey: Guid(98ae4963f0b436048990d0bd05810470) Importer(815301076,1909f56bfc062723c751e8b465ee728b)
Start importing Assets/CustomRP/Runtime/Lighting.cs using Guid(98ae4963f0b436048990d0bd05810470) Importer(815301076,1909f56bfc062723c751e8b465ee728b)  -> (artifact id: '00000000000000000000000000000000') in 0.000336 seconds
Import Error Code:(4)
Message: Build asset version error: assets/customrp/runtime/lighting.cs in SourceAssetDB has modification time of '2024-09-18T03:50:32.1130814Z' while content on disk has modification time of '2024-09-18T03:50:41.0316514Z'
  ERROR: Build asset version error: assets/customrp/runtime/lighting.cs in SourceAssetDB has modification time of '2024-09-18T03:50:32.1130814Z' while content on disk has modification time of '2024-09-18T03:50:41.0316514Z'
Number of updated asset objects reloaded before import = 0
Number of asset objects unloaded after import = 0
========================================================================
Received Import Request.
  Time since last request: 0.003982 seconds.
  path: Assets/CustomRP/Runtime/Lighting.cs
  artifactKey: Guid(98ae4963f0b436048990d0bd05810470) Importer(815301076,1909f56bfc062723c751e8b465ee728b)
Start importing Assets/CustomRP/Runtime/Lighting.cs using Guid(98ae4963f0b436048990d0bd05810470) Importer(815301076,1909f56bfc062723c751e8b465ee728b)  -> (artifact id: '00000000000000000000000000000000') in 0.000327 seconds
Import Error Code:(4)
Message: Build asset version error: assets/customrp/runtime/lighting.cs in SourceAssetDB has modification time of '2024-09-18T03:50:32.1130814Z' while content on disk has modification time of '2024-09-18T03:50:41.0316514Z'
  ERROR: Build asset version error: assets/customrp/runtime/lighting.cs in SourceAssetDB has modification time of '2024-09-18T03:50:32.1130814Z' while content on disk has modification time of '2024-09-18T03:50:41.0316514Z'
Number of updated asset objects reloaded before import = 0
Number of asset objects unloaded after import = 0
========================================================================
Received Import Request.
  Time since last request: 0.004095 seconds.
  path: Assets/CustomRP/Runtime/Lighting.cs
  artifactKey: Guid(98ae4963f0b436048990d0bd05810470) Importer(815301076,1909f56bfc062723c751e8b465ee728b)
Start importing Assets/CustomRP/Runtime/Lighting.cs using Guid(98ae4963f0b436048990d0bd05810470) Importer(815301076,1909f56bfc062723c751e8b465ee728b)  -> (artifact id: '00000000000000000000000000000000') in 0.000333 seconds
Import Error Code:(4)
Message: Build asset version error: assets/customrp/runtime/lighting.cs in SourceAssetDB has modification time of '2024-09-18T03:50:32.1130814Z' while content on disk has modification time of '2024-09-18T03:50:41.0316514Z'
  ERROR: Build asset version error: assets/customrp/runtime/lighting.cs in SourceAssetDB has modification time of '2024-09-18T03:50:32.1130814Z' while content on disk has modification time of '2024-09-18T03:50:41.0316514Z'
Number of updated asset objects reloaded before import = 0
Number of asset objects unloaded after import = 0
========================================================================
Received Import Request.
  Time since last request: 0.005430 seconds.
  path: Assets/CustomRP/Runtime/Lighting.cs
  artifactKey: Guid(98ae4963f0b436048990d0bd05810470) Importer(815301076,1909f56bfc062723c751e8b465ee728b)
Start importing Assets/CustomRP/Runtime/Lighting.cs using Guid(98ae4963f0b436048990d0bd05810470) Importer(815301076,1909f56bfc062723c751e8b465ee728b)  -> (artifact id: '00000000000000000000000000000000') in 0.000331 seconds
Import Error Code:(4)
Message: Build asset version error: assets/customrp/runtime/lighting.cs in SourceAssetDB has modification time of '2024-09-18T03:50:32.1130814Z' while content on disk has modification time of '2024-09-18T03:50:41.0316514Z'
  ERROR: Build asset version error: assets/customrp/runtime/lighting.cs in SourceAssetDB has modification time of '2024-09-18T03:50:32.1130814Z' while content on disk has modification time of '2024-09-18T03:50:41.0316514Z'
Number of updated asset objects reloaded before import = 0
Number of asset objects unloaded after import = 0
========================================================================
Received Import Request.
  Time since last request: 0.003956 seconds.
  path: Assets/CustomRP/Runtime/Lighting.cs
  artifactKey: Guid(98ae4963f0b436048990d0bd05810470) Importer(815301076,1909f56bfc062723c751e8b465ee728b)
Start importing Assets/CustomRP/Runtime/Lighting.cs using Guid(98ae4963f0b436048990d0bd05810470) Importer(815301076,1909f56bfc062723c751e8b465ee728b)  -> (artifact id: '00000000000000000000000000000000') in 0.000291 seconds
Import Error Code:(4)
Message: Build asset version error: assets/customrp/runtime/lighting.cs in SourceAssetDB has modification time of '2024-09-18T03:50:32.1130814Z' while content on disk has modification time of '2024-09-18T03:50:41.0316514Z'
  ERROR: Build asset version error: assets/customrp/runtime/lighting.cs in SourceAssetDB has modification time of '2024-09-18T03:50:32.1130814Z' while content on disk has modification time of '2024-09-18T03:50:41.0316514Z'
Number of updated asset objects reloaded before import = 0
Number of asset objects unloaded after import = 0
========================================================================
Received Import Request.
  Time since last request: 0.003843 seconds.
  path: Assets/CustomRP/Runtime/Lighting.cs
  artifactKey: Guid(98ae4963f0b436048990d0bd05810470) Importer(815301076,1909f56bfc062723c751e8b465ee728b)
Start importing Assets/CustomRP/Runtime/Lighting.cs using Guid(98ae4963f0b436048990d0bd05810470) Importer(815301076,1909f56bfc062723c751e8b465ee728b)  -> (artifact id: '00000000000000000000000000000000') in 0.000271 seconds
Import Error Code:(4)
Message: Build asset version error: assets/customrp/runtime/lighting.cs in SourceAssetDB has modification time of '2024-09-18T03:50:32.1130814Z' while content on disk has modification time of '2024-09-18T03:50:41.0316514Z'
  ERROR: Build asset version error: assets/customrp/runtime/lighting.cs in SourceAssetDB has modification time of '2024-09-18T03:50:32.1130814Z' while content on disk has modification time of '2024-09-18T03:50:41.0316514Z'
Number of updated asset objects reloaded before import = 0
Number of asset objects unloaded after import = 0
========================================================================
Received Import Request.
  Time since last request: 0.005019 seconds.
  path: Assets/CustomRP/Runtime/Lighting.cs
  artifactKey: Guid(98ae4963f0b436048990d0bd05810470) Importer(815301076,1909f56bfc062723c751e8b465ee728b)
Start importing Assets/CustomRP/Runtime/Lighting.cs using Guid(98ae4963f0b436048990d0bd05810470) Importer(815301076,1909f56bfc062723c751e8b465ee728b)  -> (artifact id: '00000000000000000000000000000000') in 0.000333 seconds
Import Error Code:(4)
Message: Build asset version error: assets/customrp/runtime/lighting.cs in SourceAssetDB has modification time of '2024-09-18T03:50:32.1130814Z' while content on disk has modification time of '2024-09-18T03:50:41.0316514Z'
  ERROR: Build asset version error: assets/customrp/runtime/lighting.cs in SourceAssetDB has modification time of '2024-09-18T03:50:32.1130814Z' while content on disk has modification time of '2024-09-18T03:50:41.0316514Z'
Number of updated asset objects reloaded before import = 0
Number of asset objects unloaded after import = 0
========================================================================
Received Import Request.
  Time since last request: 0.003894 seconds.
  path: Assets/CustomRP/Runtime/Lighting.cs
  artifactKey: Guid(98ae4963f0b436048990d0bd05810470) Importer(815301076,1909f56bfc062723c751e8b465ee728b)
Start importing Assets/CustomRP/Runtime/Lighting.cs using Guid(98ae4963f0b436048990d0bd05810470) Importer(815301076,1909f56bfc062723c751e8b465ee728b)  -> (artifact id: '00000000000000000000000000000000') in 0.000277 seconds
Import Error Code:(4)
Message: Build asset version error: assets/customrp/runtime/lighting.cs in SourceAssetDB has modification time of '2024-09-18T03:50:32.1130814Z' while content on disk has modification time of '2024-09-18T03:50:41.0316514Z'
  ERROR: Build asset version error: assets/customrp/runtime/lighting.cs in SourceAssetDB has modification time of '2024-09-18T03:50:32.1130814Z' while content on disk has modification time of '2024-09-18T03:50:41.0316514Z'
Number of updated asset objects reloaded before import = 0
Number of asset objects unloaded after import = 0
========================================================================
Received Import Request.
  Time since last request: 0.003597 seconds.
  path: Assets/CustomRP/Runtime/Lighting.cs
  artifactKey: Guid(98ae4963f0b436048990d0bd05810470) Importer(815301076,1909f56bfc062723c751e8b465ee728b)
Start importing Assets/CustomRP/Runtime/Lighting.cs using Guid(98ae4963f0b436048990d0bd05810470) Importer(815301076,1909f56bfc062723c751e8b465ee728b)  -> (artifact id: '00000000000000000000000000000000') in 0.000230 seconds
Import Error Code:(4)
Message: Build asset version error: assets/customrp/runtime/lighting.cs in SourceAssetDB has modification time of '2024-09-18T03:50:32.1130814Z' while content on disk has modification time of '2024-09-18T03:50:41.0316514Z'
  ERROR: Build asset version error: assets/customrp/runtime/lighting.cs in SourceAssetDB has modification time of '2024-09-18T03:50:32.1130814Z' while content on disk has modification time of '2024-09-18T03:50:41.0316514Z'
Number of updated asset objects reloaded before import = 0
Number of asset objects unloaded after import = 0
========================================================================
Received Import Request.
  Time since last request: 0.003812 seconds.
  path: Assets/CustomRP/Runtime/Lighting.cs
  artifactKey: Guid(98ae4963f0b436048990d0bd05810470) Importer(815301076,1909f56bfc062723c751e8b465ee728b)
Start importing Assets/CustomRP/Runtime/Lighting.cs using Guid(98ae4963f0b436048990d0bd05810470) Importer(815301076,1909f56bfc062723c751e8b465ee728b)  -> (artifact id: '00000000000000000000000000000000') in 0.000273 seconds
Import Error Code:(4)
Message: Build asset version error: assets/customrp/runtime/lighting.cs in SourceAssetDB has modification time of '2024-09-18T03:50:32.1130814Z' while content on disk has modification time of '2024-09-18T03:50:41.0316514Z'
  ERROR: Build asset version error: assets/customrp/runtime/lighting.cs in SourceAssetDB has modification time of '2024-09-18T03:50:32.1130814Z' while content on disk has modification time of '2024-09-18T03:50:41.0316514Z'
Number of updated asset objects reloaded before import = 0
Number of asset objects unloaded after import = 0
========================================================================
Received Import Request.
  Time since last request: 0.004025 seconds.
  path: Assets/CustomRP/Runtime/Lighting.cs
  artifactKey: Guid(98ae4963f0b436048990d0bd05810470) Importer(815301076,1909f56bfc062723c751e8b465ee728b)
Start importing Assets/CustomRP/Runtime/Lighting.cs using Guid(98ae4963f0b436048990d0bd05810470) Importer(815301076,1909f56bfc062723c751e8b465ee728b)  -> (artifact id: '00000000000000000000000000000000') in 0.000296 seconds
Import Error Code:(4)
Message: Build asset version error: assets/customrp/runtime/lighting.cs in SourceAssetDB has modification time of '2024-09-18T03:50:32.1130814Z' while content on disk has modification time of '2024-09-18T03:50:41.0316514Z'
  ERROR: Build asset version error: assets/customrp/runtime/lighting.cs in SourceAssetDB has modification time of '2024-09-18T03:50:32.1130814Z' while content on disk has modification time of '2024-09-18T03:50:41.0316514Z'
Number of updated asset objects reloaded before import = 0
Number of asset objects unloaded after import = 0
========================================================================
Received Import Request.
  Time since last request: 0.003898 seconds.
  path: Assets/CustomRP/Runtime/Lighting.cs
  artifactKey: Guid(98ae4963f0b436048990d0bd05810470) Importer(815301076,1909f56bfc062723c751e8b465ee728b)
Start importing Assets/CustomRP/Runtime/Lighting.cs using Guid(98ae4963f0b436048990d0bd05810470) Importer(815301076,1909f56bfc062723c751e8b465ee728b)  -> (artifact id: '00000000000000000000000000000000') in 0.000263 seconds
Import Error Code:(4)
Message: Build asset version error: assets/customrp/runtime/lighting.cs in SourceAssetDB has modification time of '2024-09-18T03:50:32.1130814Z' while content on disk has modification time of '2024-09-18T03:50:41.0316514Z'
  ERROR: Build asset version error: assets/customrp/runtime/lighting.cs in SourceAssetDB has modification time of '2024-09-18T03:50:32.1130814Z' while content on disk has modification time of '2024-09-18T03:50:41.0316514Z'
Number of updated asset objects reloaded before import = 0
Number of asset objects unloaded after import = 0
========================================================================
Received Import Request.
  Time since last request: 0.004031 seconds.
  path: Assets/CustomRP/Runtime/Lighting.cs
  artifactKey: Guid(98ae4963f0b436048990d0bd05810470) Importer(815301076,1909f56bfc062723c751e8b465ee728b)
Start importing Assets/CustomRP/Runtime/Lighting.cs using Guid(98ae4963f0b436048990d0bd05810470) Importer(815301076,1909f56bfc062723c751e8b465ee728b)  -> (artifact id: '00000000000000000000000000000000') in 0.000290 seconds
Import Error Code:(4)
Message: Build asset version error: assets/customrp/runtime/lighting.cs in SourceAssetDB has modification time of '2024-09-18T03:50:32.1130814Z' while content on disk has modification time of '2024-09-18T03:50:41.0316514Z'
  ERROR: Build asset version error: assets/customrp/runtime/lighting.cs in SourceAssetDB has modification time of '2024-09-18T03:50:32.1130814Z' while content on disk has modification time of '2024-09-18T03:50:41.0316514Z'
Number of updated asset objects reloaded before import = 0
Number of asset objects unloaded after import = 0
========================================================================
Received Import Request.
  Time since last request: 0.003953 seconds.
  path: Assets/CustomRP/Runtime/Lighting.cs
  artifactKey: Guid(98ae4963f0b436048990d0bd05810470) Importer(815301076,1909f56bfc062723c751e8b465ee728b)
Start importing Assets/CustomRP/Runtime/Lighting.cs using Guid(98ae4963f0b436048990d0bd05810470) Importer(815301076,1909f56bfc062723c751e8b465ee728b)  -> (artifact id: '00000000000000000000000000000000') in 0.000265 seconds
Import Error Code:(4)
Message: Build asset version error: assets/customrp/runtime/lighting.cs in SourceAssetDB has modification time of '2024-09-18T03:50:32.1130814Z' while content on disk has modification time of '2024-09-18T03:50:41.0316514Z'
  ERROR: Build asset version error: assets/customrp/runtime/lighting.cs in SourceAssetDB has modification time of '2024-09-18T03:50:32.1130814Z' while content on disk has modification time of '2024-09-18T03:50:41.0316514Z'
Number of updated asset objects reloaded before import = 0
Number of asset objects unloaded after import = 0
========================================================================
Received Import Request.
  Time since last request: 0.007793 seconds.
  path: Assets/CustomRP/Runtime/Lighting.cs
  artifactKey: Guid(98ae4963f0b436048990d0bd05810470) Importer(815301076,1909f56bfc062723c751e8b465ee728b)
Start importing Assets/CustomRP/Runtime/Lighting.cs using Guid(98ae4963f0b436048990d0bd05810470) Importer(815301076,1909f56bfc062723c751e8b465ee728b)  -> (artifact id: '00000000000000000000000000000000') in 0.000309 seconds
Import Error Code:(4)
Message: Build asset version error: assets/customrp/runtime/lighting.cs in SourceAssetDB has modification time of '2024-09-18T03:50:32.1130814Z' while content on disk has modification time of '2024-09-18T03:50:41.0316514Z'
  ERROR: Build asset version error: assets/customrp/runtime/lighting.cs in SourceAssetDB has modification time of '2024-09-18T03:50:32.1130814Z' while content on disk has modification time of '2024-09-18T03:50:41.0316514Z'
Number of updated asset objects reloaded before import = 0
Number of asset objects unloaded after import = 0
========================================================================
Received Import Request.
  Time since last request: 0.004462 seconds.
  path: Assets/CustomRP/Runtime/Lighting.cs
  artifactKey: Guid(98ae4963f0b436048990d0bd05810470) Importer(815301076,1909f56bfc062723c751e8b465ee728b)
Start importing Assets/CustomRP/Runtime/Lighting.cs using Guid(98ae4963f0b436048990d0bd05810470) Importer(815301076,1909f56bfc062723c751e8b465ee728b)  -> (artifact id: '00000000000000000000000000000000') in 0.000336 seconds
Import Error Code:(4)
Message: Build asset version error: assets/customrp/runtime/lighting.cs in SourceAssetDB has modification time of '2024-09-18T03:50:32.1130814Z' while content on disk has modification time of '2024-09-18T03:50:41.0316514Z'
  ERROR: Build asset version error: assets/customrp/runtime/lighting.cs in SourceAssetDB has modification time of '2024-09-18T03:50:32.1130814Z' while content on disk has modification time of '2024-09-18T03:50:41.0316514Z'
Number of updated asset objects reloaded before import = 0
Number of asset objects unloaded after import = 0
========================================================================
Received Import Request.
  Time since last request: 0.004441 seconds.
  path: Assets/CustomRP/Runtime/Lighting.cs
  artifactKey: Guid(98ae4963f0b436048990d0bd05810470) Importer(815301076,1909f56bfc062723c751e8b465ee728b)
Start importing Assets/CustomRP/Runtime/Lighting.cs using Guid(98ae4963f0b436048990d0bd05810470) Importer(815301076,1909f56bfc062723c751e8b465ee728b)  -> (artifact id: '00000000000000000000000000000000') in 0.000323 seconds
Import Error Code:(4)
Message: Build asset version error: assets/customrp/runtime/lighting.cs in SourceAssetDB has modification time of '2024-09-18T03:50:32.1130814Z' while content on disk has modification time of '2024-09-18T03:50:41.0316514Z'
  ERROR: Build asset version error: assets/customrp/runtime/lighting.cs in SourceAssetDB has modification time of '2024-09-18T03:50:32.1130814Z' while content on disk has modification time of '2024-09-18T03:50:41.0316514Z'
Number of updated asset objects reloaded before import = 0
Number of asset objects unloaded after import = 0
========================================================================
Received Import Request.
  Time since last request: 0.003959 seconds.
  path: Assets/CustomRP/Runtime/Lighting.cs
  artifactKey: Guid(98ae4963f0b436048990d0bd05810470) Importer(815301076,1909f56bfc062723c751e8b465ee728b)
Start importing Assets/CustomRP/Runtime/Lighting.cs using Guid(98ae4963f0b436048990d0bd05810470) Importer(815301076,1909f56bfc062723c751e8b465ee728b)  -> (artifact id: '00000000000000000000000000000000') in 0.000291 seconds
Import Error Code:(4)
Message: Build asset version error: assets/customrp/runtime/lighting.cs in SourceAssetDB has modification time of '2024-09-18T03:50:32.1130814Z' while content on disk has modification time of '2024-09-18T03:50:41.0316514Z'
  ERROR: Build asset version error: assets/customrp/runtime/lighting.cs in SourceAssetDB has modification time of '2024-09-18T03:50:32.1130814Z' while content on disk has modification time of '2024-09-18T03:50:41.0316514Z'
Number of updated asset objects reloaded before import = 0
Number of asset objects unloaded after import = 0
========================================================================
Received Import Request.
  Time since last request: 0.004527 seconds.
  path: Assets/CustomRP/Runtime/Lighting.cs
  artifactKey: Guid(98ae4963f0b436048990d0bd05810470) Importer(815301076,1909f56bfc062723c751e8b465ee728b)
Start importing Assets/CustomRP/Runtime/Lighting.cs using Guid(98ae4963f0b436048990d0bd05810470) Importer(815301076,1909f56bfc062723c751e8b465ee728b)  -> (artifact id: '00000000000000000000000000000000') in 0.000328 seconds
Import Error Code:(4)
Message: Build asset version error: assets/customrp/runtime/lighting.cs in SourceAssetDB has modification time of '2024-09-18T03:50:32.1130814Z' while content on disk has modification time of '2024-09-18T03:50:41.0316514Z'
  ERROR: Build asset version error: assets/customrp/runtime/lighting.cs in SourceAssetDB has modification time of '2024-09-18T03:50:32.1130814Z' while content on disk has modification time of '2024-09-18T03:50:41.0316514Z'
Number of updated asset objects reloaded before import = 0
Number of asset objects unloaded after import = 0
========================================================================
Received Import Request.
  Time since last request: 0.003951 seconds.
  path: Assets/CustomRP/Runtime/Lighting.cs
  artifactKey: Guid(98ae4963f0b436048990d0bd05810470) Importer(815301076,1909f56bfc062723c751e8b465ee728b)
Start importing Assets/CustomRP/Runtime/Lighting.cs using Guid(98ae4963f0b436048990d0bd05810470) Importer(815301076,1909f56bfc062723c751e8b465ee728b)  -> (artifact id: '00000000000000000000000000000000') in 0.000280 seconds
Import Error Code:(4)
Message: Build asset version error: assets/customrp/runtime/lighting.cs in SourceAssetDB has modification time of '2024-09-18T03:50:32.1130814Z' while content on disk has modification time of '2024-09-18T03:50:41.0316514Z'
  ERROR: Build asset version error: assets/customrp/runtime/lighting.cs in SourceAssetDB has modification time of '2024-09-18T03:50:32.1130814Z' while content on disk has modification time of '2024-09-18T03:50:41.0316514Z'
Number of updated asset objects reloaded before import = 0
Number of asset objects unloaded after import = 0
========================================================================
Received Import Request.
  Time since last request: 0.004254 seconds.
  path: Assets/CustomRP/Runtime/Lighting.cs
  artifactKey: Guid(98ae4963f0b436048990d0bd05810470) Importer(815301076,1909f56bfc062723c751e8b465ee728b)
Start importing Assets/CustomRP/Runtime/Lighting.cs using Guid(98ae4963f0b436048990d0bd05810470) Importer(815301076,1909f56bfc062723c751e8b465ee728b)  -> (artifact id: '00000000000000000000000000000000') in 0.000265 seconds
Import Error Code:(4)
Message: Build asset version error: assets/customrp/runtime/lighting.cs in SourceAssetDB has modification time of '2024-09-18T03:50:32.1130814Z' while content on disk has modification time of '2024-09-18T03:50:41.0316514Z'
  ERROR: Build asset version error: assets/customrp/runtime/lighting.cs in SourceAssetDB has modification time of '2024-09-18T03:50:32.1130814Z' while content on disk has modification time of '2024-09-18T03:50:41.0316514Z'
Number of updated asset objects reloaded before import = 0
Number of asset objects unloaded after import = 0
========================================================================
Received Import Request.
  Time since last request: 0.004056 seconds.
  path: Assets/CustomRP/Runtime/Lighting.cs
  artifactKey: Guid(98ae4963f0b436048990d0bd05810470) Importer(815301076,1909f56bfc062723c751e8b465ee728b)
Start importing Assets/CustomRP/Runtime/Lighting.cs using Guid(98ae4963f0b436048990d0bd05810470) Importer(815301076,1909f56bfc062723c751e8b465ee728b)  -> (artifact id: '00000000000000000000000000000000') in 0.000295 seconds
Import Error Code:(4)
Message: Build asset version error: assets/customrp/runtime/lighting.cs in SourceAssetDB has modification time of '2024-09-18T03:50:32.1130814Z' while content on disk has modification time of '2024-09-18T03:50:41.0316514Z'
  ERROR: Build asset version error: assets/customrp/runtime/lighting.cs in SourceAssetDB has modification time of '2024-09-18T03:50:32.1130814Z' while content on disk has modification time of '2024-09-18T03:50:41.0316514Z'
Number of updated asset objects reloaded before import = 0
Number of asset objects unloaded after import = 0
========================================================================
Received Import Request.
  Time since last request: 0.004183 seconds.
  path: Assets/CustomRP/Runtime/Lighting.cs
  artifactKey: Guid(98ae4963f0b436048990d0bd05810470) Importer(815301076,1909f56bfc062723c751e8b465ee728b)
Start importing Assets/CustomRP/Runtime/Lighting.cs using Guid(98ae4963f0b436048990d0bd05810470) Importer(815301076,1909f56bfc062723c751e8b465ee728b)  -> (artifact id: '00000000000000000000000000000000') in 0.000256 seconds
Import Error Code:(4)
Message: Build asset version error: assets/customrp/runtime/lighting.cs in SourceAssetDB has modification time of '2024-09-18T03:50:32.1130814Z' while content on disk has modification time of '2024-09-18T03:50:41.0316514Z'
  ERROR: Build asset version error: assets/customrp/runtime/lighting.cs in SourceAssetDB has modification time of '2024-09-18T03:50:32.1130814Z' while content on disk has modification time of '2024-09-18T03:50:41.0316514Z'
Number of updated asset objects reloaded before import = 0
Number of asset objects unloaded after import = 0
========================================================================
Received Import Request.
  Time since last request: 0.003897 seconds.
  path: Assets/CustomRP/Runtime/Lighting.cs
  artifactKey: Guid(98ae4963f0b436048990d0bd05810470) Importer(815301076,1909f56bfc062723c751e8b465ee728b)
Start importing Assets/CustomRP/Runtime/Lighting.cs using Guid(98ae4963f0b436048990d0bd05810470) Importer(815301076,1909f56bfc062723c751e8b465ee728b)  -> (artifact id: '00000000000000000000000000000000') in 0.000284 seconds
Import Error Code:(4)
Message: Build asset version error: assets/customrp/runtime/lighting.cs in SourceAssetDB has modification time of '2024-09-18T03:50:32.1130814Z' while content on disk has modification time of '2024-09-18T03:50:41.0316514Z'
  ERROR: Build asset version error: assets/customrp/runtime/lighting.cs in SourceAssetDB has modification time of '2024-09-18T03:50:32.1130814Z' while content on disk has modification time of '2024-09-18T03:50:41.0316514Z'
Number of updated asset objects reloaded before import = 0
Number of asset objects unloaded after import = 0
========================================================================
Received Import Request.
  Time since last request: 0.003859 seconds.
  path: Assets/CustomRP/Runtime/Lighting.cs
  artifactKey: Guid(98ae4963f0b436048990d0bd05810470) Importer(815301076,1909f56bfc062723c751e8b465ee728b)
Start importing Assets/CustomRP/Runtime/Lighting.cs using Guid(98ae4963f0b436048990d0bd05810470) Importer(815301076,1909f56bfc062723c751e8b465ee728b)  -> (artifact id: '00000000000000000000000000000000') in 0.000482 seconds
Import Error Code:(4)
Message: Build asset version error: assets/customrp/runtime/lighting.cs in SourceAssetDB has modification time of '2024-09-18T03:50:32.1130814Z' while content on disk has modification time of '2024-09-18T03:50:41.0316514Z'
  ERROR: Build asset version error: assets/customrp/runtime/lighting.cs in SourceAssetDB has modification time of '2024-09-18T03:50:32.1130814Z' while content on disk has modification time of '2024-09-18T03:50:41.0316514Z'
Number of updated asset objects reloaded before import = 0
Number of asset objects unloaded after import = 0
========================================================================
Received Import Request.
  Time since last request: 0.004362 seconds.
  path: Assets/CustomRP/Runtime/Lighting.cs
  artifactKey: Guid(98ae4963f0b436048990d0bd05810470) Importer(815301076,1909f56bfc062723c751e8b465ee728b)
Start importing Assets/CustomRP/Runtime/Lighting.cs using Guid(98ae4963f0b436048990d0bd05810470) Importer(815301076,1909f56bfc062723c751e8b465ee728b)  -> (artifact id: '00000000000000000000000000000000') in 0.000322 seconds
Import Error Code:(4)
Message: Build asset version error: assets/customrp/runtime/lighting.cs in SourceAssetDB has modification time of '2024-09-18T03:50:32.1130814Z' while content on disk has modification time of '2024-09-18T03:50:41.0316514Z'
  ERROR: Build asset version error: assets/customrp/runtime/lighting.cs in SourceAssetDB has modification time of '2024-09-18T03:50:32.1130814Z' while content on disk has modification time of '2024-09-18T03:50:41.0316514Z'
Number of updated asset objects reloaded before import = 0
Number of asset objects unloaded after import = 0
========================================================================
Received Import Request.
  Time since last request: 0.004266 seconds.
  path: Assets/CustomRP/Runtime/Lighting.cs
  artifactKey: Guid(98ae4963f0b436048990d0bd05810470) Importer(815301076,1909f56bfc062723c751e8b465ee728b)
Start importing Assets/CustomRP/Runtime/Lighting.cs using Guid(98ae4963f0b436048990d0bd05810470) Importer(815301076,1909f56bfc062723c751e8b465ee728b)  -> (artifact id: '00000000000000000000000000000000') in 0.000369 seconds
Import Error Code:(4)
Message: Build asset version error: assets/customrp/runtime/lighting.cs in SourceAssetDB has modification time of '2024-09-18T03:50:32.1130814Z' while content on disk has modification time of '2024-09-18T03:50:41.0316514Z'
  ERROR: Build asset version error: assets/customrp/runtime/lighting.cs in SourceAssetDB has modification time of '2024-09-18T03:50:32.1130814Z' while content on disk has modification time of '2024-09-18T03:50:41.0316514Z'
Number of updated asset objects reloaded before import = 0
Number of asset objects unloaded after import = 0
========================================================================
Received Import Request.
  Time since last request: 0.004204 seconds.
  path: Assets/CustomRP/Runtime/Lighting.cs
  artifactKey: Guid(98ae4963f0b436048990d0bd05810470) Importer(815301076,1909f56bfc062723c751e8b465ee728b)
Start importing Assets/CustomRP/Runtime/Lighting.cs using Guid(98ae4963f0b436048990d0bd05810470) Importer(815301076,1909f56bfc062723c751e8b465ee728b)  -> (artifact id: '00000000000000000000000000000000') in 0.000334 seconds
Import Error Code:(4)
Message: Build asset version error: assets/customrp/runtime/lighting.cs in SourceAssetDB has modification time of '2024-09-18T03:50:32.1130814Z' while content on disk has modification time of '2024-09-18T03:50:41.0316514Z'
  ERROR: Build asset version error: assets/customrp/runtime/lighting.cs in SourceAssetDB has modification time of '2024-09-18T03:50:32.1130814Z' while content on disk has modification time of '2024-09-18T03:50:41.0316514Z'
Number of updated asset objects reloaded before import = 0
Number of asset objects unloaded after import = 0
========================================================================
Received Import Request.
  Time since last request: 0.004346 seconds.
  path: Assets/CustomRP/Runtime/Lighting.cs
  artifactKey: Guid(98ae4963f0b436048990d0bd05810470) Importer(815301076,1909f56bfc062723c751e8b465ee728b)
Start importing Assets/CustomRP/Runtime/Lighting.cs using Guid(98ae4963f0b436048990d0bd05810470) Importer(815301076,1909f56bfc062723c751e8b465ee728b)  -> (artifact id: '00000000000000000000000000000000') in 0.000292 seconds
Import Error Code:(4)
Message: Build asset version error: assets/customrp/runtime/lighting.cs in SourceAssetDB has modification time of '2024-09-18T03:50:32.1130814Z' while content on disk has modification time of '2024-09-18T03:50:41.0316514Z'
  ERROR: Build asset version error: assets/customrp/runtime/lighting.cs in SourceAssetDB has modification time of '2024-09-18T03:50:32.1130814Z' while content on disk has modification time of '2024-09-18T03:50:41.0316514Z'
Number of updated asset objects reloaded before import = 0
Number of asset objects unloaded after import = 0
========================================================================
Received Import Request.
  Time since last request: 0.004133 seconds.
  path: Assets/CustomRP/Runtime/Lighting.cs
  artifactKey: Guid(98ae4963f0b436048990d0bd05810470) Importer(815301076,1909f56bfc062723c751e8b465ee728b)
Start importing Assets/CustomRP/Runtime/Lighting.cs using Guid(98ae4963f0b436048990d0bd05810470) Importer(815301076,1909f56bfc062723c751e8b465ee728b)  -> (artifact id: '00000000000000000000000000000000') in 0.000280 seconds
Import Error Code:(4)
Message: Build asset version error: assets/customrp/runtime/lighting.cs in SourceAssetDB has modification time of '2024-09-18T03:50:32.1130814Z' while content on disk has modification time of '2024-09-18T03:50:41.0316514Z'
  ERROR: Build asset version error: assets/customrp/runtime/lighting.cs in SourceAssetDB has modification time of '2024-09-18T03:50:32.1130814Z' while content on disk has modification time of '2024-09-18T03:50:41.0316514Z'
Number of updated asset objects reloaded before import = 0
Number of asset objects unloaded after import = 0
========================================================================
Received Import Request.
  Time since last request: 0.004560 seconds.
  path: Assets/CustomRP/Runtime/Lighting.cs
  artifactKey: Guid(98ae4963f0b436048990d0bd05810470) Importer(815301076,1909f56bfc062723c751e8b465ee728b)
Start importing Assets/CustomRP/Runtime/Lighting.cs using Guid(98ae4963f0b436048990d0bd05810470) Importer(815301076,1909f56bfc062723c751e8b465ee728b)  -> (artifact id: '00000000000000000000000000000000') in 0.000375 seconds
Import Error Code:(4)
Message: Build asset version error: assets/customrp/runtime/lighting.cs in SourceAssetDB has modification time of '2024-09-18T03:50:32.1130814Z' while content on disk has modification time of '2024-09-18T03:50:41.0316514Z'
  ERROR: Build asset version error: assets/customrp/runtime/lighting.cs in SourceAssetDB has modification time of '2024-09-18T03:50:32.1130814Z' while content on disk has modification time of '2024-09-18T03:50:41.0316514Z'
Number of updated asset objects reloaded before import = 0
Number of asset objects unloaded after import = 0
========================================================================
Received Import Request.
  Time since last request: 0.005280 seconds.
  path: Assets/CustomRP/Runtime/Lighting.cs
  artifactKey: Guid(98ae4963f0b436048990d0bd05810470) Importer(815301076,1909f56bfc062723c751e8b465ee728b)
Start importing Assets/CustomRP/Runtime/Lighting.cs using Guid(98ae4963f0b436048990d0bd05810470) Importer(815301076,1909f56bfc062723c751e8b465ee728b)  -> (artifact id: '00000000000000000000000000000000') in 0.000320 seconds
Import Error Code:(4)
Message: Build asset version error: assets/customrp/runtime/lighting.cs in SourceAssetDB has modification time of '2024-09-18T03:50:32.1130814Z' while content on disk has modification time of '2024-09-18T03:50:41.0316514Z'
  ERROR: Build asset version error: assets/customrp/runtime/lighting.cs in SourceAssetDB has modification time of '2024-09-18T03:50:32.1130814Z' while content on disk has modification time of '2024-09-18T03:50:41.0316514Z'
Number of updated asset objects reloaded before import = 0
Number of asset objects unloaded after import = 0
========================================================================
Received Import Request.
  Time since last request: 0.004399 seconds.
  path: Assets/CustomRP/Runtime/Lighting.cs
  artifactKey: Guid(98ae4963f0b436048990d0bd05810470) Importer(815301076,1909f56bfc062723c751e8b465ee728b)
Start importing Assets/CustomRP/Runtime/Lighting.cs using Guid(98ae4963f0b436048990d0bd05810470) Importer(815301076,1909f56bfc062723c751e8b465ee728b)  -> (artifact id: '00000000000000000000000000000000') in 0.000294 seconds
Import Error Code:(4)
Message: Build asset version error: assets/customrp/runtime/lighting.cs in SourceAssetDB has modification time of '2024-09-18T03:50:32.1130814Z' while content on disk has modification time of '2024-09-18T03:50:41.0316514Z'
  ERROR: Build asset version error: assets/customrp/runtime/lighting.cs in SourceAssetDB has modification time of '2024-09-18T03:50:32.1130814Z' while content on disk has modification time of '2024-09-18T03:50:41.0316514Z'
Number of updated asset objects reloaded before import = 0
Number of asset objects unloaded after import = 0
========================================================================
Received Import Request.
  Time since last request: 0.004666 seconds.
  path: Assets/CustomRP/Runtime/Lighting.cs
  artifactKey: Guid(98ae4963f0b436048990d0bd05810470) Importer(815301076,1909f56bfc062723c751e8b465ee728b)
Start importing Assets/CustomRP/Runtime/Lighting.cs using Guid(98ae4963f0b436048990d0bd05810470) Importer(815301076,1909f56bfc062723c751e8b465ee728b)  -> (artifact id: '00000000000000000000000000000000') in 0.000345 seconds
Import Error Code:(4)
Message: Build asset version error: assets/customrp/runtime/lighting.cs in SourceAssetDB has modification time of '2024-09-18T03:50:32.1130814Z' while content on disk has modification time of '2024-09-18T03:50:41.0316514Z'
  ERROR: Build asset version error: assets/customrp/runtime/lighting.cs in SourceAssetDB has modification time of '2024-09-18T03:50:32.1130814Z' while content on disk has modification time of '2024-09-18T03:50:41.0316514Z'
Number of updated asset objects reloaded before import = 0
Number of asset objects unloaded after import = 0
========================================================================
Received Import Request.
  Time since last request: 0.005066 seconds.
  path: Assets/CustomRP/Runtime/Lighting.cs
  artifactKey: Guid(98ae4963f0b436048990d0bd05810470) Importer(815301076,1909f56bfc062723c751e8b465ee728b)
Start importing Assets/CustomRP/Runtime/Lighting.cs using Guid(98ae4963f0b436048990d0bd05810470) Importer(815301076,1909f56bfc062723c751e8b465ee728b)  -> (artifact id: '00000000000000000000000000000000') in 0.000355 seconds
Import Error Code:(4)
Message: Build asset version error: assets/customrp/runtime/lighting.cs in SourceAssetDB has modification time of '2024-09-18T03:50:32.1130814Z' while content on disk has modification time of '2024-09-18T03:50:41.0316514Z'
  ERROR: Build asset version error: assets/customrp/runtime/lighting.cs in SourceAssetDB has modification time of '2024-09-18T03:50:32.1130814Z' while content on disk has modification time of '2024-09-18T03:50:41.0316514Z'
Number of updated asset objects reloaded before import = 0
Number of asset objects unloaded after import = 0
========================================================================
Received Import Request.
  Time since last request: 0.004717 seconds.
  path: Assets/CustomRP/Runtime/Lighting.cs
  artifactKey: Guid(98ae4963f0b436048990d0bd05810470) Importer(815301076,1909f56bfc062723c751e8b465ee728b)
Start importing Assets/CustomRP/Runtime/Lighting.cs using Guid(98ae4963f0b436048990d0bd05810470) Importer(815301076,1909f56bfc062723c751e8b465ee728b)  -> (artifact id: '00000000000000000000000000000000') in 0.000309 seconds
Import Error Code:(4)
Message: Build asset version error: assets/customrp/runtime/lighting.cs in SourceAssetDB has modification time of '2024-09-18T03:50:32.1130814Z' while content on disk has modification time of '2024-09-18T03:50:41.0316514Z'
  ERROR: Build asset version error: assets/customrp/runtime/lighting.cs in SourceAssetDB has modification time of '2024-09-18T03:50:32.1130814Z' while content on disk has modification time of '2024-09-18T03:50:41.0316514Z'
Number of updated asset objects reloaded before import = 0
Number of asset objects unloaded after import = 0
========================================================================
Received Import Request.
  Time since last request: 0.005264 seconds.
  path: Assets/CustomRP/Runtime/Lighting.cs
  artifactKey: Guid(98ae4963f0b436048990d0bd05810470) Importer(815301076,1909f56bfc062723c751e8b465ee728b)
Start importing Assets/CustomRP/Runtime/Lighting.cs using Guid(98ae4963f0b436048990d0bd05810470) Importer(815301076,1909f56bfc062723c751e8b465ee728b)  -> (artifact id: '00000000000000000000000000000000') in 0.000353 seconds
Import Error Code:(4)
Message: Build asset version error: assets/customrp/runtime/lighting.cs in SourceAssetDB has modification time of '2024-09-18T03:50:32.1130814Z' while content on disk has modification time of '2024-09-18T03:50:41.0316514Z'
  ERROR: Build asset version error: assets/customrp/runtime/lighting.cs in SourceAssetDB has modification time of '2024-09-18T03:50:32.1130814Z' while content on disk has modification time of '2024-09-18T03:50:41.0316514Z'
Number of updated asset objects reloaded before import = 0
Number of asset objects unloaded after import = 0
========================================================================
Received Import Request.
  Time since last request: 0.004914 seconds.
  path: Assets/CustomRP/Runtime/Lighting.cs
  artifactKey: Guid(98ae4963f0b436048990d0bd05810470) Importer(815301076,1909f56bfc062723c751e8b465ee728b)
Start importing Assets/CustomRP/Runtime/Lighting.cs using Guid(98ae4963f0b436048990d0bd05810470) Importer(815301076,1909f56bfc062723c751e8b465ee728b)  -> (artifact id: '00000000000000000000000000000000') in 0.000347 seconds
Import Error Code:(4)
Message: Build asset version error: assets/customrp/runtime/lighting.cs in SourceAssetDB has modification time of '2024-09-18T03:50:32.1130814Z' while content on disk has modification time of '2024-09-18T03:50:41.0316514Z'
  ERROR: Build asset version error: assets/customrp/runtime/lighting.cs in SourceAssetDB has modification time of '2024-09-18T03:50:32.1130814Z' while content on disk has modification time of '2024-09-18T03:50:41.0316514Z'
Number of updated asset objects reloaded before import = 0
Number of asset objects unloaded after import = 0
========================================================================
Received Import Request.
  Time since last request: 0.004605 seconds.
  path: Assets/CustomRP/Runtime/Lighting.cs
  artifactKey: Guid(98ae4963f0b436048990d0bd05810470) Importer(815301076,1909f56bfc062723c751e8b465ee728b)
Start importing Assets/CustomRP/Runtime/Lighting.cs using Guid(98ae4963f0b436048990d0bd05810470) Importer(815301076,1909f56bfc062723c751e8b465ee728b)  -> (artifact id: '00000000000000000000000000000000') in 0.000428 seconds
Import Error Code:(4)
Message: Build asset version error: assets/customrp/runtime/lighting.cs in SourceAssetDB has modification time of '2024-09-18T03:50:32.1130814Z' while content on disk has modification time of '2024-09-18T03:50:41.0316514Z'
  ERROR: Build asset version error: assets/customrp/runtime/lighting.cs in SourceAssetDB has modification time of '2024-09-18T03:50:32.1130814Z' while content on disk has modification time of '2024-09-18T03:50:41.0316514Z'
Number of updated asset objects reloaded before import = 0
Number of asset objects unloaded after import = 0
========================================================================
Received Import Request.
  Time since last request: 0.005252 seconds.
  path: Assets/CustomRP/Runtime/Lighting.cs
  artifactKey: Guid(98ae4963f0b436048990d0bd05810470) Importer(815301076,1909f56bfc062723c751e8b465ee728b)
Start importing Assets/CustomRP/Runtime/Lighting.cs using Guid(98ae4963f0b436048990d0bd05810470) Importer(815301076,1909f56bfc062723c751e8b465ee728b)  -> (artifact id: '00000000000000000000000000000000') in 0.000373 seconds
Import Error Code:(4)
Message: Build asset version error: assets/customrp/runtime/lighting.cs in SourceAssetDB has modification time of '2024-09-18T03:50:32.1130814Z' while content on disk has modification time of '2024-09-18T03:50:41.0316514Z'
  ERROR: Build asset version error: assets/customrp/runtime/lighting.cs in SourceAssetDB has modification time of '2024-09-18T03:50:32.1130814Z' while content on disk has modification time of '2024-09-18T03:50:41.0316514Z'
Number of updated asset objects reloaded before import = 0
Number of asset objects unloaded after import = 0
========================================================================
Received Import Request.
  Time since last request: 0.004750 seconds.
  path: Assets/CustomRP/Runtime/Lighting.cs
  artifactKey: Guid(98ae4963f0b436048990d0bd05810470) Importer(815301076,1909f56bfc062723c751e8b465ee728b)
Start importing Assets/CustomRP/Runtime/Lighting.cs using Guid(98ae4963f0b436048990d0bd05810470) Importer(815301076,1909f56bfc062723c751e8b465ee728b)  -> (artifact id: '00000000000000000000000000000000') in 0.000354 seconds
Import Error Code:(4)
Message: Build asset version error: assets/customrp/runtime/lighting.cs in SourceAssetDB has modification time of '2024-09-18T03:50:32.1130814Z' while content on disk has modification time of '2024-09-18T03:50:41.0316514Z'
  ERROR: Build asset version error: assets/customrp/runtime/lighting.cs in SourceAssetDB has modification time of '2024-09-18T03:50:32.1130814Z' while content on disk has modification time of '2024-09-18T03:50:41.0316514Z'
Number of updated asset objects reloaded before import = 0
Number of asset objects unloaded after import = 0
========================================================================
Received Import Request.
  Time since last request: 0.005940 seconds.
  path: Assets/CustomRP/Runtime/Lighting.cs
  artifactKey: Guid(98ae4963f0b436048990d0bd05810470) Importer(815301076,1909f56bfc062723c751e8b465ee728b)
Start importing Assets/CustomRP/Runtime/Lighting.cs using Guid(98ae4963f0b436048990d0bd05810470) Importer(815301076,1909f56bfc062723c751e8b465ee728b)  -> (artifact id: '00000000000000000000000000000000') in 0.000386 seconds
Import Error Code:(4)
Message: Build asset version error: assets/customrp/runtime/lighting.cs in SourceAssetDB has modification time of '2024-09-18T03:50:32.1130814Z' while content on disk has modification time of '2024-09-18T03:50:41.0316514Z'
  ERROR: Build asset version error: assets/customrp/runtime/lighting.cs in SourceAssetDB has modification time of '2024-09-18T03:50:32.1130814Z' while content on disk has modification time of '2024-09-18T03:50:41.0316514Z'
Number of updated asset objects reloaded before import = 0
Number of asset objects unloaded after import = 0
========================================================================
Received Import Request.
  Time since last request: 0.005571 seconds.
  path: Assets/CustomRP/Runtime/Lighting.cs
  artifactKey: Guid(98ae4963f0b436048990d0bd05810470) Importer(815301076,1909f56bfc062723c751e8b465ee728b)
Start importing Assets/CustomRP/Runtime/Lighting.cs using Guid(98ae4963f0b436048990d0bd05810470) Importer(815301076,1909f56bfc062723c751e8b465ee728b)  -> (artifact id: '00000000000000000000000000000000') in 0.000328 seconds
Import Error Code:(4)
Message: Build asset version error: assets/customrp/runtime/lighting.cs in SourceAssetDB has modification time of '2024-09-18T03:50:32.1130814Z' while content on disk has modification time of '2024-09-18T03:50:41.0316514Z'
  ERROR: Build asset version error: assets/customrp/runtime/lighting.cs in SourceAssetDB has modification time of '2024-09-18T03:50:32.1130814Z' while content on disk has modification time of '2024-09-18T03:50:41.0316514Z'
Number of updated asset objects reloaded before import = 0
Number of asset objects unloaded after import = 0
========================================================================
Received Import Request.
  Time since last request: 0.004252 seconds.
  path: Assets/CustomRP/Runtime/Lighting.cs
  artifactKey: Guid(98ae4963f0b436048990d0bd05810470) Importer(815301076,1909f56bfc062723c751e8b465ee728b)
Start importing Assets/CustomRP/Runtime/Lighting.cs using Guid(98ae4963f0b436048990d0bd05810470) Importer(815301076,1909f56bfc062723c751e8b465ee728b)  -> (artifact id: '00000000000000000000000000000000') in 0.000394 seconds
Import Error Code:(4)
Message: Build asset version error: assets/customrp/runtime/lighting.cs in SourceAssetDB has modification time of '2024-09-18T03:50:32.1130814Z' while content on disk has modification time of '2024-09-18T03:50:41.0316514Z'
  ERROR: Build asset version error: assets/customrp/runtime/lighting.cs in SourceAssetDB has modification time of '2024-09-18T03:50:32.1130814Z' while content on disk has modification time of '2024-09-18T03:50:41.0316514Z'
Number of updated asset objects reloaded before import = 0
Number of asset objects unloaded after import = 0
========================================================================
Received Import Request.
  Time since last request: 0.005533 seconds.
  path: Assets/CustomRP/Runtime/Lighting.cs
  artifactKey: Guid(98ae4963f0b436048990d0bd05810470) Importer(815301076,1909f56bfc062723c751e8b465ee728b)
Start importing Assets/CustomRP/Runtime/Lighting.cs using Guid(98ae4963f0b436048990d0bd05810470) Importer(815301076,1909f56bfc062723c751e8b465ee728b)  -> (artifact id: '00000000000000000000000000000000') in 0.000346 seconds
Import Error Code:(4)
Message: Build asset version error: assets/customrp/runtime/lighting.cs in SourceAssetDB has modification time of '2024-09-18T03:50:32.1130814Z' while content on disk has modification time of '2024-09-18T03:50:41.0316514Z'
  ERROR: Build asset version error: assets/customrp/runtime/lighting.cs in SourceAssetDB has modification time of '2024-09-18T03:50:32.1130814Z' while content on disk has modification time of '2024-09-18T03:50:41.0316514Z'
Number of updated asset objects reloaded before import = 0
Number of asset objects unloaded after import = 0
========================================================================
Received Import Request.
  Time since last request: 0.004090 seconds.
  path: Assets/CustomRP/Runtime/Lighting.cs
  artifactKey: Guid(98ae4963f0b436048990d0bd05810470) Importer(815301076,1909f56bfc062723c751e8b465ee728b)
Start importing Assets/CustomRP/Runtime/Lighting.cs using Guid(98ae4963f0b436048990d0bd05810470) Importer(815301076,1909f56bfc062723c751e8b465ee728b)  -> (artifact id: '00000000000000000000000000000000') in 0.000312 seconds
Import Error Code:(4)
Message: Build asset version error: assets/customrp/runtime/lighting.cs in SourceAssetDB has modification time of '2024-09-18T03:50:32.1130814Z' while content on disk has modification time of '2024-09-18T03:50:41.0316514Z'
  ERROR: Build asset version error: assets/customrp/runtime/lighting.cs in SourceAssetDB has modification time of '2024-09-18T03:50:32.1130814Z' while content on disk has modification time of '2024-09-18T03:50:41.0316514Z'
Number of updated asset objects reloaded before import = 0
Number of asset objects unloaded after import = 0
========================================================================
Received Import Request.
  Time since last request: 0.004667 seconds.
  path: Assets/CustomRP/Runtime/Lighting.cs
  artifactKey: Guid(98ae4963f0b436048990d0bd05810470) Importer(815301076,1909f56bfc062723c751e8b465ee728b)
Start importing Assets/CustomRP/Runtime/Lighting.cs using Guid(98ae4963f0b436048990d0bd05810470) Importer(815301076,1909f56bfc062723c751e8b465ee728b)  -> (artifact id: '00000000000000000000000000000000') in 0.000354 seconds
Import Error Code:(4)
Message: Build asset version error: assets/customrp/runtime/lighting.cs in SourceAssetDB has modification time of '2024-09-18T03:50:32.1130814Z' while content on disk has modification time of '2024-09-18T03:50:41.0316514Z'
  ERROR: Build asset version error: assets/customrp/runtime/lighting.cs in SourceAssetDB has modification time of '2024-09-18T03:50:32.1130814Z' while content on disk has modification time of '2024-09-18T03:50:41.0316514Z'
Number of updated asset objects reloaded before import = 0
Number of asset objects unloaded after import = 0
========================================================================
Received Import Request.
  Time since last request: 0.005449 seconds.
  path: Assets/CustomRP/Runtime/Lighting.cs
  artifactKey: Guid(98ae4963f0b436048990d0bd05810470) Importer(815301076,1909f56bfc062723c751e8b465ee728b)
Start importing Assets/CustomRP/Runtime/Lighting.cs using Guid(98ae4963f0b436048990d0bd05810470) Importer(815301076,1909f56bfc062723c751e8b465ee728b)  -> (artifact id: '00000000000000000000000000000000') in 0.000394 seconds
Import Error Code:(4)
Message: Build asset version error: assets/customrp/runtime/lighting.cs in SourceAssetDB has modification time of '2024-09-18T03:50:32.1130814Z' while content on disk has modification time of '2024-09-18T03:50:41.0316514Z'
  ERROR: Build asset version error: assets/customrp/runtime/lighting.cs in SourceAssetDB has modification time of '2024-09-18T03:50:32.1130814Z' while content on disk has modification time of '2024-09-18T03:50:41.0316514Z'
Number of updated asset objects reloaded before import = 0
Number of asset objects unloaded after import = 0
========================================================================
Received Import Request.
  Time since last request: 0.005037 seconds.
  path: Assets/CustomRP/Runtime/Lighting.cs
  artifactKey: Guid(98ae4963f0b436048990d0bd05810470) Importer(815301076,1909f56bfc062723c751e8b465ee728b)
Start importing Assets/CustomRP/Runtime/Lighting.cs using Guid(98ae4963f0b436048990d0bd05810470) Importer(815301076,1909f56bfc062723c751e8b465ee728b)  -> (artifact id: '00000000000000000000000000000000') in 0.000357 seconds
Import Error Code:(4)
Message: Build asset version error: assets/customrp/runtime/lighting.cs in SourceAssetDB has modification time of '2024-09-18T03:50:32.1130814Z' while content on disk has modification time of '2024-09-18T03:50:41.0316514Z'
  ERROR: Build asset version error: assets/customrp/runtime/lighting.cs in SourceAssetDB has modification time of '2024-09-18T03:50:32.1130814Z' while content on disk has modification time of '2024-09-18T03:50:41.0316514Z'
Number of updated asset objects reloaded before import = 0
Number of asset objects unloaded after import = 0
========================================================================
Received Import Request.
  Time since last request: 0.005823 seconds.
  path: Assets/CustomRP/Runtime/Lighting.cs
  artifactKey: Guid(98ae4963f0b436048990d0bd05810470) Importer(815301076,1909f56bfc062723c751e8b465ee728b)
Start importing Assets/CustomRP/Runtime/Lighting.cs using Guid(98ae4963f0b436048990d0bd05810470) Importer(815301076,1909f56bfc062723c751e8b465ee728b)  -> (artifact id: '00000000000000000000000000000000') in 0.000353 seconds
Import Error Code:(4)
Message: Build asset version error: assets/customrp/runtime/lighting.cs in SourceAssetDB has modification time of '2024-09-18T03:50:32.1130814Z' while content on disk has modification time of '2024-09-18T03:50:41.0316514Z'
  ERROR: Build asset version error: assets/customrp/runtime/lighting.cs in SourceAssetDB has modification time of '2024-09-18T03:50:32.1130814Z' while content on disk has modification time of '2024-09-18T03:50:41.0316514Z'
Number of updated asset objects reloaded before import = 0
Number of asset objects unloaded after import = 0
========================================================================
Received Import Request.
  Time since last request: 0.010094 seconds.
  path: Assets/CustomRP/Runtime/Lighting.cs
  artifactKey: Guid(98ae4963f0b436048990d0bd05810470) Importer(815301076,1909f56bfc062723c751e8b465ee728b)
Start importing Assets/CustomRP/Runtime/Lighting.cs using Guid(98ae4963f0b436048990d0bd05810470) Importer(815301076,1909f56bfc062723c751e8b465ee728b)  -> (artifact id: '00000000000000000000000000000000') in 0.000344 seconds
Import Error Code:(4)
Message: Build asset version error: assets/customrp/runtime/lighting.cs in SourceAssetDB has modification time of '2024-09-18T03:50:32.1130814Z' while content on disk has modification time of '2024-09-18T03:50:41.0316514Z'
  ERROR: Build asset version error: assets/customrp/runtime/lighting.cs in SourceAssetDB has modification time of '2024-09-18T03:50:32.1130814Z' while content on disk has modification time of '2024-09-18T03:50:41.0316514Z'
Number of updated asset objects reloaded before import = 0
Number of asset objects unloaded after import = 0
========================================================================
Received Import Request.
  Time since last request: 0.003500 seconds.
  path: Assets/CustomRP/Runtime/Lighting.cs
  artifactKey: Guid(98ae4963f0b436048990d0bd05810470) Importer(815301076,1909f56bfc062723c751e8b465ee728b)
Start importing Assets/CustomRP/Runtime/Lighting.cs using Guid(98ae4963f0b436048990d0bd05810470) Importer(815301076,1909f56bfc062723c751e8b465ee728b)  -> (artifact id: '00000000000000000000000000000000') in 0.000361 seconds
Import Error Code:(4)
Message: Build asset version error: assets/customrp/runtime/lighting.cs in SourceAssetDB has modification time of '2024-09-18T03:50:32.1130814Z' while content on disk has modification time of '2024-09-18T03:50:41.0316514Z'
  ERROR: Build asset version error: assets/customrp/runtime/lighting.cs in SourceAssetDB has modification time of '2024-09-18T03:50:32.1130814Z' while content on disk has modification time of '2024-09-18T03:50:41.0316514Z'
Number of updated asset objects reloaded before import = 0
Number of asset objects unloaded after import = 0
========================================================================
Received Import Request.
  Time since last request: 0.004652 seconds.
  path: Assets/CustomRP/Runtime/Lighting.cs
  artifactKey: Guid(98ae4963f0b436048990d0bd05810470) Importer(815301076,1909f56bfc062723c751e8b465ee728b)
Start importing Assets/CustomRP/Runtime/Lighting.cs using Guid(98ae4963f0b436048990d0bd05810470) Importer(815301076,1909f56bfc062723c751e8b465ee728b)  -> (artifact id: '00000000000000000000000000000000') in 0.000371 seconds
Import Error Code:(4)
Message: Build asset version error: assets/customrp/runtime/lighting.cs in SourceAssetDB has modification time of '2024-09-18T03:50:32.1130814Z' while content on disk has modification time of '2024-09-18T03:50:41.0316514Z'
  ERROR: Build asset version error: assets/customrp/runtime/lighting.cs in SourceAssetDB has modification time of '2024-09-18T03:50:32.1130814Z' while content on disk has modification time of '2024-09-18T03:50:41.0316514Z'
Number of updated asset objects reloaded before import = 0
Number of asset objects unloaded after import = 0
========================================================================
Received Import Request.
  Time since last request: 0.005653 seconds.
  path: Assets/CustomRP/Runtime/Lighting.cs
  artifactKey: Guid(98ae4963f0b436048990d0bd05810470) Importer(815301076,1909f56bfc062723c751e8b465ee728b)
Start importing Assets/CustomRP/Runtime/Lighting.cs using Guid(98ae4963f0b436048990d0bd05810470) Importer(815301076,1909f56bfc062723c751e8b465ee728b)  -> (artifact id: '00000000000000000000000000000000') in 0.000363 seconds
Import Error Code:(4)
Message: Build asset version error: assets/customrp/runtime/lighting.cs in SourceAssetDB has modification time of '2024-09-18T03:50:32.1130814Z' while content on disk has modification time of '2024-09-18T03:50:41.0316514Z'
  ERROR: Build asset version error: assets/customrp/runtime/lighting.cs in SourceAssetDB has modification time of '2024-09-18T03:50:32.1130814Z' while content on disk has modification time of '2024-09-18T03:50:41.0316514Z'
Number of updated asset objects reloaded before import = 0
Number of asset objects unloaded after import = 0
========================================================================
Received Import Request.
  Time since last request: 0.004718 seconds.
  path: Assets/CustomRP/Runtime/Lighting.cs
  artifactKey: Guid(98ae4963f0b436048990d0bd05810470) Importer(815301076,1909f56bfc062723c751e8b465ee728b)
Start importing Assets/CustomRP/Runtime/Lighting.cs using Guid(98ae4963f0b436048990d0bd05810470) Importer(815301076,1909f56bfc062723c751e8b465ee728b)  -> (artifact id: '00000000000000000000000000000000') in 0.000349 seconds
Import Error Code:(4)
Message: Build asset version error: assets/customrp/runtime/lighting.cs in SourceAssetDB has modification time of '2024-09-18T03:50:32.1130814Z' while content on disk has modification time of '2024-09-18T03:50:41.0316514Z'
  ERROR: Build asset version error: assets/customrp/runtime/lighting.cs in SourceAssetDB has modification time of '2024-09-18T03:50:32.1130814Z' while content on disk has modification time of '2024-09-18T03:50:41.0316514Z'
Number of updated asset objects reloaded before import = 0
Number of asset objects unloaded after import = 0
========================================================================
Received Import Request.
  Time since last request: 0.005304 seconds.
  path: Assets/CustomRP/Runtime/Lighting.cs
  artifactKey: Guid(98ae4963f0b436048990d0bd05810470) Importer(815301076,1909f56bfc062723c751e8b465ee728b)
Start importing Assets/CustomRP/Runtime/Lighting.cs using Guid(98ae4963f0b436048990d0bd05810470) Importer(815301076,1909f56bfc062723c751e8b465ee728b)  -> (artifact id: '00000000000000000000000000000000') in 0.000380 seconds
Import Error Code:(4)
Message: Build asset version error: assets/customrp/runtime/lighting.cs in SourceAssetDB has modification time of '2024-09-18T03:50:32.1130814Z' while content on disk has modification time of '2024-09-18T03:50:41.0316514Z'
  ERROR: Build asset version error: assets/customrp/runtime/lighting.cs in SourceAssetDB has modification time of '2024-09-18T03:50:32.1130814Z' while content on disk has modification time of '2024-09-18T03:50:41.0316514Z'
Number of updated asset objects reloaded before import = 0
Number of asset objects unloaded after import = 0
========================================================================
Received Import Request.
  Time since last request: 0.005845 seconds.
  path: Assets/CustomRP/Runtime/Lighting.cs
  artifactKey: Guid(98ae4963f0b436048990d0bd05810470) Importer(815301076,1909f56bfc062723c751e8b465ee728b)
Start importing Assets/CustomRP/Runtime/Lighting.cs using Guid(98ae4963f0b436048990d0bd05810470) Importer(815301076,1909f56bfc062723c751e8b465ee728b)  -> (artifact id: '00000000000000000000000000000000') in 0.000351 seconds
Import Error Code:(4)
Message: Build asset version error: assets/customrp/runtime/lighting.cs in SourceAssetDB has modification time of '2024-09-18T03:50:32.1130814Z' while content on disk has modification time of '2024-09-18T03:50:41.0316514Z'
  ERROR: Build asset version error: assets/customrp/runtime/lighting.cs in SourceAssetDB has modification time of '2024-09-18T03:50:32.1130814Z' while content on disk has modification time of '2024-09-18T03:50:41.0316514Z'
Number of updated asset objects reloaded before import = 0
Number of asset objects unloaded after import = 0
========================================================================
Received Import Request.
  Time since last request: 0.005335 seconds.
  path: Assets/CustomRP/Runtime/Lighting.cs
  artifactKey: Guid(98ae4963f0b436048990d0bd05810470) Importer(815301076,1909f56bfc062723c751e8b465ee728b)
Start importing Assets/CustomRP/Runtime/Lighting.cs using Guid(98ae4963f0b436048990d0bd05810470) Importer(815301076,1909f56bfc062723c751e8b465ee728b)  -> (artifact id: '00000000000000000000000000000000') in 0.000394 seconds
Import Error Code:(4)
Message: Build asset version error: assets/customrp/runtime/lighting.cs in SourceAssetDB has modification time of '2024-09-18T03:50:32.1130814Z' while content on disk has modification time of '2024-09-18T03:50:41.0316514Z'
  ERROR: Build asset version error: assets/customrp/runtime/lighting.cs in SourceAssetDB has modification time of '2024-09-18T03:50:32.1130814Z' while content on disk has modification time of '2024-09-18T03:50:41.0316514Z'
Number of updated asset objects reloaded before import = 0
Number of asset objects unloaded after import = 0
========================================================================
Received Import Request.
  Time since last request: 0.005827 seconds.
  path: Assets/CustomRP/Runtime/Lighting.cs
  artifactKey: Guid(98ae4963f0b436048990d0bd05810470) Importer(815301076,1909f56bfc062723c751e8b465ee728b)
Start importing Assets/CustomRP/Runtime/Lighting.cs using Guid(98ae4963f0b436048990d0bd05810470) Importer(815301076,1909f56bfc062723c751e8b465ee728b)  -> (artifact id: '00000000000000000000000000000000') in 0.000337 seconds
Import Error Code:(4)
Message: Build asset version error: assets/customrp/runtime/lighting.cs in SourceAssetDB has modification time of '2024-09-18T03:50:32.1130814Z' while content on disk has modification time of '2024-09-18T03:50:41.0316514Z'
  ERROR: Build asset version error: assets/customrp/runtime/lighting.cs in SourceAssetDB has modification time of '2024-09-18T03:50:32.1130814Z' while content on disk has modification time of '2024-09-18T03:50:41.0316514Z'
Number of updated asset objects reloaded before import = 0
Number of asset objects unloaded after import = 0
========================================================================
Received Import Request.
  Time since last request: 0.004592 seconds.
  path: Assets/CustomRP/Runtime/Lighting.cs
  artifactKey: Guid(98ae4963f0b436048990d0bd05810470) Importer(815301076,1909f56bfc062723c751e8b465ee728b)
Start importing Assets/CustomRP/Runtime/Lighting.cs using Guid(98ae4963f0b436048990d0bd05810470) Importer(815301076,1909f56bfc062723c751e8b465ee728b)  -> (artifact id: '00000000000000000000000000000000') in 0.000304 seconds
Import Error Code:(4)
Message: Build asset version error: assets/customrp/runtime/lighting.cs in SourceAssetDB has modification time of '2024-09-18T03:50:32.1130814Z' while content on disk has modification time of '2024-09-18T03:50:41.0316514Z'
  ERROR: Build asset version error: assets/customrp/runtime/lighting.cs in SourceAssetDB has modification time of '2024-09-18T03:50:32.1130814Z' while content on disk has modification time of '2024-09-18T03:50:41.0316514Z'
Number of updated asset objects reloaded before import = 0
Number of asset objects unloaded after import = 0
========================================================================
Received Import Request.
  Time since last request: 0.004412 seconds.
  path: Assets/CustomRP/Runtime/Lighting.cs
  artifactKey: Guid(98ae4963f0b436048990d0bd05810470) Importer(815301076,1909f56bfc062723c751e8b465ee728b)
Start importing Assets/CustomRP/Runtime/Lighting.cs using Guid(98ae4963f0b436048990d0bd05810470) Importer(815301076,1909f56bfc062723c751e8b465ee728b)  -> (artifact id: '00000000000000000000000000000000') in 0.000298 seconds
Import Error Code:(4)
Message: Build asset version error: assets/customrp/runtime/lighting.cs in SourceAssetDB has modification time of '2024-09-18T03:50:32.1130814Z' while content on disk has modification time of '2024-09-18T03:50:41.0316514Z'
  ERROR: Build asset version error: assets/customrp/runtime/lighting.cs in SourceAssetDB has modification time of '2024-09-18T03:50:32.1130814Z' while content on disk has modification time of '2024-09-18T03:50:41.0316514Z'
Number of updated asset objects reloaded before import = 0
Number of asset objects unloaded after import = 0
========================================================================
Received Import Request.
  Time since last request: 0.008866 seconds.
  path: Assets/CustomRP/Runtime/Lighting.cs
  artifactKey: Guid(98ae4963f0b436048990d0bd05810470) Importer(815301076,1909f56bfc062723c751e8b465ee728b)
Start importing Assets/CustomRP/Runtime/Lighting.cs using Guid(98ae4963f0b436048990d0bd05810470) Importer(815301076,1909f56bfc062723c751e8b465ee728b)  -> (artifact id: '00000000000000000000000000000000') in 0.000396 seconds
Import Error Code:(4)
Message: Build asset version error: assets/customrp/runtime/lighting.cs in SourceAssetDB has modification time of '2024-09-18T03:50:32.1130814Z' while content on disk has modification time of '2024-09-18T03:50:41.0316514Z'
  ERROR: Build asset version error: assets/customrp/runtime/lighting.cs in SourceAssetDB has modification time of '2024-09-18T03:50:32.1130814Z' while content on disk has modification time of '2024-09-18T03:50:41.0316514Z'
Number of updated asset objects reloaded before import = 0
Number of asset objects unloaded after import = 0
========================================================================
Received Import Request.
  Time since last request: 0.004759 seconds.
  path: Assets/CustomRP/Runtime/Lighting.cs
  artifactKey: Guid(98ae4963f0b436048990d0bd05810470) Importer(815301076,1909f56bfc062723c751e8b465ee728b)
Start importing Assets/CustomRP/Runtime/Lighting.cs using Guid(98ae4963f0b436048990d0bd05810470) Importer(815301076,1909f56bfc062723c751e8b465ee728b)  -> (artifact id: '00000000000000000000000000000000') in 0.000313 seconds
Import Error Code:(4)
Message: Build asset version error: assets/customrp/runtime/lighting.cs in SourceAssetDB has modification time of '2024-09-18T03:50:32.1130814Z' while content on disk has modification time of '2024-09-18T03:50:41.0316514Z'
  ERROR: Build asset version error: assets/customrp/runtime/lighting.cs in SourceAssetDB has modification time of '2024-09-18T03:50:32.1130814Z' while content on disk has modification time of '2024-09-18T03:50:41.0316514Z'
Number of updated asset objects reloaded before import = 0
Number of asset objects unloaded after import = 0
========================================================================
Received Import Request.
  Time since last request: 0.005118 seconds.
  path: Assets/CustomRP/Runtime/Lighting.cs
  artifactKey: Guid(98ae4963f0b436048990d0bd05810470) Importer(815301076,1909f56bfc062723c751e8b465ee728b)
Start importing Assets/CustomRP/Runtime/Lighting.cs using Guid(98ae4963f0b436048990d0bd05810470) Importer(815301076,1909f56bfc062723c751e8b465ee728b)  -> (artifact id: '00000000000000000000000000000000') in 0.000346 seconds
Import Error Code:(4)
Message: Build asset version error: assets/customrp/runtime/lighting.cs in SourceAssetDB has modification time of '2024-09-18T03:50:32.1130814Z' while content on disk has modification time of '2024-09-18T03:50:41.0316514Z'
  ERROR: Build asset version error: assets/customrp/runtime/lighting.cs in SourceAssetDB has modification time of '2024-09-18T03:50:32.1130814Z' while content on disk has modification time of '2024-09-18T03:50:41.0316514Z'
Number of updated asset objects reloaded before import = 0
Number of asset objects unloaded after import = 0
========================================================================
Received Import Request.
  Time since last request: 0.004490 seconds.
  path: Assets/CustomRP/Runtime/Lighting.cs
  artifactKey: Guid(98ae4963f0b436048990d0bd05810470) Importer(815301076,1909f56bfc062723c751e8b465ee728b)
Start importing Assets/CustomRP/Runtime/Lighting.cs using Guid(98ae4963f0b436048990d0bd05810470) Importer(815301076,1909f56bfc062723c751e8b465ee728b)  -> (artifact id: '00000000000000000000000000000000') in 0.000290 seconds
Import Error Code:(4)
Message: Build asset version error: assets/customrp/runtime/lighting.cs in SourceAssetDB has modification time of '2024-09-18T03:50:32.1130814Z' while content on disk has modification time of '2024-09-18T03:50:41.0316514Z'
  ERROR: Build asset version error: assets/customrp/runtime/lighting.cs in SourceAssetDB has modification time of '2024-09-18T03:50:32.1130814Z' while content on disk has modification time of '2024-09-18T03:50:41.0316514Z'
Number of updated asset objects reloaded before import = 0
Number of asset objects unloaded after import = 0
========================================================================
Received Import Request.
  Time since last request: 0.004248 seconds.
  path: Assets/CustomRP/Runtime/Lighting.cs
  artifactKey: Guid(98ae4963f0b436048990d0bd05810470) Importer(815301076,1909f56bfc062723c751e8b465ee728b)
Start importing Assets/CustomRP/Runtime/Lighting.cs using Guid(98ae4963f0b436048990d0bd05810470) Importer(815301076,1909f56bfc062723c751e8b465ee728b)  -> (artifact id: '00000000000000000000000000000000') in 0.000280 seconds
Import Error Code:(4)
Message: Build asset version error: assets/customrp/runtime/lighting.cs in SourceAssetDB has modification time of '2024-09-18T03:50:32.1130814Z' while content on disk has modification time of '2024-09-18T03:50:41.0316514Z'
  ERROR: Build asset version error: assets/customrp/runtime/lighting.cs in SourceAssetDB has modification time of '2024-09-18T03:50:32.1130814Z' while content on disk has modification time of '2024-09-18T03:50:41.0316514Z'
Number of updated asset objects reloaded before import = 0
Number of asset objects unloaded after import = 0
========================================================================
Received Import Request.
  Time since last request: 0.004973 seconds.
  path: Assets/CustomRP/Runtime/Lighting.cs
  artifactKey: Guid(98ae4963f0b436048990d0bd05810470) Importer(815301076,1909f56bfc062723c751e8b465ee728b)
Start importing Assets/CustomRP/Runtime/Lighting.cs using Guid(98ae4963f0b436048990d0bd05810470) Importer(815301076,1909f56bfc062723c751e8b465ee728b)  -> (artifact id: '00000000000000000000000000000000') in 0.000324 seconds
Import Error Code:(4)
Message: Build asset version error: assets/customrp/runtime/lighting.cs in SourceAssetDB has modification time of '2024-09-18T03:50:32.1130814Z' while content on disk has modification time of '2024-09-18T03:50:41.0316514Z'
  ERROR: Build asset version error: assets/customrp/runtime/lighting.cs in SourceAssetDB has modification time of '2024-09-18T03:50:32.1130814Z' while content on disk has modification time of '2024-09-18T03:50:41.0316514Z'
Number of updated asset objects reloaded before import = 0
Number of asset objects unloaded after import = 0
========================================================================
Received Import Request.
  Time since last request: 0.004766 seconds.
  path: Assets/CustomRP/Runtime/Lighting.cs
  artifactKey: Guid(98ae4963f0b436048990d0bd05810470) Importer(815301076,1909f56bfc062723c751e8b465ee728b)
Start importing Assets/CustomRP/Runtime/Lighting.cs using Guid(98ae4963f0b436048990d0bd05810470) Importer(815301076,1909f56bfc062723c751e8b465ee728b)  -> (artifact id: '00000000000000000000000000000000') in 0.000305 seconds
Import Error Code:(4)
Message: Build asset version error: assets/customrp/runtime/lighting.cs in SourceAssetDB has modification time of '2024-09-18T03:50:32.1130814Z' while content on disk has modification time of '2024-09-18T03:50:41.0316514Z'
  ERROR: Build asset version error: assets/customrp/runtime/lighting.cs in SourceAssetDB has modification time of '2024-09-18T03:50:32.1130814Z' while content on disk has modification time of '2024-09-18T03:50:41.0316514Z'
Number of updated asset objects reloaded before import = 0
Number of asset objects unloaded after import = 0
========================================================================
Received Import Request.
  Time since last request: 0.004583 seconds.
  path: Assets/CustomRP/Runtime/Lighting.cs
  artifactKey: Guid(98ae4963f0b436048990d0bd05810470) Importer(815301076,1909f56bfc062723c751e8b465ee728b)
Start importing Assets/CustomRP/Runtime/Lighting.cs using Guid(98ae4963f0b436048990d0bd05810470) Importer(815301076,1909f56bfc062723c751e8b465ee728b)  -> (artifact id: '00000000000000000000000000000000') in 0.000330 seconds
Import Error Code:(4)
Message: Build asset version error: assets/customrp/runtime/lighting.cs in SourceAssetDB has modification time of '2024-09-18T03:50:32.1130814Z' while content on disk has modification time of '2024-09-18T03:50:41.0316514Z'
  ERROR: Build asset version error: assets/customrp/runtime/lighting.cs in SourceAssetDB has modification time of '2024-09-18T03:50:32.1130814Z' while content on disk has modification time of '2024-09-18T03:50:41.0316514Z'
Number of updated asset objects reloaded before import = 0
Number of asset objects unloaded after import = 0
========================================================================
Received Import Request.
  Time since last request: 0.006070 seconds.
  path: Assets/CustomRP/Runtime/Lighting.cs
  artifactKey: Guid(98ae4963f0b436048990d0bd05810470) Importer(815301076,1909f56bfc062723c751e8b465ee728b)
Start importing Assets/CustomRP/Runtime/Lighting.cs using Guid(98ae4963f0b436048990d0bd05810470) Importer(815301076,1909f56bfc062723c751e8b465ee728b)  -> (artifact id: '00000000000000000000000000000000') in 0.000340 seconds
Import Error Code:(4)
Message: Build asset version error: assets/customrp/runtime/lighting.cs in SourceAssetDB has modification time of '2024-09-18T03:50:32.1130814Z' while content on disk has modification time of '2024-09-18T03:50:41.0316514Z'
  ERROR: Build asset version error: assets/customrp/runtime/lighting.cs in SourceAssetDB has modification time of '2024-09-18T03:50:32.1130814Z' while content on disk has modification time of '2024-09-18T03:50:41.0316514Z'
Number of updated asset objects reloaded before import = 0
Number of asset objects unloaded after import = 0
========================================================================
Received Import Request.
  Time since last request: 0.005508 seconds.
  path: Assets/CustomRP/Runtime/Lighting.cs
  artifactKey: Guid(98ae4963f0b436048990d0bd05810470) Importer(815301076,1909f56bfc062723c751e8b465ee728b)
Start importing Assets/CustomRP/Runtime/Lighting.cs using Guid(98ae4963f0b436048990d0bd05810470) Importer(815301076,1909f56bfc062723c751e8b465ee728b)  -> (artifact id: '00000000000000000000000000000000') in 0.000380 seconds
Import Error Code:(4)
Message: Build asset version error: assets/customrp/runtime/lighting.cs in SourceAssetDB has modification time of '2024-09-18T03:50:32.1130814Z' while content on disk has modification time of '2024-09-18T03:50:41.0316514Z'
  ERROR: Build asset version error: assets/customrp/runtime/lighting.cs in SourceAssetDB has modification time of '2024-09-18T03:50:32.1130814Z' while content on disk has modification time of '2024-09-18T03:50:41.0316514Z'
Number of updated asset objects reloaded before import = 0
Number of asset objects unloaded after import = 0
========================================================================
Received Import Request.
  Time since last request: 0.005780 seconds.
  path: Assets/CustomRP/Runtime/Lighting.cs
  artifactKey: Guid(98ae4963f0b436048990d0bd05810470) Importer(815301076,1909f56bfc062723c751e8b465ee728b)
Start importing Assets/CustomRP/Runtime/Lighting.cs using Guid(98ae4963f0b436048990d0bd05810470) Importer(815301076,1909f56bfc062723c751e8b465ee728b)  -> (artifact id: '00000000000000000000000000000000') in 0.000346 seconds
Import Error Code:(4)
Message: Build asset version error: assets/customrp/runtime/lighting.cs in SourceAssetDB has modification time of '2024-09-18T03:50:32.1130814Z' while content on disk has modification time of '2024-09-18T03:50:41.0316514Z'
  ERROR: Build asset version error: assets/customrp/runtime/lighting.cs in SourceAssetDB has modification time of '2024-09-18T03:50:32.1130814Z' while content on disk has modification time of '2024-09-18T03:50:41.0316514Z'
Number of updated asset objects reloaded before import = 0
Number of asset objects unloaded after import = 0
========================================================================
Received Import Request.
  Time since last request: 0.005728 seconds.
  path: Assets/CustomRP/Runtime/Lighting.cs
  artifactKey: Guid(98ae4963f0b436048990d0bd05810470) Importer(815301076,1909f56bfc062723c751e8b465ee728b)
Start importing Assets/CustomRP/Runtime/Lighting.cs using Guid(98ae4963f0b436048990d0bd05810470) Importer(815301076,1909f56bfc062723c751e8b465ee728b)  -> (artifact id: '00000000000000000000000000000000') in 0.000361 seconds
Import Error Code:(4)
Message: Build asset version error: assets/customrp/runtime/lighting.cs in SourceAssetDB has modification time of '2024-09-18T03:50:32.1130814Z' while content on disk has modification time of '2024-09-18T03:50:41.0316514Z'
  ERROR: Build asset version error: assets/customrp/runtime/lighting.cs in SourceAssetDB has modification time of '2024-09-18T03:50:32.1130814Z' while content on disk has modification time of '2024-09-18T03:50:41.0316514Z'
Number of updated asset objects reloaded before import = 0
Number of asset objects unloaded after import = 0
========================================================================
Received Import Request.
  Time since last request: 0.004893 seconds.
  path: Assets/CustomRP/Runtime/Lighting.cs
  artifactKey: Guid(98ae4963f0b436048990d0bd05810470) Importer(815301076,1909f56bfc062723c751e8b465ee728b)
Start importing Assets/CustomRP/Runtime/Lighting.cs using Guid(98ae4963f0b436048990d0bd05810470) Importer(815301076,1909f56bfc062723c751e8b465ee728b)  -> (artifact id: '00000000000000000000000000000000') in 0.000447 seconds
Import Error Code:(4)
Message: Build asset version error: assets/customrp/runtime/lighting.cs in SourceAssetDB has modification time of '2024-09-18T03:50:32.1130814Z' while content on disk has modification time of '2024-09-18T03:50:41.0316514Z'
  ERROR: Build asset version error: assets/customrp/runtime/lighting.cs in SourceAssetDB has modification time of '2024-09-18T03:50:32.1130814Z' while content on disk has modification time of '2024-09-18T03:50:41.0316514Z'
Number of updated asset objects reloaded before import = 0
Number of asset objects unloaded after import = 0
========================================================================
Received Import Request.
  Time since last request: 0.005609 seconds.
  path: Assets/CustomRP/Runtime/Lighting.cs
  artifactKey: Guid(98ae4963f0b436048990d0bd05810470) Importer(815301076,1909f56bfc062723c751e8b465ee728b)
Start importing Assets/CustomRP/Runtime/Lighting.cs using Guid(98ae4963f0b436048990d0bd05810470) Importer(815301076,1909f56bfc062723c751e8b465ee728b)  -> (artifact id: '00000000000000000000000000000000') in 0.000429 seconds
Import Error Code:(4)
Message: Build asset version error: assets/customrp/runtime/lighting.cs in SourceAssetDB has modification time of '2024-09-18T03:50:32.1130814Z' while content on disk has modification time of '2024-09-18T03:50:41.0316514Z'
  ERROR: Build asset version error: assets/customrp/runtime/lighting.cs in SourceAssetDB has modification time of '2024-09-18T03:50:32.1130814Z' while content on disk has modification time of '2024-09-18T03:50:41.0316514Z'
Number of updated asset objects reloaded before import = 0
Number of asset objects unloaded after import = 0
========================================================================
Received Import Request.
  Time since last request: 0.005576 seconds.
  path: Assets/CustomRP/Runtime/Lighting.cs
  artifactKey: Guid(98ae4963f0b436048990d0bd05810470) Importer(815301076,1909f56bfc062723c751e8b465ee728b)
Start importing Assets/CustomRP/Runtime/Lighting.cs using Guid(98ae4963f0b436048990d0bd05810470) Importer(815301076,1909f56bfc062723c751e8b465ee728b)  -> (artifact id: '00000000000000000000000000000000') in 0.000333 seconds
Import Error Code:(4)
Message: Build asset version error: assets/customrp/runtime/lighting.cs in SourceAssetDB has modification time of '2024-09-18T03:50:32.1130814Z' while content on disk has modification time of '2024-09-18T03:50:41.0316514Z'
  ERROR: Build asset version error: assets/customrp/runtime/lighting.cs in SourceAssetDB has modification time of '2024-09-18T03:50:32.1130814Z' while content on disk has modification time of '2024-09-18T03:50:41.0316514Z'
Number of updated asset objects reloaded before import = 0
Number of asset objects unloaded after import = 0
========================================================================
Received Import Request.
  Time since last request: 0.005394 seconds.
  path: Assets/CustomRP/Runtime/Lighting.cs
  artifactKey: Guid(98ae4963f0b436048990d0bd05810470) Importer(815301076,1909f56bfc062723c751e8b465ee728b)
Start importing Assets/CustomRP/Runtime/Lighting.cs using Guid(98ae4963f0b436048990d0bd05810470) Importer(815301076,1909f56bfc062723c751e8b465ee728b)  -> (artifact id: '00000000000000000000000000000000') in 0.000339 seconds
Import Error Code:(4)
Message: Build asset version error: assets/customrp/runtime/lighting.cs in SourceAssetDB has modification time of '2024-09-18T03:50:32.1130814Z' while content on disk has modification time of '2024-09-18T03:50:41.0316514Z'
  ERROR: Build asset version error: assets/customrp/runtime/lighting.cs in SourceAssetDB has modification time of '2024-09-18T03:50:32.1130814Z' while content on disk has modification time of '2024-09-18T03:50:41.0316514Z'
Number of updated asset objects reloaded before import = 0
Number of asset objects unloaded after import = 0
========================================================================
Received Import Request.
  Time since last request: 0.005927 seconds.
  path: Assets/CustomRP/Runtime/Lighting.cs
  artifactKey: Guid(98ae4963f0b436048990d0bd05810470) Importer(815301076,1909f56bfc062723c751e8b465ee728b)
Start importing Assets/CustomRP/Runtime/Lighting.cs using Guid(98ae4963f0b436048990d0bd05810470) Importer(815301076,1909f56bfc062723c751e8b465ee728b)  -> (artifact id: '00000000000000000000000000000000') in 0.000376 seconds
Import Error Code:(4)
Message: Build asset version error: assets/customrp/runtime/lighting.cs in SourceAssetDB has modification time of '2024-09-18T03:50:32.1130814Z' while content on disk has modification time of '2024-09-18T03:50:41.0316514Z'
  ERROR: Build asset version error: assets/customrp/runtime/lighting.cs in SourceAssetDB has modification time of '2024-09-18T03:50:32.1130814Z' while content on disk has modification time of '2024-09-18T03:50:41.0316514Z'
Number of updated asset objects reloaded before import = 0
Number of asset objects unloaded after import = 0
========================================================================
Received Import Request.
  Time since last request: 0.005390 seconds.
  path: Assets/CustomRP/Runtime/Lighting.cs
  artifactKey: Guid(98ae4963f0b436048990d0bd05810470) Importer(815301076,1909f56bfc062723c751e8b465ee728b)
Start importing Assets/CustomRP/Runtime/Lighting.cs using Guid(98ae4963f0b436048990d0bd05810470) Importer(815301076,1909f56bfc062723c751e8b465ee728b)  -> (artifact id: '00000000000000000000000000000000') in 0.000356 seconds
Import Error Code:(4)
Message: Build asset version error: assets/customrp/runtime/lighting.cs in SourceAssetDB has modification time of '2024-09-18T03:50:32.1130814Z' while content on disk has modification time of '2024-09-18T03:50:41.0316514Z'
  ERROR: Build asset version error: assets/customrp/runtime/lighting.cs in SourceAssetDB has modification time of '2024-09-18T03:50:32.1130814Z' while content on disk has modification time of '2024-09-18T03:50:41.0316514Z'
Number of updated asset objects reloaded before import = 0
Number of asset objects unloaded after import = 0
========================================================================
Received Import Request.
  Time since last request: 0.004902 seconds.
  path: Assets/CustomRP/Runtime/Lighting.cs
  artifactKey: Guid(98ae4963f0b436048990d0bd05810470) Importer(815301076,1909f56bfc062723c751e8b465ee728b)
Start importing Assets/CustomRP/Runtime/Lighting.cs using Guid(98ae4963f0b436048990d0bd05810470) Importer(815301076,1909f56bfc062723c751e8b465ee728b)  -> (artifact id: '00000000000000000000000000000000') in 0.000349 seconds
Import Error Code:(4)
Message: Build asset version error: assets/customrp/runtime/lighting.cs in SourceAssetDB has modification time of '2024-09-18T03:50:32.1130814Z' while content on disk has modification time of '2024-09-18T03:50:41.0316514Z'
  ERROR: Build asset version error: assets/customrp/runtime/lighting.cs in SourceAssetDB has modification time of '2024-09-18T03:50:32.1130814Z' while content on disk has modification time of '2024-09-18T03:50:41.0316514Z'
Number of updated asset objects reloaded before import = 0
Number of asset objects unloaded after import = 0
========================================================================
Received Import Request.
  Time since last request: 0.004699 seconds.
  path: Assets/CustomRP/Runtime/Lighting.cs
  artifactKey: Guid(98ae4963f0b436048990d0bd05810470) Importer(815301076,1909f56bfc062723c751e8b465ee728b)
Start importing Assets/CustomRP/Runtime/Lighting.cs using Guid(98ae4963f0b436048990d0bd05810470) Importer(815301076,1909f56bfc062723c751e8b465ee728b)  -> (artifact id: '00000000000000000000000000000000') in 0.000327 seconds
Import Error Code:(4)
Message: Build asset version error: assets/customrp/runtime/lighting.cs in SourceAssetDB has modification time of '2024-09-18T03:50:32.1130814Z' while content on disk has modification time of '2024-09-18T03:50:41.0316514Z'
  ERROR: Build asset version error: assets/customrp/runtime/lighting.cs in SourceAssetDB has modification time of '2024-09-18T03:50:32.1130814Z' while content on disk has modification time of '2024-09-18T03:50:41.0316514Z'
Number of updated asset objects reloaded before import = 0
Number of asset objects unloaded after import = 0
========================================================================
Received Import Request.
  Time since last request: 0.004984 seconds.
  path: Assets/CustomRP/Runtime/Lighting.cs
  artifactKey: Guid(98ae4963f0b436048990d0bd05810470) Importer(815301076,1909f56bfc062723c751e8b465ee728b)
Start importing Assets/CustomRP/Runtime/Lighting.cs using Guid(98ae4963f0b436048990d0bd05810470) Importer(815301076,1909f56bfc062723c751e8b465ee728b)  -> (artifact id: '00000000000000000000000000000000') in 0.000356 seconds
Import Error Code:(4)
Message: Build asset version error: assets/customrp/runtime/lighting.cs in SourceAssetDB has modification time of '2024-09-18T03:50:32.1130814Z' while content on disk has modification time of '2024-09-18T03:50:41.0316514Z'
  ERROR: Build asset version error: assets/customrp/runtime/lighting.cs in SourceAssetDB has modification time of '2024-09-18T03:50:32.1130814Z' while content on disk has modification time of '2024-09-18T03:50:41.0316514Z'
Number of updated asset objects reloaded before import = 0
Number of asset objects unloaded after import = 0
========================================================================
Received Import Request.
  Time since last request: 0.005263 seconds.
  path: Assets/CustomRP/Runtime/Lighting.cs
  artifactKey: Guid(98ae4963f0b436048990d0bd05810470) Importer(815301076,1909f56bfc062723c751e8b465ee728b)
Start importing Assets/CustomRP/Runtime/Lighting.cs using Guid(98ae4963f0b436048990d0bd05810470) Importer(815301076,1909f56bfc062723c751e8b465ee728b)  -> (artifact id: '00000000000000000000000000000000') in 0.000348 seconds
Import Error Code:(4)
Message: Build asset version error: assets/customrp/runtime/lighting.cs in SourceAssetDB has modification time of '2024-09-18T03:50:32.1130814Z' while content on disk has modification time of '2024-09-18T03:50:41.0316514Z'
  ERROR: Build asset version error: assets/customrp/runtime/lighting.cs in SourceAssetDB has modification time of '2024-09-18T03:50:32.1130814Z' while content on disk has modification time of '2024-09-18T03:50:41.0316514Z'
Number of updated asset objects reloaded before import = 0
Number of asset objects unloaded after import = 0
========================================================================
Received Import Request.
  Time since last request: 0.005984 seconds.
  path: Assets/CustomRP/Runtime/Lighting.cs
  artifactKey: Guid(98ae4963f0b436048990d0bd05810470) Importer(815301076,1909f56bfc062723c751e8b465ee728b)
Start importing Assets/CustomRP/Runtime/Lighting.cs using Guid(98ae4963f0b436048990d0bd05810470) Importer(815301076,1909f56bfc062723c751e8b465ee728b)  -> (artifact id: '00000000000000000000000000000000') in 0.000628 seconds
Import Error Code:(4)
Message: Build asset version error: assets/customrp/runtime/lighting.cs in SourceAssetDB has modification time of '2024-09-18T03:50:32.1130814Z' while content on disk has modification time of '2024-09-18T03:50:41.0316514Z'
  ERROR: Build asset version error: assets/customrp/runtime/lighting.cs in SourceAssetDB has modification time of '2024-09-18T03:50:32.1130814Z' while content on disk has modification time of '2024-09-18T03:50:41.0316514Z'
Number of updated asset objects reloaded before import = 0
Number of asset objects unloaded after import = 0
========================================================================
Received Import Request.
  Time since last request: 0.006182 seconds.
  path: Assets/CustomRP/Runtime/Lighting.cs
  artifactKey: Guid(98ae4963f0b436048990d0bd05810470) Importer(815301076,1909f56bfc062723c751e8b465ee728b)
Start importing Assets/CustomRP/Runtime/Lighting.cs using Guid(98ae4963f0b436048990d0bd05810470) Importer(815301076,1909f56bfc062723c751e8b465ee728b)  -> (artifact id: '00000000000000000000000000000000') in 0.000354 seconds
Import Error Code:(4)
Message: Build asset version error: assets/customrp/runtime/lighting.cs in SourceAssetDB has modification time of '2024-09-18T03:50:32.1130814Z' while content on disk has modification time of '2024-09-18T03:50:41.0316514Z'
  ERROR: Build asset version error: assets/customrp/runtime/lighting.cs in SourceAssetDB has modification time of '2024-09-18T03:50:32.1130814Z' while content on disk has modification time of '2024-09-18T03:50:41.0316514Z'
Number of updated asset objects reloaded before import = 0
Number of asset objects unloaded after import = 0
========================================================================
Received Import Request.
  Time since last request: 0.006104 seconds.
  path: Assets/CustomRP/Runtime/Lighting.cs
  artifactKey: Guid(98ae4963f0b436048990d0bd05810470) Importer(815301076,1909f56bfc062723c751e8b465ee728b)
Start importing Assets/CustomRP/Runtime/Lighting.cs using Guid(98ae4963f0b436048990d0bd05810470) Importer(815301076,1909f56bfc062723c751e8b465ee728b)  -> (artifact id: '00000000000000000000000000000000') in 0.000336 seconds
Import Error Code:(4)
Message: Build asset version error: assets/customrp/runtime/lighting.cs in SourceAssetDB has modification time of '2024-09-18T03:50:32.1130814Z' while content on disk has modification time of '2024-09-18T03:50:41.0316514Z'
  ERROR: Build asset version error: assets/customrp/runtime/lighting.cs in SourceAssetDB has modification time of '2024-09-18T03:50:32.1130814Z' while content on disk has modification time of '2024-09-18T03:50:41.0316514Z'
Number of updated asset objects reloaded before import = 0
Number of asset objects unloaded after import = 0
========================================================================
Received Import Request.
  Time since last request: 0.006457 seconds.
  path: Assets/CustomRP/Runtime/Lighting.cs
  artifactKey: Guid(98ae4963f0b436048990d0bd05810470) Importer(815301076,1909f56bfc062723c751e8b465ee728b)
Start importing Assets/CustomRP/Runtime/Lighting.cs using Guid(98ae4963f0b436048990d0bd05810470) Importer(815301076,1909f56bfc062723c751e8b465ee728b)  -> (artifact id: '00000000000000000000000000000000') in 0.000338 seconds
Import Error Code:(4)
Message: Build asset version error: assets/customrp/runtime/lighting.cs in SourceAssetDB has modification time of '2024-09-18T03:50:32.1130814Z' while content on disk has modification time of '2024-09-18T03:50:41.0316514Z'
  ERROR: Build asset version error: assets/customrp/runtime/lighting.cs in SourceAssetDB has modification time of '2024-09-18T03:50:32.1130814Z' while content on disk has modification time of '2024-09-18T03:50:41.0316514Z'
Number of updated asset objects reloaded before import = 0
Number of asset objects unloaded after import = 0
========================================================================
Received Import Request.
  Time since last request: 0.005305 seconds.
  path: Assets/CustomRP/Runtime/Lighting.cs
  artifactKey: Guid(98ae4963f0b436048990d0bd05810470) Importer(815301076,1909f56bfc062723c751e8b465ee728b)
Start importing Assets/CustomRP/Runtime/Lighting.cs using Guid(98ae4963f0b436048990d0bd05810470) Importer(815301076,1909f56bfc062723c751e8b465ee728b)  -> (artifact id: '00000000000000000000000000000000') in 0.000366 seconds
Import Error Code:(4)
Message: Build asset version error: assets/customrp/runtime/lighting.cs in SourceAssetDB has modification time of '2024-09-18T03:50:32.1130814Z' while content on disk has modification time of '2024-09-18T03:50:41.0316514Z'
  ERROR: Build asset version error: assets/customrp/runtime/lighting.cs in SourceAssetDB has modification time of '2024-09-18T03:50:32.1130814Z' while content on disk has modification time of '2024-09-18T03:50:41.0316514Z'
Number of updated asset objects reloaded before import = 0
Number of asset objects unloaded after import = 0
========================================================================
Received Import Request.
  Time since last request: 0.005987 seconds.
  path: Assets/CustomRP/Runtime/Lighting.cs
  artifactKey: Guid(98ae4963f0b436048990d0bd05810470) Importer(815301076,1909f56bfc062723c751e8b465ee728b)
Start importing Assets/CustomRP/Runtime/Lighting.cs using Guid(98ae4963f0b436048990d0bd05810470) Importer(815301076,1909f56bfc062723c751e8b465ee728b)  -> (artifact id: '00000000000000000000000000000000') in 0.000356 seconds
Import Error Code:(4)
Message: Build asset version error: assets/customrp/runtime/lighting.cs in SourceAssetDB has modification time of '2024-09-18T03:50:32.1130814Z' while content on disk has modification time of '2024-09-18T03:50:41.0316514Z'
  ERROR: Build asset version error: assets/customrp/runtime/lighting.cs in SourceAssetDB has modification time of '2024-09-18T03:50:32.1130814Z' while content on disk has modification time of '2024-09-18T03:50:41.0316514Z'
Number of updated asset objects reloaded before import = 0
Number of asset objects unloaded after import = 0
========================================================================
Received Import Request.
  Time since last request: 0.005041 seconds.
  path: Assets/CustomRP/Runtime/Lighting.cs
  artifactKey: Guid(98ae4963f0b436048990d0bd05810470) Importer(815301076,1909f56bfc062723c751e8b465ee728b)
Start importing Assets/CustomRP/Runtime/Lighting.cs using Guid(98ae4963f0b436048990d0bd05810470) Importer(815301076,1909f56bfc062723c751e8b465ee728b)  -> (artifact id: '00000000000000000000000000000000') in 0.000364 seconds
Import Error Code:(4)
Message: Build asset version error: assets/customrp/runtime/lighting.cs in SourceAssetDB has modification time of '2024-09-18T03:50:32.1130814Z' while content on disk has modification time of '2024-09-18T03:50:41.0316514Z'
  ERROR: Build asset version error: assets/customrp/runtime/lighting.cs in SourceAssetDB has modification time of '2024-09-18T03:50:32.1130814Z' while content on disk has modification time of '2024-09-18T03:50:41.0316514Z'
Number of updated asset objects reloaded before import = 0
Number of asset objects unloaded after import = 0
========================================================================
Received Import Request.
  Time since last request: 0.006296 seconds.
  path: Assets/CustomRP/Runtime/Lighting.cs
  artifactKey: Guid(98ae4963f0b436048990d0bd05810470) Importer(815301076,1909f56bfc062723c751e8b465ee728b)
Start importing Assets/CustomRP/Runtime/Lighting.cs using Guid(98ae4963f0b436048990d0bd05810470) Importer(815301076,1909f56bfc062723c751e8b465ee728b)  -> (artifact id: '00000000000000000000000000000000') in 0.000366 seconds
Import Error Code:(4)
Message: Build asset version error: assets/customrp/runtime/lighting.cs in SourceAssetDB has modification time of '2024-09-18T03:50:32.1130814Z' while content on disk has modification time of '2024-09-18T03:50:41.0316514Z'
  ERROR: Build asset version error: assets/customrp/runtime/lighting.cs in SourceAssetDB has modification time of '2024-09-18T03:50:32.1130814Z' while content on disk has modification time of '2024-09-18T03:50:41.0316514Z'
Number of updated asset objects reloaded before import = 0
Number of asset objects unloaded after import = 0
========================================================================
Received Import Request.
  Time since last request: 0.006114 seconds.
  path: Assets/CustomRP/Runtime/Lighting.cs
  artifactKey: Guid(98ae4963f0b436048990d0bd05810470) Importer(815301076,1909f56bfc062723c751e8b465ee728b)
Start importing Assets/CustomRP/Runtime/Lighting.cs using Guid(98ae4963f0b436048990d0bd05810470) Importer(815301076,1909f56bfc062723c751e8b465ee728b)  -> (artifact id: '00000000000000000000000000000000') in 0.000356 seconds
Import Error Code:(4)
Message: Build asset version error: assets/customrp/runtime/lighting.cs in SourceAssetDB has modification time of '2024-09-18T03:50:32.1130814Z' while content on disk has modification time of '2024-09-18T03:50:41.0316514Z'
  ERROR: Build asset version error: assets/customrp/runtime/lighting.cs in SourceAssetDB has modification time of '2024-09-18T03:50:32.1130814Z' while content on disk has modification time of '2024-09-18T03:50:41.0316514Z'
Number of updated asset objects reloaded before import = 0
Number of asset objects unloaded after import = 0
========================================================================
Received Import Request.
  Time since last request: 0.005269 seconds.
  path: Assets/CustomRP/Runtime/Lighting.cs
  artifactKey: Guid(98ae4963f0b436048990d0bd05810470) Importer(815301076,1909f56bfc062723c751e8b465ee728b)
Start importing Assets/CustomRP/Runtime/Lighting.cs using Guid(98ae4963f0b436048990d0bd05810470) Importer(815301076,1909f56bfc062723c751e8b465ee728b)  -> (artifact id: '00000000000000000000000000000000') in 0.000357 seconds
Import Error Code:(4)
Message: Build asset version error: assets/customrp/runtime/lighting.cs in SourceAssetDB has modification time of '2024-09-18T03:50:32.1130814Z' while content on disk has modification time of '2024-09-18T03:50:41.0316514Z'
  ERROR: Build asset version error: assets/customrp/runtime/lighting.cs in SourceAssetDB has modification time of '2024-09-18T03:50:32.1130814Z' while content on disk has modification time of '2024-09-18T03:50:41.0316514Z'
Number of updated asset objects reloaded before import = 0
Number of asset objects unloaded after import = 0
========================================================================
Received Import Request.
  Time since last request: 0.006006 seconds.
  path: Assets/CustomRP/Runtime/Lighting.cs
  artifactKey: Guid(98ae4963f0b436048990d0bd05810470) Importer(815301076,1909f56bfc062723c751e8b465ee728b)
Start importing Assets/CustomRP/Runtime/Lighting.cs using Guid(98ae4963f0b436048990d0bd05810470) Importer(815301076,1909f56bfc062723c751e8b465ee728b)  -> (artifact id: '00000000000000000000000000000000') in 0.000363 seconds
Import Error Code:(4)
Message: Build asset version error: assets/customrp/runtime/lighting.cs in SourceAssetDB has modification time of '2024-09-18T03:50:32.1130814Z' while content on disk has modification time of '2024-09-18T03:50:41.0316514Z'
  ERROR: Build asset version error: assets/customrp/runtime/lighting.cs in SourceAssetDB has modification time of '2024-09-18T03:50:32.1130814Z' while content on disk has modification time of '2024-09-18T03:50:41.0316514Z'
Number of updated asset objects reloaded before import = 0
Number of asset objects unloaded after import = 0
========================================================================
Received Import Request.
  Time since last request: 0.005152 seconds.
  path: Assets/CustomRP/Runtime/Lighting.cs
  artifactKey: Guid(98ae4963f0b436048990d0bd05810470) Importer(815301076,1909f56bfc062723c751e8b465ee728b)
Start importing Assets/CustomRP/Runtime/Lighting.cs using Guid(98ae4963f0b436048990d0bd05810470) Importer(815301076,1909f56bfc062723c751e8b465ee728b)  -> (artifact id: '00000000000000000000000000000000') in 0.000365 seconds
Import Error Code:(4)
Message: Build asset version error: assets/customrp/runtime/lighting.cs in SourceAssetDB has modification time of '2024-09-18T03:50:32.1130814Z' while content on disk has modification time of '2024-09-18T03:50:41.0316514Z'
  ERROR: Build asset version error: assets/customrp/runtime/lighting.cs in SourceAssetDB has modification time of '2024-09-18T03:50:32.1130814Z' while content on disk has modification time of '2024-09-18T03:50:41.0316514Z'
Number of updated asset objects reloaded before import = 0
Number of asset objects unloaded after import = 0
========================================================================
Received Import Request.
  Time since last request: 0.006129 seconds.
  path: Assets/CustomRP/Runtime/Lighting.cs
  artifactKey: Guid(98ae4963f0b436048990d0bd05810470) Importer(815301076,1909f56bfc062723c751e8b465ee728b)
Start importing Assets/CustomRP/Runtime/Lighting.cs using Guid(98ae4963f0b436048990d0bd05810470) Importer(815301076,1909f56bfc062723c751e8b465ee728b)  -> (artifact id: '00000000000000000000000000000000') in 0.000363 seconds
Import Error Code:(4)
Message: Build asset version error: assets/customrp/runtime/lighting.cs in SourceAssetDB has modification time of '2024-09-18T03:50:32.1130814Z' while content on disk has modification time of '2024-09-18T03:50:41.0316514Z'
  ERROR: Build asset version error: assets/customrp/runtime/lighting.cs in SourceAssetDB has modification time of '2024-09-18T03:50:32.1130814Z' while content on disk has modification time of '2024-09-18T03:50:41.0316514Z'
Number of updated asset objects reloaded before import = 0
Number of asset objects unloaded after import = 0
========================================================================
Received Import Request.
  Time since last request: 0.005639 seconds.
  path: Assets/CustomRP/Runtime/Lighting.cs
  artifactKey: Guid(98ae4963f0b436048990d0bd05810470) Importer(815301076,1909f56bfc062723c751e8b465ee728b)
Start importing Assets/CustomRP/Runtime/Lighting.cs using Guid(98ae4963f0b436048990d0bd05810470) Importer(815301076,1909f56bfc062723c751e8b465ee728b)  -> (artifact id: '00000000000000000000000000000000') in 0.000357 seconds
Import Error Code:(4)
Message: Build asset version error: assets/customrp/runtime/lighting.cs in SourceAssetDB has modification time of '2024-09-18T03:50:32.1130814Z' while content on disk has modification time of '2024-09-18T03:50:41.0316514Z'
  ERROR: Build asset version error: assets/customrp/runtime/lighting.cs in SourceAssetDB has modification time of '2024-09-18T03:50:32.1130814Z' while content on disk has modification time of '2024-09-18T03:50:41.0316514Z'
Number of updated asset objects reloaded before import = 0
Number of asset objects unloaded after import = 0
========================================================================
Received Import Request.
  Time since last request: 0.005165 seconds.
  path: Assets/CustomRP/Runtime/Lighting.cs
  artifactKey: Guid(98ae4963f0b436048990d0bd05810470) Importer(815301076,1909f56bfc062723c751e8b465ee728b)
Start importing Assets/CustomRP/Runtime/Lighting.cs using Guid(98ae4963f0b436048990d0bd05810470) Importer(815301076,1909f56bfc062723c751e8b465ee728b)  -> (artifact id: '00000000000000000000000000000000') in 0.000354 seconds
Import Error Code:(4)
Message: Build asset version error: assets/customrp/runtime/lighting.cs in SourceAssetDB has modification time of '2024-09-18T03:50:32.1130814Z' while content on disk has modification time of '2024-09-18T03:50:41.0316514Z'
  ERROR: Build asset version error: assets/customrp/runtime/lighting.cs in SourceAssetDB has modification time of '2024-09-18T03:50:32.1130814Z' while content on disk has modification time of '2024-09-18T03:50:41.0316514Z'
Number of updated asset objects reloaded before import = 0
Number of asset objects unloaded after import = 0
========================================================================
Received Import Request.
  Time since last request: 0.005523 seconds.
  path: Assets/CustomRP/Runtime/Lighting.cs
  artifactKey: Guid(98ae4963f0b436048990d0bd05810470) Importer(815301076,1909f56bfc062723c751e8b465ee728b)
Start importing Assets/CustomRP/Runtime/Lighting.cs using Guid(98ae4963f0b436048990d0bd05810470) Importer(815301076,1909f56bfc062723c751e8b465ee728b)  -> (artifact id: '00000000000000000000000000000000') in 0.000357 seconds
Import Error Code:(4)
Message: Build asset version error: assets/customrp/runtime/lighting.cs in SourceAssetDB has modification time of '2024-09-18T03:50:32.1130814Z' while content on disk has modification time of '2024-09-18T03:50:41.0316514Z'
  ERROR: Build asset version error: assets/customrp/runtime/lighting.cs in SourceAssetDB has modification time of '2024-09-18T03:50:32.1130814Z' while content on disk has modification time of '2024-09-18T03:50:41.0316514Z'
Number of updated asset objects reloaded before import = 0
Number of asset objects unloaded after import = 0
========================================================================
Received Import Request.
  Time since last request: 0.005268 seconds.
  path: Assets/CustomRP/Runtime/Lighting.cs
  artifactKey: Guid(98ae4963f0b436048990d0bd05810470) Importer(815301076,1909f56bfc062723c751e8b465ee728b)
Start importing Assets/CustomRP/Runtime/Lighting.cs using Guid(98ae4963f0b436048990d0bd05810470) Importer(815301076,1909f56bfc062723c751e8b465ee728b)  -> (artifact id: '00000000000000000000000000000000') in 0.000365 seconds
Import Error Code:(4)
Message: Build asset version error: assets/customrp/runtime/lighting.cs in SourceAssetDB has modification time of '2024-09-18T03:50:32.1130814Z' while content on disk has modification time of '2024-09-18T03:50:41.0316514Z'
  ERROR: Build asset version error: assets/customrp/runtime/lighting.cs in SourceAssetDB has modification time of '2024-09-18T03:50:32.1130814Z' while content on disk has modification time of '2024-09-18T03:50:41.0316514Z'
Number of updated asset objects reloaded before import = 0
Number of asset objects unloaded after import = 0
========================================================================
Received Import Request.
  Time since last request: 0.005605 seconds.
  path: Assets/CustomRP/Runtime/Lighting.cs
  artifactKey: Guid(98ae4963f0b436048990d0bd05810470) Importer(815301076,1909f56bfc062723c751e8b465ee728b)
Start importing Assets/CustomRP/Runtime/Lighting.cs using Guid(98ae4963f0b436048990d0bd05810470) Importer(815301076,1909f56bfc062723c751e8b465ee728b)  -> (artifact id: '00000000000000000000000000000000') in 0.000380 seconds
Import Error Code:(4)
Message: Build asset version error: assets/customrp/runtime/lighting.cs in SourceAssetDB has modification time of '2024-09-18T03:50:32.1130814Z' while content on disk has modification time of '2024-09-18T03:50:41.0316514Z'
  ERROR: Build asset version error: assets/customrp/runtime/lighting.cs in SourceAssetDB has modification time of '2024-09-18T03:50:32.1130814Z' while content on disk has modification time of '2024-09-18T03:50:41.0316514Z'
Number of updated asset objects reloaded before import = 0
Number of asset objects unloaded after import = 0
========================================================================
Received Import Request.
  Time since last request: 0.005895 seconds.
  path: Assets/CustomRP/Runtime/Lighting.cs
  artifactKey: Guid(98ae4963f0b436048990d0bd05810470) Importer(815301076,1909f56bfc062723c751e8b465ee728b)
Start importing Assets/CustomRP/Runtime/Lighting.cs using Guid(98ae4963f0b436048990d0bd05810470) Importer(815301076,1909f56bfc062723c751e8b465ee728b)  -> (artifact id: '00000000000000000000000000000000') in 0.000430 seconds
Import Error Code:(4)
Message: Build asset version error: assets/customrp/runtime/lighting.cs in SourceAssetDB has modification time of '2024-09-18T03:50:32.1130814Z' while content on disk has modification time of '2024-09-18T03:50:41.0316514Z'
  ERROR: Build asset version error: assets/customrp/runtime/lighting.cs in SourceAssetDB has modification time of '2024-09-18T03:50:32.1130814Z' while content on disk has modification time of '2024-09-18T03:50:41.0316514Z'
Number of updated asset objects reloaded before import = 0
Number of asset objects unloaded after import = 0
========================================================================
Received Import Request.
  Time since last request: 0.004975 seconds.
  path: Assets/CustomRP/Runtime/Lighting.cs
  artifactKey: Guid(98ae4963f0b436048990d0bd05810470) Importer(815301076,1909f56bfc062723c751e8b465ee728b)
Start importing Assets/CustomRP/Runtime/Lighting.cs using Guid(98ae4963f0b436048990d0bd05810470) Importer(815301076,1909f56bfc062723c751e8b465ee728b)  -> (artifact id: '00000000000000000000000000000000') in 0.000356 seconds
Import Error Code:(4)
Message: Build asset version error: assets/customrp/runtime/lighting.cs in SourceAssetDB has modification time of '2024-09-18T03:50:32.1130814Z' while content on disk has modification time of '2024-09-18T03:50:41.0316514Z'
  ERROR: Build asset version error: assets/customrp/runtime/lighting.cs in SourceAssetDB has modification time of '2024-09-18T03:50:32.1130814Z' while content on disk has modification time of '2024-09-18T03:50:41.0316514Z'
Number of updated asset objects reloaded before import = 0
Number of asset objects unloaded after import = 0
========================================================================
Received Import Request.
  Time since last request: 0.005332 seconds.
  path: Assets/CustomRP/Runtime/Lighting.cs
  artifactKey: Guid(98ae4963f0b436048990d0bd05810470) Importer(815301076,1909f56bfc062723c751e8b465ee728b)
Start importing Assets/CustomRP/Runtime/Lighting.cs using Guid(98ae4963f0b436048990d0bd05810470) Importer(815301076,1909f56bfc062723c751e8b465ee728b)  -> (artifact id: '00000000000000000000000000000000') in 0.000348 seconds
Import Error Code:(4)
Message: Build asset version error: assets/customrp/runtime/lighting.cs in SourceAssetDB has modification time of '2024-09-18T03:50:32.1130814Z' while content on disk has modification time of '2024-09-18T03:50:41.0316514Z'
  ERROR: Build asset version error: assets/customrp/runtime/lighting.cs in SourceAssetDB has modification time of '2024-09-18T03:50:32.1130814Z' while content on disk has modification time of '2024-09-18T03:50:41.0316514Z'
Number of updated asset objects reloaded before import = 0
Number of asset objects unloaded after import = 0
========================================================================
Received Import Request.
  Time since last request: 0.004840 seconds.
  path: Assets/CustomRP/Runtime/Lighting.cs
  artifactKey: Guid(98ae4963f0b436048990d0bd05810470) Importer(815301076,1909f56bfc062723c751e8b465ee728b)
Start importing Assets/CustomRP/Runtime/Lighting.cs using Guid(98ae4963f0b436048990d0bd05810470) Importer(815301076,1909f56bfc062723c751e8b465ee728b)  -> (artifact id: '00000000000000000000000000000000') in 0.000309 seconds
Import Error Code:(4)
Message: Build asset version error: assets/customrp/runtime/lighting.cs in SourceAssetDB has modification time of '2024-09-18T03:50:32.1130814Z' while content on disk has modification time of '2024-09-18T03:50:41.0316514Z'
  ERROR: Build asset version error: assets/customrp/runtime/lighting.cs in SourceAssetDB has modification time of '2024-09-18T03:50:32.1130814Z' while content on disk has modification time of '2024-09-18T03:50:41.0316514Z'
Number of updated asset objects reloaded before import = 0
Number of asset objects unloaded after import = 0
========================================================================
Received Import Request.
  Time since last request: 0.005081 seconds.
  path: Assets/CustomRP/Runtime/Lighting.cs
  artifactKey: Guid(98ae4963f0b436048990d0bd05810470) Importer(815301076,1909f56bfc062723c751e8b465ee728b)
Start importing Assets/CustomRP/Runtime/Lighting.cs using Guid(98ae4963f0b436048990d0bd05810470) Importer(815301076,1909f56bfc062723c751e8b465ee728b)  -> (artifact id: '00000000000000000000000000000000') in 0.000325 seconds
Import Error Code:(4)
Message: Build asset version error: assets/customrp/runtime/lighting.cs in SourceAssetDB has modification time of '2024-09-18T03:50:32.1130814Z' while content on disk has modification time of '2024-09-18T03:50:41.0316514Z'
  ERROR: Build asset version error: assets/customrp/runtime/lighting.cs in SourceAssetDB has modification time of '2024-09-18T03:50:32.1130814Z' while content on disk has modification time of '2024-09-18T03:50:41.0316514Z'
Number of updated asset objects reloaded before import = 0
Number of asset objects unloaded after import = 0
========================================================================
Received Import Request.
  Time since last request: 0.004542 seconds.
  path: Assets/CustomRP/Runtime/Lighting.cs
  artifactKey: Guid(98ae4963f0b436048990d0bd05810470) Importer(815301076,1909f56bfc062723c751e8b465ee728b)
Start importing Assets/CustomRP/Runtime/Lighting.cs using Guid(98ae4963f0b436048990d0bd05810470) Importer(815301076,1909f56bfc062723c751e8b465ee728b)  -> (artifact id: '00000000000000000000000000000000') in 0.000343 seconds
Import Error Code:(4)
Message: Build asset version error: assets/customrp/runtime/lighting.cs in SourceAssetDB has modification time of '2024-09-18T03:50:32.1130814Z' while content on disk has modification time of '2024-09-18T03:50:41.0316514Z'
  ERROR: Build asset version error: assets/customrp/runtime/lighting.cs in SourceAssetDB has modification time of '2024-09-18T03:50:32.1130814Z' while content on disk has modification time of '2024-09-18T03:50:41.0316514Z'
Number of updated asset objects reloaded before import = 0
Number of asset objects unloaded after import = 0
========================================================================
Received Import Request.
  Time since last request: 0.005036 seconds.
  path: Assets/CustomRP/Runtime/Lighting.cs
  artifactKey: Guid(98ae4963f0b436048990d0bd05810470) Importer(815301076,1909f56bfc062723c751e8b465ee728b)
Start importing Assets/CustomRP/Runtime/Lighting.cs using Guid(98ae4963f0b436048990d0bd05810470) Importer(815301076,1909f56bfc062723c751e8b465ee728b)  -> (artifact id: '00000000000000000000000000000000') in 0.000336 seconds
Import Error Code:(4)
Message: Build asset version error: assets/customrp/runtime/lighting.cs in SourceAssetDB has modification time of '2024-09-18T03:50:32.1130814Z' while content on disk has modification time of '2024-09-18T03:50:41.0316514Z'
  ERROR: Build asset version error: assets/customrp/runtime/lighting.cs in SourceAssetDB has modification time of '2024-09-18T03:50:32.1130814Z' while content on disk has modification time of '2024-09-18T03:50:41.0316514Z'
Number of updated asset objects reloaded before import = 0
Number of asset objects unloaded after import = 0
========================================================================
Received Import Request.
  Time since last request: 0.004710 seconds.
  path: Assets/CustomRP/Runtime/Lighting.cs
  artifactKey: Guid(98ae4963f0b436048990d0bd05810470) Importer(815301076,1909f56bfc062723c751e8b465ee728b)
Start importing Assets/CustomRP/Runtime/Lighting.cs using Guid(98ae4963f0b436048990d0bd05810470) Importer(815301076,1909f56bfc062723c751e8b465ee728b)  -> (artifact id: '00000000000000000000000000000000') in 0.000320 seconds
Import Error Code:(4)
Message: Build asset version error: assets/customrp/runtime/lighting.cs in SourceAssetDB has modification time of '2024-09-18T03:50:32.1130814Z' while content on disk has modification time of '2024-09-18T03:50:41.0316514Z'
  ERROR: Build asset version error: assets/customrp/runtime/lighting.cs in SourceAssetDB has modification time of '2024-09-18T03:50:32.1130814Z' while content on disk has modification time of '2024-09-18T03:50:41.0316514Z'
Number of updated asset objects reloaded before import = 0
Number of asset objects unloaded after import = 0
========================================================================
Received Import Request.
  Time since last request: 0.004445 seconds.
  path: Assets/CustomRP/Runtime/Lighting.cs
  artifactKey: Guid(98ae4963f0b436048990d0bd05810470) Importer(815301076,1909f56bfc062723c751e8b465ee728b)
Start importing Assets/CustomRP/Runtime/Lighting.cs using Guid(98ae4963f0b436048990d0bd05810470) Importer(815301076,1909f56bfc062723c751e8b465ee728b)  -> (artifact id: '00000000000000000000000000000000') in 0.000329 seconds
Import Error Code:(4)
Message: Build asset version error: assets/customrp/runtime/lighting.cs in SourceAssetDB has modification time of '2024-09-18T03:50:32.1130814Z' while content on disk has modification time of '2024-09-18T03:50:41.0316514Z'
  ERROR: Build asset version error: assets/customrp/runtime/lighting.cs in SourceAssetDB has modification time of '2024-09-18T03:50:32.1130814Z' while content on disk has modification time of '2024-09-18T03:50:41.0316514Z'
Number of updated asset objects reloaded before import = 0
Number of asset objects unloaded after import = 0
========================================================================
Received Import Request.
  Time since last request: 0.004600 seconds.
  path: Assets/CustomRP/Runtime/Lighting.cs
  artifactKey: Guid(98ae4963f0b436048990d0bd05810470) Importer(815301076,1909f56bfc062723c751e8b465ee728b)
Start importing Assets/CustomRP/Runtime/Lighting.cs using Guid(98ae4963f0b436048990d0bd05810470) Importer(815301076,1909f56bfc062723c751e8b465ee728b)  -> (artifact id: '00000000000000000000000000000000') in 0.000363 seconds
Import Error Code:(4)
Message: Build asset version error: assets/customrp/runtime/lighting.cs in SourceAssetDB has modification time of '2024-09-18T03:50:32.1130814Z' while content on disk has modification time of '2024-09-18T03:50:41.0316514Z'
  ERROR: Build asset version error: assets/customrp/runtime/lighting.cs in SourceAssetDB has modification time of '2024-09-18T03:50:32.1130814Z' while content on disk has modification time of '2024-09-18T03:50:41.0316514Z'
Number of updated asset objects reloaded before import = 0
Number of asset objects unloaded after import = 0
========================================================================
Received Import Request.
  Time since last request: 0.004843 seconds.
  path: Assets/CustomRP/Runtime/Lighting.cs
  artifactKey: Guid(98ae4963f0b436048990d0bd05810470) Importer(815301076,1909f56bfc062723c751e8b465ee728b)
Start importing Assets/CustomRP/Runtime/Lighting.cs using Guid(98ae4963f0b436048990d0bd05810470) Importer(815301076,1909f56bfc062723c751e8b465ee728b)  -> (artifact id: '00000000000000000000000000000000') in 0.000363 seconds
Import Error Code:(4)
Message: Build asset version error: assets/customrp/runtime/lighting.cs in SourceAssetDB has modification time of '2024-09-18T03:50:32.1130814Z' while content on disk has modification time of '2024-09-18T03:50:41.0316514Z'
  ERROR: Build asset version error: assets/customrp/runtime/lighting.cs in SourceAssetDB has modification time of '2024-09-18T03:50:32.1130814Z' while content on disk has modification time of '2024-09-18T03:50:41.0316514Z'
Number of updated asset objects reloaded before import = 0
Number of asset objects unloaded after import = 0
========================================================================
Received Import Request.
  Time since last request: 0.008347 seconds.
  path: Assets/CustomRP/Runtime/Lighting.cs
  artifactKey: Guid(98ae4963f0b436048990d0bd05810470) Importer(815301076,1909f56bfc062723c751e8b465ee728b)
Start importing Assets/CustomRP/Runtime/Lighting.cs using Guid(98ae4963f0b436048990d0bd05810470) Importer(815301076,1909f56bfc062723c751e8b465ee728b)  -> (artifact id: '00000000000000000000000000000000') in 0.000387 seconds
Import Error Code:(4)
Message: Build asset version error: assets/customrp/runtime/lighting.cs in SourceAssetDB has modification time of '2024-09-18T03:50:32.1130814Z' while content on disk has modification time of '2024-09-18T03:50:41.0316514Z'
  ERROR: Build asset version error: assets/customrp/runtime/lighting.cs in SourceAssetDB has modification time of '2024-09-18T03:50:32.1130814Z' while content on disk has modification time of '2024-09-18T03:50:41.0316514Z'
Number of updated asset objects reloaded before import = 0
Number of asset objects unloaded after import = 0
========================================================================
Received Import Request.
  Time since last request: 0.005862 seconds.
  path: Assets/CustomRP/Runtime/Lighting.cs
  artifactKey: Guid(98ae4963f0b436048990d0bd05810470) Importer(815301076,1909f56bfc062723c751e8b465ee728b)
Start importing Assets/CustomRP/Runtime/Lighting.cs using Guid(98ae4963f0b436048990d0bd05810470) Importer(815301076,1909f56bfc062723c751e8b465ee728b)  -> (artifact id: '00000000000000000000000000000000') in 0.000337 seconds
Import Error Code:(4)
Message: Build asset version error: assets/customrp/runtime/lighting.cs in SourceAssetDB has modification time of '2024-09-18T03:50:32.1130814Z' while content on disk has modification time of '2024-09-18T03:50:41.0316514Z'
  ERROR: Build asset version error: assets/customrp/runtime/lighting.cs in SourceAssetDB has modification time of '2024-09-18T03:50:32.1130814Z' while content on disk has modification time of '2024-09-18T03:50:41.0316514Z'
Number of updated asset objects reloaded before import = 0
Number of asset objects unloaded after import = 0
========================================================================
Received Import Request.
  Time since last request: 0.004934 seconds.
  path: Assets/CustomRP/Runtime/Lighting.cs
  artifactKey: Guid(98ae4963f0b436048990d0bd05810470) Importer(815301076,1909f56bfc062723c751e8b465ee728b)
Start importing Assets/CustomRP/Runtime/Lighting.cs using Guid(98ae4963f0b436048990d0bd05810470) Importer(815301076,1909f56bfc062723c751e8b465ee728b)  -> (artifact id: '00000000000000000000000000000000') in 0.000342 seconds
Import Error Code:(4)
Message: Build asset version error: assets/customrp/runtime/lighting.cs in SourceAssetDB has modification time of '2024-09-18T03:50:32.1130814Z' while content on disk has modification time of '2024-09-18T03:50:41.0316514Z'
  ERROR: Build asset version error: assets/customrp/runtime/lighting.cs in SourceAssetDB has modification time of '2024-09-18T03:50:32.1130814Z' while content on disk has modification time of '2024-09-18T03:50:41.0316514Z'
Number of updated asset objects reloaded before import = 0
Number of asset objects unloaded after import = 0
========================================================================
Received Import Request.
  Time since last request: 0.005436 seconds.
  path: Assets/CustomRP/Runtime/Lighting.cs
  artifactKey: Guid(98ae4963f0b436048990d0bd05810470) Importer(815301076,1909f56bfc062723c751e8b465ee728b)
Start importing Assets/CustomRP/Runtime/Lighting.cs using Guid(98ae4963f0b436048990d0bd05810470) Importer(815301076,1909f56bfc062723c751e8b465ee728b)  -> (artifact id: '00000000000000000000000000000000') in 0.000328 seconds
Import Error Code:(4)
Message: Build asset version error: assets/customrp/runtime/lighting.cs in SourceAssetDB has modification time of '2024-09-18T03:50:32.1130814Z' while content on disk has modification time of '2024-09-18T03:50:41.0316514Z'
  ERROR: Build asset version error: assets/customrp/runtime/lighting.cs in SourceAssetDB has modification time of '2024-09-18T03:50:32.1130814Z' while content on disk has modification time of '2024-09-18T03:50:41.0316514Z'
Number of updated asset objects reloaded before import = 0
Number of asset objects unloaded after import = 0
========================================================================
Received Import Request.
  Time since last request: 0.004461 seconds.
  path: Assets/CustomRP/Runtime/Lighting.cs
  artifactKey: Guid(98ae4963f0b436048990d0bd05810470) Importer(815301076,1909f56bfc062723c751e8b465ee728b)
Start importing Assets/CustomRP/Runtime/Lighting.cs using Guid(98ae4963f0b436048990d0bd05810470) Importer(815301076,1909f56bfc062723c751e8b465ee728b)  -> (artifact id: '00000000000000000000000000000000') in 0.000305 seconds
Import Error Code:(4)
Message: Build asset version error: assets/customrp/runtime/lighting.cs in SourceAssetDB has modification time of '2024-09-18T03:50:32.1130814Z' while content on disk has modification time of '2024-09-18T03:50:41.0316514Z'
  ERROR: Build asset version error: assets/customrp/runtime/lighting.cs in SourceAssetDB has modification time of '2024-09-18T03:50:32.1130814Z' while content on disk has modification time of '2024-09-18T03:50:41.0316514Z'
Number of updated asset objects reloaded before import = 0
Number of asset objects unloaded after import = 0
========================================================================
Received Import Request.
  Time since last request: 0.004429 seconds.
  path: Assets/CustomRP/Runtime/Lighting.cs
  artifactKey: Guid(98ae4963f0b436048990d0bd05810470) Importer(815301076,1909f56bfc062723c751e8b465ee728b)
Start importing Assets/CustomRP/Runtime/Lighting.cs using Guid(98ae4963f0b436048990d0bd05810470) Importer(815301076,1909f56bfc062723c751e8b465ee728b)  -> (artifact id: '00000000000000000000000000000000') in 0.000419 seconds
Import Error Code:(4)
Message: Build asset version error: assets/customrp/runtime/lighting.cs in SourceAssetDB has modification time of '2024-09-18T03:50:32.1130814Z' while content on disk has modification time of '2024-09-18T03:50:41.0316514Z'
  ERROR: Build asset version error: assets/customrp/runtime/lighting.cs in SourceAssetDB has modification time of '2024-09-18T03:50:32.1130814Z' while content on disk has modification time of '2024-09-18T03:50:41.0316514Z'
Number of updated asset objects reloaded before import = 0
Number of asset objects unloaded after import = 0
========================================================================
Received Import Request.
  Time since last request: 0.005586 seconds.
  path: Assets/CustomRP/Runtime/Lighting.cs
  artifactKey: Guid(98ae4963f0b436048990d0bd05810470) Importer(815301076,1909f56bfc062723c751e8b465ee728b)
Start importing Assets/CustomRP/Runtime/Lighting.cs using Guid(98ae4963f0b436048990d0bd05810470) Importer(815301076,1909f56bfc062723c751e8b465ee728b)  -> (artifact id: '00000000000000000000000000000000') in 0.000351 seconds
Import Error Code:(4)
Message: Build asset version error: assets/customrp/runtime/lighting.cs in SourceAssetDB has modification time of '2024-09-18T03:50:32.1130814Z' while content on disk has modification time of '2024-09-18T03:50:41.0316514Z'
  ERROR: Build asset version error: assets/customrp/runtime/lighting.cs in SourceAssetDB has modification time of '2024-09-18T03:50:32.1130814Z' while content on disk has modification time of '2024-09-18T03:50:41.0316514Z'
Number of updated asset objects reloaded before import = 0
Number of asset objects unloaded after import = 0
========================================================================
Received Import Request.
  Time since last request: 0.005272 seconds.
  path: Assets/CustomRP/Runtime/Lighting.cs
  artifactKey: Guid(98ae4963f0b436048990d0bd05810470) Importer(815301076,1909f56bfc062723c751e8b465ee728b)
Start importing Assets/CustomRP/Runtime/Lighting.cs using Guid(98ae4963f0b436048990d0bd05810470) Importer(815301076,1909f56bfc062723c751e8b465ee728b)  -> (artifact id: '00000000000000000000000000000000') in 0.000310 seconds
Import Error Code:(4)
Message: Build asset version error: assets/customrp/runtime/lighting.cs in SourceAssetDB has modification time of '2024-09-18T03:50:32.1130814Z' while content on disk has modification time of '2024-09-18T03:50:41.0316514Z'
  ERROR: Build asset version error: assets/customrp/runtime/lighting.cs in SourceAssetDB has modification time of '2024-09-18T03:50:32.1130814Z' while content on disk has modification time of '2024-09-18T03:50:41.0316514Z'
Number of updated asset objects reloaded before import = 0
Number of asset objects unloaded after import = 0
========================================================================
Received Import Request.
  Time since last request: 0.004917 seconds.
  path: Assets/CustomRP/Runtime/Lighting.cs
  artifactKey: Guid(98ae4963f0b436048990d0bd05810470) Importer(815301076,1909f56bfc062723c751e8b465ee728b)
Start importing Assets/CustomRP/Runtime/Lighting.cs using Guid(98ae4963f0b436048990d0bd05810470) Importer(815301076,1909f56bfc062723c751e8b465ee728b)  -> (artifact id: '00000000000000000000000000000000') in 0.000339 seconds
Import Error Code:(4)
Message: Build asset version error: assets/customrp/runtime/lighting.cs in SourceAssetDB has modification time of '2024-09-18T03:50:32.1130814Z' while content on disk has modification time of '2024-09-18T03:50:41.0316514Z'
  ERROR: Build asset version error: assets/customrp/runtime/lighting.cs in SourceAssetDB has modification time of '2024-09-18T03:50:32.1130814Z' while content on disk has modification time of '2024-09-18T03:50:41.0316514Z'
Number of updated asset objects reloaded before import = 0
Number of asset objects unloaded after import = 0
========================================================================
Received Import Request.
  Time since last request: 0.004970 seconds.
  path: Assets/CustomRP/Runtime/Lighting.cs
  artifactKey: Guid(98ae4963f0b436048990d0bd05810470) Importer(815301076,1909f56bfc062723c751e8b465ee728b)
Start importing Assets/CustomRP/Runtime/Lighting.cs using Guid(98ae4963f0b436048990d0bd05810470) Importer(815301076,1909f56bfc062723c751e8b465ee728b)  -> (artifact id: '00000000000000000000000000000000') in 0.000302 seconds
Import Error Code:(4)
Message: Build asset version error: assets/customrp/runtime/lighting.cs in SourceAssetDB has modification time of '2024-09-18T03:50:32.1130814Z' while content on disk has modification time of '2024-09-18T03:50:41.0316514Z'
  ERROR: Build asset version error: assets/customrp/runtime/lighting.cs in SourceAssetDB has modification time of '2024-09-18T03:50:32.1130814Z' while content on disk has modification time of '2024-09-18T03:50:41.0316514Z'
Number of updated asset objects reloaded before import = 0
Number of asset objects unloaded after import = 0
========================================================================
Received Import Request.
  Time since last request: 0.004321 seconds.
  path: Assets/CustomRP/Runtime/Lighting.cs
  artifactKey: Guid(98ae4963f0b436048990d0bd05810470) Importer(815301076,1909f56bfc062723c751e8b465ee728b)
Start importing Assets/CustomRP/Runtime/Lighting.cs using Guid(98ae4963f0b436048990d0bd05810470) Importer(815301076,1909f56bfc062723c751e8b465ee728b)  -> (artifact id: '00000000000000000000000000000000') in 0.000288 seconds
Import Error Code:(4)
Message: Build asset version error: assets/customrp/runtime/lighting.cs in SourceAssetDB has modification time of '2024-09-18T03:50:32.1130814Z' while content on disk has modification time of '2024-09-18T03:50:41.0316514Z'
  ERROR: Build asset version error: assets/customrp/runtime/lighting.cs in SourceAssetDB has modification time of '2024-09-18T03:50:32.1130814Z' while content on disk has modification time of '2024-09-18T03:50:41.0316514Z'
Number of updated asset objects reloaded before import = 0
Number of asset objects unloaded after import = 0
========================================================================
Received Import Request.
  Time since last request: 0.004901 seconds.
  path: Assets/CustomRP/Runtime/Lighting.cs
  artifactKey: Guid(98ae4963f0b436048990d0bd05810470) Importer(815301076,1909f56bfc062723c751e8b465ee728b)
Start importing Assets/CustomRP/Runtime/Lighting.cs using Guid(98ae4963f0b436048990d0bd05810470) Importer(815301076,1909f56bfc062723c751e8b465ee728b)  -> (artifact id: '00000000000000000000000000000000') in 0.000706 seconds
Import Error Code:(4)
Message: Build asset version error: assets/customrp/runtime/lighting.cs in SourceAssetDB has modification time of '2024-09-18T03:50:32.1130814Z' while content on disk has modification time of '2024-09-18T03:50:41.0316514Z'
  ERROR: Build asset version error: assets/customrp/runtime/lighting.cs in SourceAssetDB has modification time of '2024-09-18T03:50:32.1130814Z' while content on disk has modification time of '2024-09-18T03:50:41.0316514Z'
Number of updated asset objects reloaded before import = 0
Number of asset objects unloaded after import = 0
========================================================================
Received Import Request.
  Time since last request: 0.006766 seconds.
  path: Assets/CustomRP/Runtime/Lighting.cs
  artifactKey: Guid(98ae4963f0b436048990d0bd05810470) Importer(815301076,1909f56bfc062723c751e8b465ee728b)
Start importing Assets/CustomRP/Runtime/Lighting.cs using Guid(98ae4963f0b436048990d0bd05810470) Importer(815301076,1909f56bfc062723c751e8b465ee728b)  -> (artifact id: '00000000000000000000000000000000') in 0.000351 seconds
Import Error Code:(4)
Message: Build asset version error: assets/customrp/runtime/lighting.cs in SourceAssetDB has modification time of '2024-09-18T03:50:32.1130814Z' while content on disk has modification time of '2024-09-18T03:50:41.0316514Z'
  ERROR: Build asset version error: assets/customrp/runtime/lighting.cs in SourceAssetDB has modification time of '2024-09-18T03:50:32.1130814Z' while content on disk has modification time of '2024-09-18T03:50:41.0316514Z'
Number of updated asset objects reloaded before import = 0
Number of asset objects unloaded after import = 0
========================================================================
Received Import Request.
  Time since last request: 0.006158 seconds.
  path: Assets/CustomRP/Runtime/Lighting.cs
  artifactKey: Guid(98ae4963f0b436048990d0bd05810470) Importer(815301076,1909f56bfc062723c751e8b465ee728b)
Start importing Assets/CustomRP/Runtime/Lighting.cs using Guid(98ae4963f0b436048990d0bd05810470) Importer(815301076,1909f56bfc062723c751e8b465ee728b)  -> (artifact id: '00000000000000000000000000000000') in 0.013684 seconds
Import Error Code:(4)
Message: Build asset version error: assets/customrp/runtime/lighting.cs in SourceAssetDB has modification time of '2024-09-18T03:50:32.1130814Z' while content on disk has modification time of '2024-09-18T03:50:41.0316514Z'
  ERROR: Build asset version error: assets/customrp/runtime/lighting.cs in SourceAssetDB has modification time of '2024-09-18T03:50:32.1130814Z' while content on disk has modification time of '2024-09-18T03:50:41.0316514Z'
Number of updated asset objects reloaded before import = 0
Number of asset objects unloaded after import = 0
========================================================================
Received Import Request.
  Time since last request: 0.003060 seconds.
  path: Assets/CustomRP/Runtime/Lighting.cs
  artifactKey: Guid(98ae4963f0b436048990d0bd05810470) Importer(815301076,1909f56bfc062723c751e8b465ee728b)
Start importing Assets/CustomRP/Runtime/Lighting.cs using Guid(98ae4963f0b436048990d0bd05810470) Importer(815301076,1909f56bfc062723c751e8b465ee728b)  -> (artifact id: '00000000000000000000000000000000') in 0.000326 seconds
Import Error Code:(4)
Message: Build asset version error: assets/customrp/runtime/lighting.cs in SourceAssetDB has modification time of '2024-09-18T03:50:32.1130814Z' while content on disk has modification time of '2024-09-18T03:50:41.0316514Z'
  ERROR: Build asset version error: assets/customrp/runtime/lighting.cs in SourceAssetDB has modification time of '2024-09-18T03:50:32.1130814Z' while content on disk has modification time of '2024-09-18T03:50:41.0316514Z'
Number of updated asset objects reloaded before import = 0
Number of asset objects unloaded after import = 0
========================================================================
Received Import Request.
  Time since last request: 0.004980 seconds.
  path: Assets/CustomRP/Runtime/Lighting.cs
  artifactKey: Guid(98ae4963f0b436048990d0bd05810470) Importer(815301076,1909f56bfc062723c751e8b465ee728b)
Start importing Assets/CustomRP/Runtime/Lighting.cs using Guid(98ae4963f0b436048990d0bd05810470) Importer(815301076,1909f56bfc062723c751e8b465ee728b)  -> (artifact id: '00000000000000000000000000000000') in 0.000311 seconds
Import Error Code:(4)
Message: Build asset version error: assets/customrp/runtime/lighting.cs in SourceAssetDB has modification time of '2024-09-18T03:50:32.1130814Z' while content on disk has modification time of '2024-09-18T03:50:41.0316514Z'
  ERROR: Build asset version error: assets/customrp/runtime/lighting.cs in SourceAssetDB has modification time of '2024-09-18T03:50:32.1130814Z' while content on disk has modification time of '2024-09-18T03:50:41.0316514Z'
Number of updated asset objects reloaded before import = 0
Number of asset objects unloaded after import = 0
========================================================================
Received Import Request.
  Time since last request: 0.004230 seconds.
  path: Assets/CustomRP/Runtime/Lighting.cs
  artifactKey: Guid(98ae4963f0b436048990d0bd05810470) Importer(815301076,1909f56bfc062723c751e8b465ee728b)
Start importing Assets/CustomRP/Runtime/Lighting.cs using Guid(98ae4963f0b436048990d0bd05810470) Importer(815301076,1909f56bfc062723c751e8b465ee728b)  -> (artifact id: '00000000000000000000000000000000') in 0.000281 seconds
Import Error Code:(4)
Message: Build asset version error: assets/customrp/runtime/lighting.cs in SourceAssetDB has modification time of '2024-09-18T03:50:32.1130814Z' while content on disk has modification time of '2024-09-18T03:50:41.0316514Z'
  ERROR: Build asset version error: assets/customrp/runtime/lighting.cs in SourceAssetDB has modification time of '2024-09-18T03:50:32.1130814Z' while content on disk has modification time of '2024-09-18T03:50:41.0316514Z'
Number of updated asset objects reloaded before import = 0
Number of asset objects unloaded after import = 0
========================================================================
Received Import Request.
  Time since last request: 0.004687 seconds.
  path: Assets/CustomRP/Runtime/Lighting.cs
  artifactKey: Guid(98ae4963f0b436048990d0bd05810470) Importer(815301076,1909f56bfc062723c751e8b465ee728b)
Start importing Assets/CustomRP/Runtime/Lighting.cs using Guid(98ae4963f0b436048990d0bd05810470) Importer(815301076,1909f56bfc062723c751e8b465ee728b)  -> (artifact id: '00000000000000000000000000000000') in 0.000346 seconds
Import Error Code:(4)
Message: Build asset version error: assets/customrp/runtime/lighting.cs in SourceAssetDB has modification time of '2024-09-18T03:50:32.1130814Z' while content on disk has modification time of '2024-09-18T03:50:41.0316514Z'
  ERROR: Build asset version error: assets/customrp/runtime/lighting.cs in SourceAssetDB has modification time of '2024-09-18T03:50:32.1130814Z' while content on disk has modification time of '2024-09-18T03:50:41.0316514Z'
Number of updated asset objects reloaded before import = 0
Number of asset objects unloaded after import = 0
========================================================================
Received Import Request.
  Time since last request: 0.005104 seconds.
  path: Assets/CustomRP/Runtime/Lighting.cs
  artifactKey: Guid(98ae4963f0b436048990d0bd05810470) Importer(815301076,1909f56bfc062723c751e8b465ee728b)
Start importing Assets/CustomRP/Runtime/Lighting.cs using Guid(98ae4963f0b436048990d0bd05810470) Importer(815301076,1909f56bfc062723c751e8b465ee728b)  -> (artifact id: '00000000000000000000000000000000') in 0.000334 seconds
Import Error Code:(4)
Message: Build asset version error: assets/customrp/runtime/lighting.cs in SourceAssetDB has modification time of '2024-09-18T03:50:32.1130814Z' while content on disk has modification time of '2024-09-18T03:50:41.0316514Z'
  ERROR: Build asset version error: assets/customrp/runtime/lighting.cs in SourceAssetDB has modification time of '2024-09-18T03:50:32.1130814Z' while content on disk has modification time of '2024-09-18T03:50:41.0316514Z'
Number of updated asset objects reloaded before import = 0
Number of asset objects unloaded after import = 0
========================================================================
Received Import Request.
  Time since last request: 0.004251 seconds.
  path: Assets/CustomRP/Runtime/Lighting.cs
  artifactKey: Guid(98ae4963f0b436048990d0bd05810470) Importer(815301076,1909f56bfc062723c751e8b465ee728b)
Start importing Assets/CustomRP/Runtime/Lighting.cs using Guid(98ae4963f0b436048990d0bd05810470) Importer(815301076,1909f56bfc062723c751e8b465ee728b)  -> (artifact id: '00000000000000000000000000000000') in 0.000407 seconds
Import Error Code:(4)
Message: Build asset version error: assets/customrp/runtime/lighting.cs in SourceAssetDB has modification time of '2024-09-18T03:50:32.1130814Z' while content on disk has modification time of '2024-09-18T03:50:41.0316514Z'
  ERROR: Build asset version error: assets/customrp/runtime/lighting.cs in SourceAssetDB has modification time of '2024-09-18T03:50:32.1130814Z' while content on disk has modification time of '2024-09-18T03:50:41.0316514Z'
Number of updated asset objects reloaded before import = 0
Number of asset objects unloaded after import = 0
========================================================================
Received Import Request.
  Time since last request: 0.004339 seconds.
  path: Assets/CustomRP/Runtime/Lighting.cs
  artifactKey: Guid(98ae4963f0b436048990d0bd05810470) Importer(815301076,1909f56bfc062723c751e8b465ee728b)
Start importing Assets/CustomRP/Runtime/Lighting.cs using Guid(98ae4963f0b436048990d0bd05810470) Importer(815301076,1909f56bfc062723c751e8b465ee728b)  -> (artifact id: '00000000000000000000000000000000') in 0.000336 seconds
Import Error Code:(4)
Message: Build asset version error: assets/customrp/runtime/lighting.cs in SourceAssetDB has modification time of '2024-09-18T03:50:32.1130814Z' while content on disk has modification time of '2024-09-18T03:50:41.0316514Z'
  ERROR: Build asset version error: assets/customrp/runtime/lighting.cs in SourceAssetDB has modification time of '2024-09-18T03:50:32.1130814Z' while content on disk has modification time of '2024-09-18T03:50:41.0316514Z'
Number of updated asset objects reloaded before import = 0
Number of asset objects unloaded after import = 0
========================================================================
Received Import Request.
  Time since last request: 0.004161 seconds.
  path: Assets/CustomRP/Runtime/Lighting.cs
  artifactKey: Guid(98ae4963f0b436048990d0bd05810470) Importer(815301076,1909f56bfc062723c751e8b465ee728b)
Start importing Assets/CustomRP/Runtime/Lighting.cs using Guid(98ae4963f0b436048990d0bd05810470) Importer(815301076,1909f56bfc062723c751e8b465ee728b)  -> (artifact id: '00000000000000000000000000000000') in 0.000307 seconds
Import Error Code:(4)
Message: Build asset version error: assets/customrp/runtime/lighting.cs in SourceAssetDB has modification time of '2024-09-18T03:50:32.1130814Z' while content on disk has modification time of '2024-09-18T03:50:41.0316514Z'
  ERROR: Build asset version error: assets/customrp/runtime/lighting.cs in SourceAssetDB has modification time of '2024-09-18T03:50:32.1130814Z' while content on disk has modification time of '2024-09-18T03:50:41.0316514Z'
Number of updated asset objects reloaded before import = 0
Number of asset objects unloaded after import = 0
========================================================================
Received Import Request.
  Time since last request: 0.004469 seconds.
  path: Assets/CustomRP/Runtime/Lighting.cs
  artifactKey: Guid(98ae4963f0b436048990d0bd05810470) Importer(815301076,1909f56bfc062723c751e8b465ee728b)
Start importing Assets/CustomRP/Runtime/Lighting.cs using Guid(98ae4963f0b436048990d0bd05810470) Importer(815301076,1909f56bfc062723c751e8b465ee728b)  -> (artifact id: '00000000000000000000000000000000') in 0.000291 seconds
Import Error Code:(4)
Message: Build asset version error: assets/customrp/runtime/lighting.cs in SourceAssetDB has modification time of '2024-09-18T03:50:32.1130814Z' while content on disk has modification time of '2024-09-18T03:50:41.0316514Z'
  ERROR: Build asset version error: assets/customrp/runtime/lighting.cs in SourceAssetDB has modification time of '2024-09-18T03:50:32.1130814Z' while content on disk has modification time of '2024-09-18T03:50:41.0316514Z'
Number of updated asset objects reloaded before import = 0
Number of asset objects unloaded after import = 0
========================================================================
Received Import Request.
  Time since last request: 0.004844 seconds.
  path: Assets/CustomRP/Runtime/Lighting.cs
  artifactKey: Guid(98ae4963f0b436048990d0bd05810470) Importer(815301076,1909f56bfc062723c751e8b465ee728b)
Start importing Assets/CustomRP/Runtime/Lighting.cs using Guid(98ae4963f0b436048990d0bd05810470) Importer(815301076,1909f56bfc062723c751e8b465ee728b)  -> (artifact id: '00000000000000000000000000000000') in 0.000300 seconds
Import Error Code:(4)
Message: Build asset version error: assets/customrp/runtime/lighting.cs in SourceAssetDB has modification time of '2024-09-18T03:50:32.1130814Z' while content on disk has modification time of '2024-09-18T03:50:41.0316514Z'
  ERROR: Build asset version error: assets/customrp/runtime/lighting.cs in SourceAssetDB has modification time of '2024-09-18T03:50:32.1130814Z' while content on disk has modification time of '2024-09-18T03:50:41.0316514Z'
Number of updated asset objects reloaded before import = 0
Number of asset objects unloaded after import = 0
========================================================================
Received Import Request.
  Time since last request: 0.004956 seconds.
  path: Assets/CustomRP/Runtime/Lighting.cs
  artifactKey: Guid(98ae4963f0b436048990d0bd05810470) Importer(815301076,1909f56bfc062723c751e8b465ee728b)
Start importing Assets/CustomRP/Runtime/Lighting.cs using Guid(98ae4963f0b436048990d0bd05810470) Importer(815301076,1909f56bfc062723c751e8b465ee728b)  -> (artifact id: '00000000000000000000000000000000') in 0.000326 seconds
Import Error Code:(4)
Message: Build asset version error: assets/customrp/runtime/lighting.cs in SourceAssetDB has modification time of '2024-09-18T03:50:32.1130814Z' while content on disk has modification time of '2024-09-18T03:50:41.0316514Z'
  ERROR: Build asset version error: assets/customrp/runtime/lighting.cs in SourceAssetDB has modification time of '2024-09-18T03:50:32.1130814Z' while content on disk has modification time of '2024-09-18T03:50:41.0316514Z'
Number of updated asset objects reloaded before import = 0
Number of asset objects unloaded after import = 0
========================================================================
Received Import Request.
  Time since last request: 0.005171 seconds.
  path: Assets/CustomRP/Runtime/Lighting.cs
  artifactKey: Guid(98ae4963f0b436048990d0bd05810470) Importer(815301076,1909f56bfc062723c751e8b465ee728b)
Start importing Assets/CustomRP/Runtime/Lighting.cs using Guid(98ae4963f0b436048990d0bd05810470) Importer(815301076,1909f56bfc062723c751e8b465ee728b)  -> (artifact id: '00000000000000000000000000000000') in 0.000329 seconds
Import Error Code:(4)
Message: Build asset version error: assets/customrp/runtime/lighting.cs in SourceAssetDB has modification time of '2024-09-18T03:50:32.1130814Z' while content on disk has modification time of '2024-09-18T03:50:41.0316514Z'
  ERROR: Build asset version error: assets/customrp/runtime/lighting.cs in SourceAssetDB has modification time of '2024-09-18T03:50:32.1130814Z' while content on disk has modification time of '2024-09-18T03:50:41.0316514Z'
Number of updated asset objects reloaded before import = 0
Number of asset objects unloaded after import = 0
========================================================================
Received Import Request.
  Time since last request: 0.004521 seconds.
  path: Assets/CustomRP/Runtime/Lighting.cs
  artifactKey: Guid(98ae4963f0b436048990d0bd05810470) Importer(815301076,1909f56bfc062723c751e8b465ee728b)
Start importing Assets/CustomRP/Runtime/Lighting.cs using Guid(98ae4963f0b436048990d0bd05810470) Importer(815301076,1909f56bfc062723c751e8b465ee728b)  -> (artifact id: '00000000000000000000000000000000') in 0.000299 seconds
Import Error Code:(4)
Message: Build asset version error: assets/customrp/runtime/lighting.cs in SourceAssetDB has modification time of '2024-09-18T03:50:32.1130814Z' while content on disk has modification time of '2024-09-18T03:50:41.0316514Z'
  ERROR: Build asset version error: assets/customrp/runtime/lighting.cs in SourceAssetDB has modification time of '2024-09-18T03:50:32.1130814Z' while content on disk has modification time of '2024-09-18T03:50:41.0316514Z'
Number of updated asset objects reloaded before import = 0
Number of asset objects unloaded after import = 0
========================================================================
Received Import Request.
  Time since last request: 0.005230 seconds.
  path: Assets/CustomRP/Runtime/Lighting.cs
  artifactKey: Guid(98ae4963f0b436048990d0bd05810470) Importer(815301076,1909f56bfc062723c751e8b465ee728b)
Start importing Assets/CustomRP/Runtime/Lighting.cs using Guid(98ae4963f0b436048990d0bd05810470) Importer(815301076,1909f56bfc062723c751e8b465ee728b)  -> (artifact id: '00000000000000000000000000000000') in 0.000315 seconds
Import Error Code:(4)
Message: Build asset version error: assets/customrp/runtime/lighting.cs in SourceAssetDB has modification time of '2024-09-18T03:50:32.1130814Z' while content on disk has modification time of '2024-09-18T03:50:41.0316514Z'
  ERROR: Build asset version error: assets/customrp/runtime/lighting.cs in SourceAssetDB has modification time of '2024-09-18T03:50:32.1130814Z' while content on disk has modification time of '2024-09-18T03:50:41.0316514Z'
Number of updated asset objects reloaded before import = 0
Number of asset objects unloaded after import = 0
========================================================================
Received Import Request.
  Time since last request: 0.005034 seconds.
  path: Assets/CustomRP/Runtime/Lighting.cs
  artifactKey: Guid(98ae4963f0b436048990d0bd05810470) Importer(815301076,1909f56bfc062723c751e8b465ee728b)
Start importing Assets/CustomRP/Runtime/Lighting.cs using Guid(98ae4963f0b436048990d0bd05810470) Importer(815301076,1909f56bfc062723c751e8b465ee728b)  -> (artifact id: '00000000000000000000000000000000') in 0.000333 seconds
Import Error Code:(4)
Message: Build asset version error: assets/customrp/runtime/lighting.cs in SourceAssetDB has modification time of '2024-09-18T03:50:32.1130814Z' while content on disk has modification time of '2024-09-18T03:50:41.0316514Z'
  ERROR: Build asset version error: assets/customrp/runtime/lighting.cs in SourceAssetDB has modification time of '2024-09-18T03:50:32.1130814Z' while content on disk has modification time of '2024-09-18T03:50:41.0316514Z'
Number of updated asset objects reloaded before import = 0
Number of asset objects unloaded after import = 0
========================================================================
Received Import Request.
  Time since last request: 0.004486 seconds.
  path: Assets/CustomRP/Runtime/Lighting.cs
  artifactKey: Guid(98ae4963f0b436048990d0bd05810470) Importer(815301076,1909f56bfc062723c751e8b465ee728b)
Start importing Assets/CustomRP/Runtime/Lighting.cs using Guid(98ae4963f0b436048990d0bd05810470) Importer(815301076,1909f56bfc062723c751e8b465ee728b)  -> (artifact id: '00000000000000000000000000000000') in 0.000302 seconds
Import Error Code:(4)
Message: Build asset version error: assets/customrp/runtime/lighting.cs in SourceAssetDB has modification time of '2024-09-18T03:50:32.1130814Z' while content on disk has modification time of '2024-09-18T03:50:41.0316514Z'
  ERROR: Build asset version error: assets/customrp/runtime/lighting.cs in SourceAssetDB has modification time of '2024-09-18T03:50:32.1130814Z' while content on disk has modification time of '2024-09-18T03:50:41.0316514Z'
Number of updated asset objects reloaded before import = 0
Number of asset objects unloaded after import = 0
========================================================================
Received Import Request.
  Time since last request: 0.005011 seconds.
  path: Assets/CustomRP/Runtime/Lighting.cs
  artifactKey: Guid(98ae4963f0b436048990d0bd05810470) Importer(815301076,1909f56bfc062723c751e8b465ee728b)
Start importing Assets/CustomRP/Runtime/Lighting.cs using Guid(98ae4963f0b436048990d0bd05810470) Importer(815301076,1909f56bfc062723c751e8b465ee728b)  -> (artifact id: '00000000000000000000000000000000') in 0.000419 seconds
Import Error Code:(4)
Message: Build asset version error: assets/customrp/runtime/lighting.cs in SourceAssetDB has modification time of '2024-09-18T03:50:32.1130814Z' while content on disk has modification time of '2024-09-18T03:50:41.0316514Z'
  ERROR: Build asset version error: assets/customrp/runtime/lighting.cs in SourceAssetDB has modification time of '2024-09-18T03:50:32.1130814Z' while content on disk has modification time of '2024-09-18T03:50:41.0316514Z'
Number of updated asset objects reloaded before import = 0
Number of asset objects unloaded after import = 0
========================================================================
Received Import Request.
  Time since last request: 0.005224 seconds.
  path: Assets/CustomRP/Runtime/Lighting.cs
  artifactKey: Guid(98ae4963f0b436048990d0bd05810470) Importer(815301076,1909f56bfc062723c751e8b465ee728b)
Start importing Assets/CustomRP/Runtime/Lighting.cs using Guid(98ae4963f0b436048990d0bd05810470) Importer(815301076,1909f56bfc062723c751e8b465ee728b)  -> (artifact id: '00000000000000000000000000000000') in 0.000354 seconds
Import Error Code:(4)
Message: Build asset version error: assets/customrp/runtime/lighting.cs in SourceAssetDB has modification time of '2024-09-18T03:50:32.1130814Z' while content on disk has modification time of '2024-09-18T03:50:41.0316514Z'
  ERROR: Build asset version error: assets/customrp/runtime/lighting.cs in SourceAssetDB has modification time of '2024-09-18T03:50:32.1130814Z' while content on disk has modification time of '2024-09-18T03:50:41.0316514Z'
Number of updated asset objects reloaded before import = 0
Number of asset objects unloaded after import = 0
========================================================================
Received Import Request.
  Time since last request: 0.004779 seconds.
  path: Assets/CustomRP/Runtime/Lighting.cs
  artifactKey: Guid(98ae4963f0b436048990d0bd05810470) Importer(815301076,1909f56bfc062723c751e8b465ee728b)
Start importing Assets/CustomRP/Runtime/Lighting.cs using Guid(98ae4963f0b436048990d0bd05810470) Importer(815301076,1909f56bfc062723c751e8b465ee728b)  -> (artifact id: '00000000000000000000000000000000') in 0.000302 seconds
Import Error Code:(4)
Message: Build asset version error: assets/customrp/runtime/lighting.cs in SourceAssetDB has modification time of '2024-09-18T03:50:32.1130814Z' while content on disk has modification time of '2024-09-18T03:50:41.0316514Z'
  ERROR: Build asset version error: assets/customrp/runtime/lighting.cs in SourceAssetDB has modification time of '2024-09-18T03:50:32.1130814Z' while content on disk has modification time of '2024-09-18T03:50:41.0316514Z'
Number of updated asset objects reloaded before import = 0
Number of asset objects unloaded after import = 0
========================================================================
Received Import Request.
  Time since last request: 0.004664 seconds.
  path: Assets/CustomRP/Runtime/Lighting.cs
  artifactKey: Guid(98ae4963f0b436048990d0bd05810470) Importer(815301076,1909f56bfc062723c751e8b465ee728b)
Start importing Assets/CustomRP/Runtime/Lighting.cs using Guid(98ae4963f0b436048990d0bd05810470) Importer(815301076,1909f56bfc062723c751e8b465ee728b)  -> (artifact id: '00000000000000000000000000000000') in 0.000323 seconds
Import Error Code:(4)
Message: Build asset version error: assets/customrp/runtime/lighting.cs in SourceAssetDB has modification time of '2024-09-18T03:50:32.1130814Z' while content on disk has modification time of '2024-09-18T03:50:41.0316514Z'
  ERROR: Build asset version error: assets/customrp/runtime/lighting.cs in SourceAssetDB has modification time of '2024-09-18T03:50:32.1130814Z' while content on disk has modification time of '2024-09-18T03:50:41.0316514Z'
Number of updated asset objects reloaded before import = 0
Number of asset objects unloaded after import = 0
========================================================================
Received Import Request.
  Time since last request: 0.005059 seconds.
  path: Assets/CustomRP/Runtime/Lighting.cs
  artifactKey: Guid(98ae4963f0b436048990d0bd05810470) Importer(815301076,1909f56bfc062723c751e8b465ee728b)
Start importing Assets/CustomRP/Runtime/Lighting.cs using Guid(98ae4963f0b436048990d0bd05810470) Importer(815301076,1909f56bfc062723c751e8b465ee728b)  -> (artifact id: '00000000000000000000000000000000') in 0.000307 seconds
Import Error Code:(4)
Message: Build asset version error: assets/customrp/runtime/lighting.cs in SourceAssetDB has modification time of '2024-09-18T03:50:32.1130814Z' while content on disk has modification time of '2024-09-18T03:50:41.0316514Z'
  ERROR: Build asset version error: assets/customrp/runtime/lighting.cs in SourceAssetDB has modification time of '2024-09-18T03:50:32.1130814Z' while content on disk has modification time of '2024-09-18T03:50:41.0316514Z'
Number of updated asset objects reloaded before import = 0
Number of asset objects unloaded after import = 0
========================================================================
Received Import Request.
  Time since last request: 0.004123 seconds.
  path: Assets/CustomRP/Runtime/Lighting.cs
  artifactKey: Guid(98ae4963f0b436048990d0bd05810470) Importer(815301076,1909f56bfc062723c751e8b465ee728b)
Start importing Assets/CustomRP/Runtime/Lighting.cs using Guid(98ae4963f0b436048990d0bd05810470) Importer(815301076,1909f56bfc062723c751e8b465ee728b)  -> (artifact id: '00000000000000000000000000000000') in 0.000288 seconds
Import Error Code:(4)
Message: Build asset version error: assets/customrp/runtime/lighting.cs in SourceAssetDB has modification time of '2024-09-18T03:50:32.1130814Z' while content on disk has modification time of '2024-09-18T03:50:41.0316514Z'
  ERROR: Build asset version error: assets/customrp/runtime/lighting.cs in SourceAssetDB has modification time of '2024-09-18T03:50:32.1130814Z' while content on disk has modification time of '2024-09-18T03:50:41.0316514Z'
Number of updated asset objects reloaded before import = 0
Number of asset objects unloaded after import = 0
========================================================================
Received Import Request.
  Time since last request: 0.004660 seconds.
  path: Assets/CustomRP/Runtime/Lighting.cs
  artifactKey: Guid(98ae4963f0b436048990d0bd05810470) Importer(815301076,1909f56bfc062723c751e8b465ee728b)
Start importing Assets/CustomRP/Runtime/Lighting.cs using Guid(98ae4963f0b436048990d0bd05810470) Importer(815301076,1909f56bfc062723c751e8b465ee728b)  -> (artifact id: '00000000000000000000000000000000') in 0.000496 seconds
Import Error Code:(4)
Message: Build asset version error: assets/customrp/runtime/lighting.cs in SourceAssetDB has modification time of '2024-09-18T03:50:32.1130814Z' while content on disk has modification time of '2024-09-18T03:50:41.0316514Z'
  ERROR: Build asset version error: assets/customrp/runtime/lighting.cs in SourceAssetDB has modification time of '2024-09-18T03:50:32.1130814Z' while content on disk has modification time of '2024-09-18T03:50:41.0316514Z'
Number of updated asset objects reloaded before import = 0
Number of asset objects unloaded after import = 0
========================================================================
Received Import Request.
  Time since last request: 0.004821 seconds.
  path: Assets/CustomRP/Runtime/Lighting.cs
  artifactKey: Guid(98ae4963f0b436048990d0bd05810470) Importer(815301076,1909f56bfc062723c751e8b465ee728b)
Start importing Assets/CustomRP/Runtime/Lighting.cs using Guid(98ae4963f0b436048990d0bd05810470) Importer(815301076,1909f56bfc062723c751e8b465ee728b)  -> (artifact id: '00000000000000000000000000000000') in 0.000316 seconds
Import Error Code:(4)
Message: Build asset version error: assets/customrp/runtime/lighting.cs in SourceAssetDB has modification time of '2024-09-18T03:50:32.1130814Z' while content on disk has modification time of '2024-09-18T03:50:41.0316514Z'
  ERROR: Build asset version error: assets/customrp/runtime/lighting.cs in SourceAssetDB has modification time of '2024-09-18T03:50:32.1130814Z' while content on disk has modification time of '2024-09-18T03:50:41.0316514Z'
Number of updated asset objects reloaded before import = 0
Number of asset objects unloaded after import = 0
========================================================================
Received Import Request.
  Time since last request: 0.004696 seconds.
  path: Assets/CustomRP/Runtime/Lighting.cs
  artifactKey: Guid(98ae4963f0b436048990d0bd05810470) Importer(815301076,1909f56bfc062723c751e8b465ee728b)
Start importing Assets/CustomRP/Runtime/Lighting.cs using Guid(98ae4963f0b436048990d0bd05810470) Importer(815301076,1909f56bfc062723c751e8b465ee728b)  -> (artifact id: '00000000000000000000000000000000') in 0.000309 seconds
Import Error Code:(4)
Message: Build asset version error: assets/customrp/runtime/lighting.cs in SourceAssetDB has modification time of '2024-09-18T03:50:32.1130814Z' while content on disk has modification time of '2024-09-18T03:50:41.0316514Z'
  ERROR: Build asset version error: assets/customrp/runtime/lighting.cs in SourceAssetDB has modification time of '2024-09-18T03:50:32.1130814Z' while content on disk has modification time of '2024-09-18T03:50:41.0316514Z'
Number of updated asset objects reloaded before import = 0
Number of asset objects unloaded after import = 0
========================================================================
Received Import Request.
  Time since last request: 0.004831 seconds.
  path: Assets/CustomRP/Runtime/Lighting.cs
  artifactKey: Guid(98ae4963f0b436048990d0bd05810470) Importer(815301076,1909f56bfc062723c751e8b465ee728b)
Start importing Assets/CustomRP/Runtime/Lighting.cs using Guid(98ae4963f0b436048990d0bd05810470) Importer(815301076,1909f56bfc062723c751e8b465ee728b)  -> (artifact id: '00000000000000000000000000000000') in 0.000337 seconds
Import Error Code:(4)
Message: Build asset version error: assets/customrp/runtime/lighting.cs in SourceAssetDB has modification time of '2024-09-18T03:50:32.1130814Z' while content on disk has modification time of '2024-09-18T03:50:41.0316514Z'
  ERROR: Build asset version error: assets/customrp/runtime/lighting.cs in SourceAssetDB has modification time of '2024-09-18T03:50:32.1130814Z' while content on disk has modification time of '2024-09-18T03:50:41.0316514Z'
Number of updated asset objects reloaded before import = 0
Number of asset objects unloaded after import = 0
========================================================================
Received Import Request.
  Time since last request: 0.004766 seconds.
  path: Assets/CustomRP/Runtime/Lighting.cs
  artifactKey: Guid(98ae4963f0b436048990d0bd05810470) Importer(815301076,1909f56bfc062723c751e8b465ee728b)
Start importing Assets/CustomRP/Runtime/Lighting.cs using Guid(98ae4963f0b436048990d0bd05810470) Importer(815301076,1909f56bfc062723c751e8b465ee728b)  -> (artifact id: '00000000000000000000000000000000') in 0.000301 seconds
Import Error Code:(4)
Message: Build asset version error: assets/customrp/runtime/lighting.cs in SourceAssetDB has modification time of '2024-09-18T03:50:32.1130814Z' while content on disk has modification time of '2024-09-18T03:50:41.0316514Z'
  ERROR: Build asset version error: assets/customrp/runtime/lighting.cs in SourceAssetDB has modification time of '2024-09-18T03:50:32.1130814Z' while content on disk has modification time of '2024-09-18T03:50:41.0316514Z'
Number of updated asset objects reloaded before import = 0
Number of asset objects unloaded after import = 0
========================================================================
Received Import Request.
  Time since last request: 0.004212 seconds.
  path: Assets/CustomRP/Runtime/Lighting.cs
  artifactKey: Guid(98ae4963f0b436048990d0bd05810470) Importer(815301076,1909f56bfc062723c751e8b465ee728b)
Start importing Assets/CustomRP/Runtime/Lighting.cs using Guid(98ae4963f0b436048990d0bd05810470) Importer(815301076,1909f56bfc062723c751e8b465ee728b)  -> (artifact id: '00000000000000000000000000000000') in 0.000252 seconds
Import Error Code:(4)
Message: Build asset version error: assets/customrp/runtime/lighting.cs in SourceAssetDB has modification time of '2024-09-18T03:50:32.1130814Z' while content on disk has modification time of '2024-09-18T03:50:41.0316514Z'
  ERROR: Build asset version error: assets/customrp/runtime/lighting.cs in SourceAssetDB has modification time of '2024-09-18T03:50:32.1130814Z' while content on disk has modification time of '2024-09-18T03:50:41.0316514Z'
Number of updated asset objects reloaded before import = 0
Number of asset objects unloaded after import = 0
========================================================================
Received Import Request.
  Time since last request: 0.004705 seconds.
  path: Assets/CustomRP/Runtime/Lighting.cs
  artifactKey: Guid(98ae4963f0b436048990d0bd05810470) Importer(815301076,1909f56bfc062723c751e8b465ee728b)
Start importing Assets/CustomRP/Runtime/Lighting.cs using Guid(98ae4963f0b436048990d0bd05810470) Importer(815301076,1909f56bfc062723c751e8b465ee728b)  -> (artifact id: '00000000000000000000000000000000') in 0.000393 seconds
Import Error Code:(4)
Message: Build asset version error: assets/customrp/runtime/lighting.cs in SourceAssetDB has modification time of '2024-09-18T03:50:32.1130814Z' while content on disk has modification time of '2024-09-18T03:50:41.0316514Z'
  ERROR: Build asset version error: assets/customrp/runtime/lighting.cs in SourceAssetDB has modification time of '2024-09-18T03:50:32.1130814Z' while content on disk has modification time of '2024-09-18T03:50:41.0316514Z'
Number of updated asset objects reloaded before import = 0
Number of asset objects unloaded after import = 0
========================================================================
Received Import Request.
  Time since last request: 0.004580 seconds.
  path: Assets/CustomRP/Runtime/Lighting.cs
  artifactKey: Guid(98ae4963f0b436048990d0bd05810470) Importer(815301076,1909f56bfc062723c751e8b465ee728b)
Start importing Assets/CustomRP/Runtime/Lighting.cs using Guid(98ae4963f0b436048990d0bd05810470) Importer(815301076,1909f56bfc062723c751e8b465ee728b)  -> (artifact id: '00000000000000000000000000000000') in 0.000341 seconds
Import Error Code:(4)
Message: Build asset version error: assets/customrp/runtime/lighting.cs in SourceAssetDB has modification time of '2024-09-18T03:50:32.1130814Z' while content on disk has modification time of '2024-09-18T03:50:41.0316514Z'
  ERROR: Build asset version error: assets/customrp/runtime/lighting.cs in SourceAssetDB has modification time of '2024-09-18T03:50:32.1130814Z' while content on disk has modification time of '2024-09-18T03:50:41.0316514Z'
Number of updated asset objects reloaded before import = 0
Number of asset objects unloaded after import = 0
========================================================================
Received Import Request.
  Time since last request: 0.004649 seconds.
  path: Assets/CustomRP/Runtime/Lighting.cs
  artifactKey: Guid(98ae4963f0b436048990d0bd05810470) Importer(815301076,1909f56bfc062723c751e8b465ee728b)
Start importing Assets/CustomRP/Runtime/Lighting.cs using Guid(98ae4963f0b436048990d0bd05810470) Importer(815301076,1909f56bfc062723c751e8b465ee728b)  -> (artifact id: '00000000000000000000000000000000') in 0.000343 seconds
Import Error Code:(4)
Message: Build asset version error: assets/customrp/runtime/lighting.cs in SourceAssetDB has modification time of '2024-09-18T03:50:32.1130814Z' while content on disk has modification time of '2024-09-18T03:50:41.0316514Z'
  ERROR: Build asset version error: assets/customrp/runtime/lighting.cs in SourceAssetDB has modification time of '2024-09-18T03:50:32.1130814Z' while content on disk has modification time of '2024-09-18T03:50:41.0316514Z'
Number of updated asset objects reloaded before import = 0
Number of asset objects unloaded after import = 0
========================================================================
Received Import Request.
  Time since last request: 0.005573 seconds.
  path: Assets/CustomRP/Runtime/Lighting.cs
  artifactKey: Guid(98ae4963f0b436048990d0bd05810470) Importer(815301076,1909f56bfc062723c751e8b465ee728b)
Start importing Assets/CustomRP/Runtime/Lighting.cs using Guid(98ae4963f0b436048990d0bd05810470) Importer(815301076,1909f56bfc062723c751e8b465ee728b)  -> (artifact id: '00000000000000000000000000000000') in 0.000503 seconds
Import Error Code:(4)
Message: Build asset version error: assets/customrp/runtime/lighting.cs in SourceAssetDB has modification time of '2024-09-18T03:50:32.1130814Z' while content on disk has modification time of '2024-09-18T03:50:41.0316514Z'
  ERROR: Build asset version error: assets/customrp/runtime/lighting.cs in SourceAssetDB has modification time of '2024-09-18T03:50:32.1130814Z' while content on disk has modification time of '2024-09-18T03:50:41.0316514Z'
Number of updated asset objects reloaded before import = 0
Number of asset objects unloaded after import = 0
========================================================================
Received Import Request.
  Time since last request: 0.004844 seconds.
  path: Assets/CustomRP/Runtime/Lighting.cs
  artifactKey: Guid(98ae4963f0b436048990d0bd05810470) Importer(815301076,1909f56bfc062723c751e8b465ee728b)
Start importing Assets/CustomRP/Runtime/Lighting.cs using Guid(98ae4963f0b436048990d0bd05810470) Importer(815301076,1909f56bfc062723c751e8b465ee728b)  -> (artifact id: '00000000000000000000000000000000') in 0.000345 seconds
Import Error Code:(4)
Message: Build asset version error: assets/customrp/runtime/lighting.cs in SourceAssetDB has modification time of '2024-09-18T03:50:32.1130814Z' while content on disk has modification time of '2024-09-18T03:50:41.0316514Z'
  ERROR: Build asset version error: assets/customrp/runtime/lighting.cs in SourceAssetDB has modification time of '2024-09-18T03:50:32.1130814Z' while content on disk has modification time of '2024-09-18T03:50:41.0316514Z'
Number of updated asset objects reloaded before import = 0
Number of asset objects unloaded after import = 0
========================================================================
Received Import Request.
  Time since last request: 0.008333 seconds.
  path: Assets/CustomRP/Runtime/Lighting.cs
  artifactKey: Guid(98ae4963f0b436048990d0bd05810470) Importer(815301076,1909f56bfc062723c751e8b465ee728b)
Start importing Assets/CustomRP/Runtime/Lighting.cs using Guid(98ae4963f0b436048990d0bd05810470) Importer(815301076,1909f56bfc062723c751e8b465ee728b)  -> (artifact id: '00000000000000000000000000000000') in 0.000360 seconds
Import Error Code:(4)
Message: Build asset version error: assets/customrp/runtime/lighting.cs in SourceAssetDB has modification time of '2024-09-18T03:50:32.1130814Z' while content on disk has modification time of '2024-09-18T03:50:41.0316514Z'
  ERROR: Build asset version error: assets/customrp/runtime/lighting.cs in SourceAssetDB has modification time of '2024-09-18T03:50:32.1130814Z' while content on disk has modification time of '2024-09-18T03:50:41.0316514Z'
Number of updated asset objects reloaded before import = 0
Number of asset objects unloaded after import = 0
========================================================================
Received Import Request.
  Time since last request: 0.004464 seconds.
  path: Assets/CustomRP/Runtime/Lighting.cs
  artifactKey: Guid(98ae4963f0b436048990d0bd05810470) Importer(815301076,1909f56bfc062723c751e8b465ee728b)
Start importing Assets/CustomRP/Runtime/Lighting.cs using Guid(98ae4963f0b436048990d0bd05810470) Importer(815301076,1909f56bfc062723c751e8b465ee728b)  -> (artifact id: '00000000000000000000000000000000') in 0.000307 seconds
Import Error Code:(4)
Message: Build asset version error: assets/customrp/runtime/lighting.cs in SourceAssetDB has modification time of '2024-09-18T03:50:32.1130814Z' while content on disk has modification time of '2024-09-18T03:50:41.0316514Z'
  ERROR: Build asset version error: assets/customrp/runtime/lighting.cs in SourceAssetDB has modification time of '2024-09-18T03:50:32.1130814Z' while content on disk has modification time of '2024-09-18T03:50:41.0316514Z'
Number of updated asset objects reloaded before import = 0
Number of asset objects unloaded after import = 0
========================================================================
Received Import Request.
  Time since last request: 0.004068 seconds.
  path: Assets/CustomRP/Runtime/Lighting.cs
  artifactKey: Guid(98ae4963f0b436048990d0bd05810470) Importer(815301076,1909f56bfc062723c751e8b465ee728b)
Start importing Assets/CustomRP/Runtime/Lighting.cs using Guid(98ae4963f0b436048990d0bd05810470) Importer(815301076,1909f56bfc062723c751e8b465ee728b)  -> (artifact id: '00000000000000000000000000000000') in 0.000321 seconds
Import Error Code:(4)
Message: Build asset version error: assets/customrp/runtime/lighting.cs in SourceAssetDB has modification time of '2024-09-18T03:50:32.1130814Z' while content on disk has modification time of '2024-09-18T03:50:41.0316514Z'
  ERROR: Build asset version error: assets/customrp/runtime/lighting.cs in SourceAssetDB has modification time of '2024-09-18T03:50:32.1130814Z' while content on disk has modification time of '2024-09-18T03:50:41.0316514Z'
Number of updated asset objects reloaded before import = 0
Number of asset objects unloaded after import = 0
========================================================================
Received Import Request.
  Time since last request: 0.004690 seconds.
  path: Assets/CustomRP/Runtime/Lighting.cs
  artifactKey: Guid(98ae4963f0b436048990d0bd05810470) Importer(815301076,1909f56bfc062723c751e8b465ee728b)
Start importing Assets/CustomRP/Runtime/Lighting.cs using Guid(98ae4963f0b436048990d0bd05810470) Importer(815301076,1909f56bfc062723c751e8b465ee728b)  -> (artifact id: '00000000000000000000000000000000') in 0.000339 seconds
Import Error Code:(4)
Message: Build asset version error: assets/customrp/runtime/lighting.cs in SourceAssetDB has modification time of '2024-09-18T03:50:32.1130814Z' while content on disk has modification time of '2024-09-18T03:50:41.0316514Z'
  ERROR: Build asset version error: assets/customrp/runtime/lighting.cs in SourceAssetDB has modification time of '2024-09-18T03:50:32.1130814Z' while content on disk has modification time of '2024-09-18T03:50:41.0316514Z'
Number of updated asset objects reloaded before import = 0
Number of asset objects unloaded after import = 0
========================================================================
Received Import Request.
  Time since last request: 0.004892 seconds.
  path: Assets/CustomRP/Runtime/Lighting.cs
  artifactKey: Guid(98ae4963f0b436048990d0bd05810470) Importer(815301076,1909f56bfc062723c751e8b465ee728b)
Start importing Assets/CustomRP/Runtime/Lighting.cs using Guid(98ae4963f0b436048990d0bd05810470) Importer(815301076,1909f56bfc062723c751e8b465ee728b)  -> (artifact id: '00000000000000000000000000000000') in 0.000324 seconds
Import Error Code:(4)
Message: Build asset version error: assets/customrp/runtime/lighting.cs in SourceAssetDB has modification time of '2024-09-18T03:50:32.1130814Z' while content on disk has modification time of '2024-09-18T03:50:41.0316514Z'
  ERROR: Build asset version error: assets/customrp/runtime/lighting.cs in SourceAssetDB has modification time of '2024-09-18T03:50:32.1130814Z' while content on disk has modification time of '2024-09-18T03:50:41.0316514Z'
Number of updated asset objects reloaded before import = 0
Number of asset objects unloaded after import = 0
========================================================================
Received Import Request.
  Time since last request: 0.003857 seconds.
  path: Assets/CustomRP/Runtime/Lighting.cs
  artifactKey: Guid(98ae4963f0b436048990d0bd05810470) Importer(815301076,1909f56bfc062723c751e8b465ee728b)
Start importing Assets/CustomRP/Runtime/Lighting.cs using Guid(98ae4963f0b436048990d0bd05810470) Importer(815301076,1909f56bfc062723c751e8b465ee728b)  -> (artifact id: '00000000000000000000000000000000') in 0.000262 seconds
Import Error Code:(4)
Message: Build asset version error: assets/customrp/runtime/lighting.cs in SourceAssetDB has modification time of '2024-09-18T03:50:32.1130814Z' while content on disk has modification time of '2024-09-18T03:50:41.0316514Z'
  ERROR: Build asset version error: assets/customrp/runtime/lighting.cs in SourceAssetDB has modification time of '2024-09-18T03:50:32.1130814Z' while content on disk has modification time of '2024-09-18T03:50:41.0316514Z'
Number of updated asset objects reloaded before import = 0
Number of asset objects unloaded after import = 0
========================================================================
Received Import Request.
  Time since last request: 0.004739 seconds.
  path: Assets/CustomRP/Runtime/Lighting.cs
  artifactKey: Guid(98ae4963f0b436048990d0bd05810470) Importer(815301076,1909f56bfc062723c751e8b465ee728b)
Start importing Assets/CustomRP/Runtime/Lighting.cs using Guid(98ae4963f0b436048990d0bd05810470) Importer(815301076,1909f56bfc062723c751e8b465ee728b)  -> (artifact id: '00000000000000000000000000000000') in 0.000399 seconds
Import Error Code:(4)
Message: Build asset version error: assets/customrp/runtime/lighting.cs in SourceAssetDB has modification time of '2024-09-18T03:50:32.1130814Z' while content on disk has modification time of '2024-09-18T03:50:41.0316514Z'
  ERROR: Build asset version error: assets/customrp/runtime/lighting.cs in SourceAssetDB has modification time of '2024-09-18T03:50:32.1130814Z' while content on disk has modification time of '2024-09-18T03:50:41.0316514Z'
Number of updated asset objects reloaded before import = 0
Number of asset objects unloaded after import = 0
========================================================================
Received Import Request.
  Time since last request: 0.000377 seconds.
  path: Assets/CustomRP/Runtime/Lighting.cs
  artifactKey: Guid(98ae4963f0b436048990d0bd05810470) Importer(815301076,1909f56bfc062723c751e8b465ee728b)
Start importing Assets/CustomRP/Runtime/Lighting.cs using Guid(98ae4963f0b436048990d0bd05810470) Importer(815301076,1909f56bfc062723c751e8b465ee728b)  -> (artifact id: '00000000000000000000000000000000') in 0.000214 seconds
Import Error Code:(4)
Message: Build asset version error: assets/customrp/runtime/lighting.cs in SourceAssetDB has modification time of '2024-09-18T03:50:32.1130814Z' while content on disk has modification time of '2024-09-18T03:50:41.0316514Z'
  ERROR: Build asset version error: assets/customrp/runtime/lighting.cs in SourceAssetDB has modification time of '2024-09-18T03:50:32.1130814Z' while content on disk has modification time of '2024-09-18T03:50:41.0316514Z'
Number of updated asset objects reloaded before import = 0
Number of asset objects unloaded after import = 0
========================================================================
Received Import Request.
  Time since last request: 0.003328 seconds.
  path: Assets/CustomRP/Runtime/Lighting.cs
  artifactKey: Guid(98ae4963f0b436048990d0bd05810470) Importer(815301076,1909f56bfc062723c751e8b465ee728b)
Start importing Assets/CustomRP/Runtime/Lighting.cs using Guid(98ae4963f0b436048990d0bd05810470) Importer(815301076,1909f56bfc062723c751e8b465ee728b)  -> (artifact id: '00000000000000000000000000000000') in 0.000328 seconds
Import Error Code:(4)
Message: Build asset version error: assets/customrp/runtime/lighting.cs in SourceAssetDB has modification time of '2024-09-18T03:50:32.1130814Z' while content on disk has modification time of '2024-09-18T03:50:41.0316514Z'
  ERROR: Build asset version error: assets/customrp/runtime/lighting.cs in SourceAssetDB has modification time of '2024-09-18T03:50:32.1130814Z' while content on disk has modification time of '2024-09-18T03:50:41.0316514Z'
Number of updated asset objects reloaded before import = 0
Number of asset objects unloaded after import = 0
========================================================================
Received Import Request.
  Time since last request: 0.004182 seconds.
  path: Assets/CustomRP/Runtime/Lighting.cs
  artifactKey: Guid(98ae4963f0b436048990d0bd05810470) Importer(815301076,1909f56bfc062723c751e8b465ee728b)
Start importing Assets/CustomRP/Runtime/Lighting.cs using Guid(98ae4963f0b436048990d0bd05810470) Importer(815301076,1909f56bfc062723c751e8b465ee728b)  -> (artifact id: '00000000000000000000000000000000') in 0.000342 seconds
Import Error Code:(4)
Message: Build asset version error: assets/customrp/runtime/lighting.cs in SourceAssetDB has modification time of '2024-09-18T03:50:32.1130814Z' while content on disk has modification time of '2024-09-18T03:50:41.0316514Z'
  ERROR: Build asset version error: assets/customrp/runtime/lighting.cs in SourceAssetDB has modification time of '2024-09-18T03:50:32.1130814Z' while content on disk has modification time of '2024-09-18T03:50:41.0316514Z'
Number of updated asset objects reloaded before import = 0
Number of asset objects unloaded after import = 0
========================================================================
Received Import Request.
  Time since last request: 0.004702 seconds.
  path: Assets/CustomRP/Runtime/Lighting.cs
  artifactKey: Guid(98ae4963f0b436048990d0bd05810470) Importer(815301076,1909f56bfc062723c751e8b465ee728b)
Start importing Assets/CustomRP/Runtime/Lighting.cs using Guid(98ae4963f0b436048990d0bd05810470) Importer(815301076,1909f56bfc062723c751e8b465ee728b)  -> (artifact id: '00000000000000000000000000000000') in 0.000311 seconds
Import Error Code:(4)
Message: Build asset version error: assets/customrp/runtime/lighting.cs in SourceAssetDB has modification time of '2024-09-18T03:50:32.1130814Z' while content on disk has modification time of '2024-09-18T03:50:41.0316514Z'
  ERROR: Build asset version error: assets/customrp/runtime/lighting.cs in SourceAssetDB has modification time of '2024-09-18T03:50:32.1130814Z' while content on disk has modification time of '2024-09-18T03:50:41.0316514Z'
Number of updated asset objects reloaded before import = 0
Number of asset objects unloaded after import = 0
========================================================================
Received Import Request.
  Time since last request: 0.004312 seconds.
  path: Assets/CustomRP/Runtime/Lighting.cs
  artifactKey: Guid(98ae4963f0b436048990d0bd05810470) Importer(815301076,1909f56bfc062723c751e8b465ee728b)
Start importing Assets/CustomRP/Runtime/Lighting.cs using Guid(98ae4963f0b436048990d0bd05810470) Importer(815301076,1909f56bfc062723c751e8b465ee728b)  -> (artifact id: '00000000000000000000000000000000') in 0.000297 seconds
Import Error Code:(4)
Message: Build asset version error: assets/customrp/runtime/lighting.cs in SourceAssetDB has modification time of '2024-09-18T03:50:32.1130814Z' while content on disk has modification time of '2024-09-18T03:50:41.0316514Z'
  ERROR: Build asset version error: assets/customrp/runtime/lighting.cs in SourceAssetDB has modification time of '2024-09-18T03:50:32.1130814Z' while content on disk has modification time of '2024-09-18T03:50:41.0316514Z'
Number of updated asset objects reloaded before import = 0
Number of asset objects unloaded after import = 0
========================================================================
Received Import Request.
  Time since last request: 0.003813 seconds.
  path: Assets/CustomRP/Runtime/Lighting.cs
  artifactKey: Guid(98ae4963f0b436048990d0bd05810470) Importer(815301076,1909f56bfc062723c751e8b465ee728b)
Start importing Assets/CustomRP/Runtime/Lighting.cs using Guid(98ae4963f0b436048990d0bd05810470) Importer(815301076,1909f56bfc062723c751e8b465ee728b)  -> (artifact id: '00000000000000000000000000000000') in 0.000251 seconds
Import Error Code:(4)
Message: Build asset version error: assets/customrp/runtime/lighting.cs in SourceAssetDB has modification time of '2024-09-18T03:50:32.1130814Z' while content on disk has modification time of '2024-09-18T03:50:41.0316514Z'
  ERROR: Build asset version error: assets/customrp/runtime/lighting.cs in SourceAssetDB has modification time of '2024-09-18T03:50:32.1130814Z' while content on disk has modification time of '2024-09-18T03:50:41.0316514Z'
Number of updated asset objects reloaded before import = 0
Number of asset objects unloaded after import = 0
========================================================================
Received Import Request.
  Time since last request: 0.004541 seconds.
  path: Assets/CustomRP/Runtime/Lighting.cs
  artifactKey: Guid(98ae4963f0b436048990d0bd05810470) Importer(815301076,1909f56bfc062723c751e8b465ee728b)
Start importing Assets/CustomRP/Runtime/Lighting.cs using Guid(98ae4963f0b436048990d0bd05810470) Importer(815301076,1909f56bfc062723c751e8b465ee728b)  -> (artifact id: '00000000000000000000000000000000') in 0.000312 seconds
Import Error Code:(4)
Message: Build asset version error: assets/customrp/runtime/lighting.cs in SourceAssetDB has modification time of '2024-09-18T03:50:32.1130814Z' while content on disk has modification time of '2024-09-18T03:50:41.0316514Z'
  ERROR: Build asset version error: assets/customrp/runtime/lighting.cs in SourceAssetDB has modification time of '2024-09-18T03:50:32.1130814Z' while content on disk has modification time of '2024-09-18T03:50:41.0316514Z'
Number of updated asset objects reloaded before import = 0
Number of asset objects unloaded after import = 0
========================================================================
Received Import Request.
  Time since last request: 0.004175 seconds.
  path: Assets/CustomRP/Runtime/Lighting.cs
  artifactKey: Guid(98ae4963f0b436048990d0bd05810470) Importer(815301076,1909f56bfc062723c751e8b465ee728b)
Start importing Assets/CustomRP/Runtime/Lighting.cs using Guid(98ae4963f0b436048990d0bd05810470) Importer(815301076,1909f56bfc062723c751e8b465ee728b)  -> (artifact id: '00000000000000000000000000000000') in 0.000293 seconds
Import Error Code:(4)
Message: Build asset version error: assets/customrp/runtime/lighting.cs in SourceAssetDB has modification time of '2024-09-18T03:50:32.1130814Z' while content on disk has modification time of '2024-09-18T03:50:41.0316514Z'
  ERROR: Build asset version error: assets/customrp/runtime/lighting.cs in SourceAssetDB has modification time of '2024-09-18T03:50:32.1130814Z' while content on disk has modification time of '2024-09-18T03:50:41.0316514Z'
Number of updated asset objects reloaded before import = 0
Number of asset objects unloaded after import = 0
========================================================================
Received Import Request.
  Time since last request: 0.004054 seconds.
  path: Assets/CustomRP/Runtime/Lighting.cs
  artifactKey: Guid(98ae4963f0b436048990d0bd05810470) Importer(815301076,1909f56bfc062723c751e8b465ee728b)
Start importing Assets/CustomRP/Runtime/Lighting.cs using Guid(98ae4963f0b436048990d0bd05810470) Importer(815301076,1909f56bfc062723c751e8b465ee728b)  -> (artifact id: '00000000000000000000000000000000') in 0.000251 seconds
Import Error Code:(4)
Message: Build asset version error: assets/customrp/runtime/lighting.cs in SourceAssetDB has modification time of '2024-09-18T03:50:32.1130814Z' while content on disk has modification time of '2024-09-18T03:50:41.0316514Z'
  ERROR: Build asset version error: assets/customrp/runtime/lighting.cs in SourceAssetDB has modification time of '2024-09-18T03:50:32.1130814Z' while content on disk has modification time of '2024-09-18T03:50:41.0316514Z'
Number of updated asset objects reloaded before import = 0
Number of asset objects unloaded after import = 0
========================================================================
Received Import Request.
  Time since last request: 0.004052 seconds.
  path: Assets/CustomRP/Runtime/Lighting.cs
  artifactKey: Guid(98ae4963f0b436048990d0bd05810470) Importer(815301076,1909f56bfc062723c751e8b465ee728b)
Start importing Assets/CustomRP/Runtime/Lighting.cs using Guid(98ae4963f0b436048990d0bd05810470) Importer(815301076,1909f56bfc062723c751e8b465ee728b)  -> (artifact id: '00000000000000000000000000000000') in 0.000274 seconds
Import Error Code:(4)
Message: Build asset version error: assets/customrp/runtime/lighting.cs in SourceAssetDB has modification time of '2024-09-18T03:50:32.1130814Z' while content on disk has modification time of '2024-09-18T03:50:41.0316514Z'
  ERROR: Build asset version error: assets/customrp/runtime/lighting.cs in SourceAssetDB has modification time of '2024-09-18T03:50:32.1130814Z' while content on disk has modification time of '2024-09-18T03:50:41.0316514Z'
Number of updated asset objects reloaded before import = 0
Number of asset objects unloaded after import = 0
========================================================================
Received Import Request.
  Time since last request: 0.004295 seconds.
  path: Assets/CustomRP/Runtime/Lighting.cs
  artifactKey: Guid(98ae4963f0b436048990d0bd05810470) Importer(815301076,1909f56bfc062723c751e8b465ee728b)
Start importing Assets/CustomRP/Runtime/Lighting.cs using Guid(98ae4963f0b436048990d0bd05810470) Importer(815301076,1909f56bfc062723c751e8b465ee728b)  -> (artifact id: '00000000000000000000000000000000') in 0.000304 seconds
Import Error Code:(4)
Message: Build asset version error: assets/customrp/runtime/lighting.cs in SourceAssetDB has modification time of '2024-09-18T03:50:32.1130814Z' while content on disk has modification time of '2024-09-18T03:50:41.0316514Z'
  ERROR: Build asset version error: assets/customrp/runtime/lighting.cs in SourceAssetDB has modification time of '2024-09-18T03:50:32.1130814Z' while content on disk has modification time of '2024-09-18T03:50:41.0316514Z'
Number of updated asset objects reloaded before import = 0
Number of asset objects unloaded after import = 0
========================================================================
Received Import Request.
  Time since last request: 0.004170 seconds.
  path: Assets/CustomRP/Runtime/Lighting.cs
  artifactKey: Guid(98ae4963f0b436048990d0bd05810470) Importer(815301076,1909f56bfc062723c751e8b465ee728b)
Start importing Assets/CustomRP/Runtime/Lighting.cs using Guid(98ae4963f0b436048990d0bd05810470) Importer(815301076,1909f56bfc062723c751e8b465ee728b)  -> (artifact id: '00000000000000000000000000000000') in 0.000260 seconds
Import Error Code:(4)
Message: Build asset version error: assets/customrp/runtime/lighting.cs in SourceAssetDB has modification time of '2024-09-18T03:50:32.1130814Z' while content on disk has modification time of '2024-09-18T03:50:41.0316514Z'
  ERROR: Build asset version error: assets/customrp/runtime/lighting.cs in SourceAssetDB has modification time of '2024-09-18T03:50:32.1130814Z' while content on disk has modification time of '2024-09-18T03:50:41.0316514Z'
Number of updated asset objects reloaded before import = 0
Number of asset objects unloaded after import = 0
========================================================================
Received Import Request.
  Time since last request: 0.003925 seconds.
  path: Assets/CustomRP/Runtime/Lighting.cs
  artifactKey: Guid(98ae4963f0b436048990d0bd05810470) Importer(815301076,1909f56bfc062723c751e8b465ee728b)
Start importing Assets/CustomRP/Runtime/Lighting.cs using Guid(98ae4963f0b436048990d0bd05810470) Importer(815301076,1909f56bfc062723c751e8b465ee728b)  -> (artifact id: '00000000000000000000000000000000') in 0.000250 seconds
Import Error Code:(4)
Message: Build asset version error: assets/customrp/runtime/lighting.cs in SourceAssetDB has modification time of '2024-09-18T03:50:32.1130814Z' while content on disk has modification time of '2024-09-18T03:50:41.0316514Z'
  ERROR: Build asset version error: assets/customrp/runtime/lighting.cs in SourceAssetDB has modification time of '2024-09-18T03:50:32.1130814Z' while content on disk has modification time of '2024-09-18T03:50:41.0316514Z'
Number of updated asset objects reloaded before import = 0
Number of asset objects unloaded after import = 0
========================================================================
Received Import Request.
  Time since last request: 0.004127 seconds.
  path: Assets/CustomRP/Runtime/Lighting.cs
  artifactKey: Guid(98ae4963f0b436048990d0bd05810470) Importer(815301076,1909f56bfc062723c751e8b465ee728b)
Start importing Assets/CustomRP/Runtime/Lighting.cs using Guid(98ae4963f0b436048990d0bd05810470) Importer(815301076,1909f56bfc062723c751e8b465ee728b)  -> (artifact id: '00000000000000000000000000000000') in 0.000282 seconds
Import Error Code:(4)
Message: Build asset version error: assets/customrp/runtime/lighting.cs in SourceAssetDB has modification time of '2024-09-18T03:50:32.1130814Z' while content on disk has modification time of '2024-09-18T03:50:41.0316514Z'
  ERROR: Build asset version error: assets/customrp/runtime/lighting.cs in SourceAssetDB has modification time of '2024-09-18T03:50:32.1130814Z' while content on disk has modification time of '2024-09-18T03:50:41.0316514Z'
Number of updated asset objects reloaded before import = 0
Number of asset objects unloaded after import = 0
========================================================================
Received Import Request.
  Time since last request: 0.004624 seconds.
  path: Assets/CustomRP/Runtime/Lighting.cs
  artifactKey: Guid(98ae4963f0b436048990d0bd05810470) Importer(815301076,1909f56bfc062723c751e8b465ee728b)
Start importing Assets/CustomRP/Runtime/Lighting.cs using Guid(98ae4963f0b436048990d0bd05810470) Importer(815301076,1909f56bfc062723c751e8b465ee728b)  -> (artifact id: '00000000000000000000000000000000') in 0.000306 seconds
Import Error Code:(4)
Message: Build asset version error: assets/customrp/runtime/lighting.cs in SourceAssetDB has modification time of '2024-09-18T03:50:32.1130814Z' while content on disk has modification time of '2024-09-18T03:50:41.0316514Z'
  ERROR: Build asset version error: assets/customrp/runtime/lighting.cs in SourceAssetDB has modification time of '2024-09-18T03:50:32.1130814Z' while content on disk has modification time of '2024-09-18T03:50:41.0316514Z'
Number of updated asset objects reloaded before import = 0
Number of asset objects unloaded after import = 0
========================================================================
Received Import Request.
  Time since last request: 0.003841 seconds.
  path: Assets/CustomRP/Runtime/Lighting.cs
  artifactKey: Guid(98ae4963f0b436048990d0bd05810470) Importer(815301076,1909f56bfc062723c751e8b465ee728b)
Start importing Assets/CustomRP/Runtime/Lighting.cs using Guid(98ae4963f0b436048990d0bd05810470) Importer(815301076,1909f56bfc062723c751e8b465ee728b)  -> (artifact id: '00000000000000000000000000000000') in 0.000241 seconds
Import Error Code:(4)
Message: Build asset version error: assets/customrp/runtime/lighting.cs in SourceAssetDB has modification time of '2024-09-18T03:50:32.1130814Z' while content on disk has modification time of '2024-09-18T03:50:41.0316514Z'
  ERROR: Build asset version error: assets/customrp/runtime/lighting.cs in SourceAssetDB has modification time of '2024-09-18T03:50:32.1130814Z' while content on disk has modification time of '2024-09-18T03:50:41.0316514Z'
Number of updated asset objects reloaded before import = 0
Number of asset objects unloaded after import = 0
========================================================================
Received Import Request.
  Time since last request: 0.003444 seconds.
  path: Assets/CustomRP/Runtime/Lighting.cs
  artifactKey: Guid(98ae4963f0b436048990d0bd05810470) Importer(815301076,1909f56bfc062723c751e8b465ee728b)
Start importing Assets/CustomRP/Runtime/Lighting.cs using Guid(98ae4963f0b436048990d0bd05810470) Importer(815301076,1909f56bfc062723c751e8b465ee728b)  -> (artifact id: '00000000000000000000000000000000') in 0.000261 seconds
Import Error Code:(4)
Message: Build asset version error: assets/customrp/runtime/lighting.cs in SourceAssetDB has modification time of '2024-09-18T03:50:32.1130814Z' while content on disk has modification time of '2024-09-18T03:50:41.0316514Z'
  ERROR: Build asset version error: assets/customrp/runtime/lighting.cs in SourceAssetDB has modification time of '2024-09-18T03:50:32.1130814Z' while content on disk has modification time of '2024-09-18T03:50:41.0316514Z'
Number of updated asset objects reloaded before import = 0
Number of asset objects unloaded after import = 0
========================================================================
Received Import Request.
  Time since last request: 0.005091 seconds.
  path: Assets/CustomRP/Runtime/Lighting.cs
  artifactKey: Guid(98ae4963f0b436048990d0bd05810470) Importer(815301076,1909f56bfc062723c751e8b465ee728b)
Start importing Assets/CustomRP/Runtime/Lighting.cs using Guid(98ae4963f0b436048990d0bd05810470) Importer(815301076,1909f56bfc062723c751e8b465ee728b)  -> (artifact id: '00000000000000000000000000000000') in 0.000347 seconds
Import Error Code:(4)
Message: Build asset version error: assets/customrp/runtime/lighting.cs in SourceAssetDB has modification time of '2024-09-18T03:50:32.1130814Z' while content on disk has modification time of '2024-09-18T03:50:41.0316514Z'
  ERROR: Build asset version error: assets/customrp/runtime/lighting.cs in SourceAssetDB has modification time of '2024-09-18T03:50:32.1130814Z' while content on disk has modification time of '2024-09-18T03:50:41.0316514Z'
Number of updated asset objects reloaded before import = 0
Number of asset objects unloaded after import = 0
========================================================================
Received Import Request.
  Time since last request: 0.004075 seconds.
  path: Assets/CustomRP/Runtime/Lighting.cs
  artifactKey: Guid(98ae4963f0b436048990d0bd05810470) Importer(815301076,1909f56bfc062723c751e8b465ee728b)
Start importing Assets/CustomRP/Runtime/Lighting.cs using Guid(98ae4963f0b436048990d0bd05810470) Importer(815301076,1909f56bfc062723c751e8b465ee728b)  -> (artifact id: '00000000000000000000000000000000') in 0.000257 seconds
Import Error Code:(4)
Message: Build asset version error: assets/customrp/runtime/lighting.cs in SourceAssetDB has modification time of '2024-09-18T03:50:32.1130814Z' while content on disk has modification time of '2024-09-18T03:50:41.0316514Z'
  ERROR: Build asset version error: assets/customrp/runtime/lighting.cs in SourceAssetDB has modification time of '2024-09-18T03:50:32.1130814Z' while content on disk has modification time of '2024-09-18T03:50:41.0316514Z'
Number of updated asset objects reloaded before import = 0
Number of asset objects unloaded after import = 0
========================================================================
Received Import Request.
  Time since last request: 0.003939 seconds.
  path: Assets/CustomRP/Runtime/Lighting.cs
  artifactKey: Guid(98ae4963f0b436048990d0bd05810470) Importer(815301076,1909f56bfc062723c751e8b465ee728b)
Start importing Assets/CustomRP/Runtime/Lighting.cs using Guid(98ae4963f0b436048990d0bd05810470) Importer(815301076,1909f56bfc062723c751e8b465ee728b)  -> (artifact id: '00000000000000000000000000000000') in 0.000240 seconds
Import Error Code:(4)
Message: Build asset version error: assets/customrp/runtime/lighting.cs in SourceAssetDB has modification time of '2024-09-18T03:50:32.1130814Z' while content on disk has modification time of '2024-09-18T03:50:41.0316514Z'
  ERROR: Build asset version error: assets/customrp/runtime/lighting.cs in SourceAssetDB has modification time of '2024-09-18T03:50:32.1130814Z' while content on disk has modification time of '2024-09-18T03:50:41.0316514Z'
Number of updated asset objects reloaded before import = 0
Number of asset objects unloaded after import = 0
========================================================================
Received Import Request.
  Time since last request: 0.004352 seconds.
  path: Assets/CustomRP/Runtime/Lighting.cs
  artifactKey: Guid(98ae4963f0b436048990d0bd05810470) Importer(815301076,1909f56bfc062723c751e8b465ee728b)
Start importing Assets/CustomRP/Runtime/Lighting.cs using Guid(98ae4963f0b436048990d0bd05810470) Importer(815301076,1909f56bfc062723c751e8b465ee728b)  -> (artifact id: '00000000000000000000000000000000') in 0.000313 seconds
Import Error Code:(4)
Message: Build asset version error: assets/customrp/runtime/lighting.cs in SourceAssetDB has modification time of '2024-09-18T03:50:32.1130814Z' while content on disk has modification time of '2024-09-18T03:50:41.0316514Z'
  ERROR: Build asset version error: assets/customrp/runtime/lighting.cs in SourceAssetDB has modification time of '2024-09-18T03:50:32.1130814Z' while content on disk has modification time of '2024-09-18T03:50:41.0316514Z'
Number of updated asset objects reloaded before import = 0
Number of asset objects unloaded after import = 0
========================================================================
Received Import Request.
  Time since last request: 0.004056 seconds.
  path: Assets/CustomRP/Runtime/Lighting.cs
  artifactKey: Guid(98ae4963f0b436048990d0bd05810470) Importer(815301076,1909f56bfc062723c751e8b465ee728b)
Start importing Assets/CustomRP/Runtime/Lighting.cs using Guid(98ae4963f0b436048990d0bd05810470) Importer(815301076,1909f56bfc062723c751e8b465ee728b)  -> (artifact id: '00000000000000000000000000000000') in 0.000260 seconds
Import Error Code:(4)
Message: Build asset version error: assets/customrp/runtime/lighting.cs in SourceAssetDB has modification time of '2024-09-18T03:50:32.1130814Z' while content on disk has modification time of '2024-09-18T03:50:41.0316514Z'
  ERROR: Build asset version error: assets/customrp/runtime/lighting.cs in SourceAssetDB has modification time of '2024-09-18T03:50:32.1130814Z' while content on disk has modification time of '2024-09-18T03:50:41.0316514Z'
Number of updated asset objects reloaded before import = 0
Number of asset objects unloaded after import = 0
========================================================================
Received Import Request.
  Time since last request: 0.003957 seconds.
  path: Assets/CustomRP/Runtime/Lighting.cs
  artifactKey: Guid(98ae4963f0b436048990d0bd05810470) Importer(815301076,1909f56bfc062723c751e8b465ee728b)
Start importing Assets/CustomRP/Runtime/Lighting.cs using Guid(98ae4963f0b436048990d0bd05810470) Importer(815301076,1909f56bfc062723c751e8b465ee728b)  -> (artifact id: '00000000000000000000000000000000') in 0.000246 seconds
Import Error Code:(4)
Message: Build asset version error: assets/customrp/runtime/lighting.cs in SourceAssetDB has modification time of '2024-09-18T03:50:32.1130814Z' while content on disk has modification time of '2024-09-18T03:50:41.0316514Z'
  ERROR: Build asset version error: assets/customrp/runtime/lighting.cs in SourceAssetDB has modification time of '2024-09-18T03:50:32.1130814Z' while content on disk has modification time of '2024-09-18T03:50:41.0316514Z'
Number of updated asset objects reloaded before import = 0
Number of asset objects unloaded after import = 0
========================================================================
Received Import Request.
  Time since last request: 0.004545 seconds.
  path: Assets/CustomRP/Runtime/Lighting.cs
  artifactKey: Guid(98ae4963f0b436048990d0bd05810470) Importer(815301076,1909f56bfc062723c751e8b465ee728b)
Start importing Assets/CustomRP/Runtime/Lighting.cs using Guid(98ae4963f0b436048990d0bd05810470) Importer(815301076,1909f56bfc062723c751e8b465ee728b)  -> (artifact id: '00000000000000000000000000000000') in 0.000340 seconds
Import Error Code:(4)
Message: Build asset version error: assets/customrp/runtime/lighting.cs in SourceAssetDB has modification time of '2024-09-18T03:50:32.1130814Z' while content on disk has modification time of '2024-09-18T03:50:41.0316514Z'
  ERROR: Build asset version error: assets/customrp/runtime/lighting.cs in SourceAssetDB has modification time of '2024-09-18T03:50:32.1130814Z' while content on disk has modification time of '2024-09-18T03:50:41.0316514Z'
Number of updated asset objects reloaded before import = 0
Number of asset objects unloaded after import = 0
========================================================================
Received Import Request.
  Time since last request: 0.005095 seconds.
  path: Assets/CustomRP/Runtime/Lighting.cs
  artifactKey: Guid(98ae4963f0b436048990d0bd05810470) Importer(815301076,1909f56bfc062723c751e8b465ee728b)
Start importing Assets/CustomRP/Runtime/Lighting.cs using Guid(98ae4963f0b436048990d0bd05810470) Importer(815301076,1909f56bfc062723c751e8b465ee728b)  -> (artifact id: '00000000000000000000000000000000') in 0.000334 seconds
Import Error Code:(4)
Message: Build asset version error: assets/customrp/runtime/lighting.cs in SourceAssetDB has modification time of '2024-09-18T03:50:32.1130814Z' while content on disk has modification time of '2024-09-18T03:50:41.0316514Z'
  ERROR: Build asset version error: assets/customrp/runtime/lighting.cs in SourceAssetDB has modification time of '2024-09-18T03:50:32.1130814Z' while content on disk has modification time of '2024-09-18T03:50:41.0316514Z'
Number of updated asset objects reloaded before import = 0
Number of asset objects unloaded after import = 0
========================================================================
Received Import Request.
  Time since last request: 0.004183 seconds.
  path: Assets/CustomRP/Runtime/Lighting.cs
  artifactKey: Guid(98ae4963f0b436048990d0bd05810470) Importer(815301076,1909f56bfc062723c751e8b465ee728b)
Start importing Assets/CustomRP/Runtime/Lighting.cs using Guid(98ae4963f0b436048990d0bd05810470) Importer(815301076,1909f56bfc062723c751e8b465ee728b)  -> (artifact id: '00000000000000000000000000000000') in 0.000291 seconds
Import Error Code:(4)
Message: Build asset version error: assets/customrp/runtime/lighting.cs in SourceAssetDB has modification time of '2024-09-18T03:50:32.1130814Z' while content on disk has modification time of '2024-09-18T03:50:41.0316514Z'
  ERROR: Build asset version error: assets/customrp/runtime/lighting.cs in SourceAssetDB has modification time of '2024-09-18T03:50:32.1130814Z' while content on disk has modification time of '2024-09-18T03:50:41.0316514Z'
Number of updated asset objects reloaded before import = 0
Number of asset objects unloaded after import = 0
========================================================================
Received Import Request.
  Time since last request: 0.004185 seconds.
  path: Assets/CustomRP/Runtime/Lighting.cs
  artifactKey: Guid(98ae4963f0b436048990d0bd05810470) Importer(815301076,1909f56bfc062723c751e8b465ee728b)
Start importing Assets/CustomRP/Runtime/Lighting.cs using Guid(98ae4963f0b436048990d0bd05810470) Importer(815301076,1909f56bfc062723c751e8b465ee728b)  -> (artifact id: '00000000000000000000000000000000') in 0.000317 seconds
Import Error Code:(4)
Message: Build asset version error: assets/customrp/runtime/lighting.cs in SourceAssetDB has modification time of '2024-09-18T03:50:32.1130814Z' while content on disk has modification time of '2024-09-18T03:50:41.0316514Z'
  ERROR: Build asset version error: assets/customrp/runtime/lighting.cs in SourceAssetDB has modification time of '2024-09-18T03:50:32.1130814Z' while content on disk has modification time of '2024-09-18T03:50:41.0316514Z'
Number of updated asset objects reloaded before import = 0
Number of asset objects unloaded after import = 0
========================================================================
Received Import Request.
  Time since last request: 0.003862 seconds.
  path: Assets/CustomRP/Runtime/Lighting.cs
  artifactKey: Guid(98ae4963f0b436048990d0bd05810470) Importer(815301076,1909f56bfc062723c751e8b465ee728b)
Start importing Assets/CustomRP/Runtime/Lighting.cs using Guid(98ae4963f0b436048990d0bd05810470) Importer(815301076,1909f56bfc062723c751e8b465ee728b)  -> (artifact id: '00000000000000000000000000000000') in 0.000285 seconds
Import Error Code:(4)
Message: Build asset version error: assets/customrp/runtime/lighting.cs in SourceAssetDB has modification time of '2024-09-18T03:50:32.1130814Z' while content on disk has modification time of '2024-09-18T03:50:41.0316514Z'
  ERROR: Build asset version error: assets/customrp/runtime/lighting.cs in SourceAssetDB has modification time of '2024-09-18T03:50:32.1130814Z' while content on disk has modification time of '2024-09-18T03:50:41.0316514Z'
Number of updated asset objects reloaded before import = 0
Number of asset objects unloaded after import = 0
========================================================================
Received Import Request.
  Time since last request: 0.004099 seconds.
  path: Assets/CustomRP/Runtime/Lighting.cs
  artifactKey: Guid(98ae4963f0b436048990d0bd05810470) Importer(815301076,1909f56bfc062723c751e8b465ee728b)
Start importing Assets/CustomRP/Runtime/Lighting.cs using Guid(98ae4963f0b436048990d0bd05810470) Importer(815301076,1909f56bfc062723c751e8b465ee728b)  -> (artifact id: '00000000000000000000000000000000') in 0.000286 seconds
Import Error Code:(4)
Message: Build asset version error: assets/customrp/runtime/lighting.cs in SourceAssetDB has modification time of '2024-09-18T03:50:32.1130814Z' while content on disk has modification time of '2024-09-18T03:50:41.0316514Z'
  ERROR: Build asset version error: assets/customrp/runtime/lighting.cs in SourceAssetDB has modification time of '2024-09-18T03:50:32.1130814Z' while content on disk has modification time of '2024-09-18T03:50:41.0316514Z'
Number of updated asset objects reloaded before import = 0
Number of asset objects unloaded after import = 0
========================================================================
Received Import Request.
  Time since last request: 0.004126 seconds.
  path: Assets/CustomRP/Runtime/Lighting.cs
  artifactKey: Guid(98ae4963f0b436048990d0bd05810470) Importer(815301076,1909f56bfc062723c751e8b465ee728b)
Start importing Assets/CustomRP/Runtime/Lighting.cs using Guid(98ae4963f0b436048990d0bd05810470) Importer(815301076,1909f56bfc062723c751e8b465ee728b)  -> (artifact id: '00000000000000000000000000000000') in 0.000271 seconds
Import Error Code:(4)
Message: Build asset version error: assets/customrp/runtime/lighting.cs in SourceAssetDB has modification time of '2024-09-18T03:50:32.1130814Z' while content on disk has modification time of '2024-09-18T03:50:41.0316514Z'
  ERROR: Build asset version error: assets/customrp/runtime/lighting.cs in SourceAssetDB has modification time of '2024-09-18T03:50:32.1130814Z' while content on disk has modification time of '2024-09-18T03:50:41.0316514Z'
Number of updated asset objects reloaded before import = 0
Number of asset objects unloaded after import = 0
========================================================================
Received Import Request.
  Time since last request: 0.018884 seconds.
  path: Assets/CustomRP/Runtime/Lighting.cs
  artifactKey: Guid(98ae4963f0b436048990d0bd05810470) Importer(815301076,1909f56bfc062723c751e8b465ee728b)
Start importing Assets/CustomRP/Runtime/Lighting.cs using Guid(98ae4963f0b436048990d0bd05810470) Importer(815301076,1909f56bfc062723c751e8b465ee728b)  -> (artifact id: '00000000000000000000000000000000') in 0.000313 seconds
Import Error Code:(4)
Message: Build asset version error: assets/customrp/runtime/lighting.cs in SourceAssetDB has modification time of '2024-09-18T03:50:32.1130814Z' while content on disk has modification time of '2024-09-18T03:50:41.0316514Z'
  ERROR: Build asset version error: assets/customrp/runtime/lighting.cs in SourceAssetDB has modification time of '2024-09-18T03:50:32.1130814Z' while content on disk has modification time of '2024-09-18T03:50:41.0316514Z'
Number of updated asset objects reloaded before import = 0
Number of asset objects unloaded after import = 0
========================================================================
Received Import Request.
  Time since last request: 0.004041 seconds.
  path: Assets/CustomRP/Runtime/Lighting.cs
  artifactKey: Guid(98ae4963f0b436048990d0bd05810470) Importer(815301076,1909f56bfc062723c751e8b465ee728b)
Start importing Assets/CustomRP/Runtime/Lighting.cs using Guid(98ae4963f0b436048990d0bd05810470) Importer(815301076,1909f56bfc062723c751e8b465ee728b)  -> (artifact id: '00000000000000000000000000000000') in 0.000279 seconds
Import Error Code:(4)
Message: Build asset version error: assets/customrp/runtime/lighting.cs in SourceAssetDB has modification time of '2024-09-18T03:50:32.1130814Z' while content on disk has modification time of '2024-09-18T03:50:41.0316514Z'
  ERROR: Build asset version error: assets/customrp/runtime/lighting.cs in SourceAssetDB has modification time of '2024-09-18T03:50:32.1130814Z' while content on disk has modification time of '2024-09-18T03:50:41.0316514Z'
Number of updated asset objects reloaded before import = 0
Number of asset objects unloaded after import = 0
========================================================================
Received Import Request.
  Time since last request: 0.004029 seconds.
  path: Assets/CustomRP/Runtime/Lighting.cs
  artifactKey: Guid(98ae4963f0b436048990d0bd05810470) Importer(815301076,1909f56bfc062723c751e8b465ee728b)
Start importing Assets/CustomRP/Runtime/Lighting.cs using Guid(98ae4963f0b436048990d0bd05810470) Importer(815301076,1909f56bfc062723c751e8b465ee728b)  -> (artifact id: '00000000000000000000000000000000') in 0.000240 seconds
Import Error Code:(4)
Message: Build asset version error: assets/customrp/runtime/lighting.cs in SourceAssetDB has modification time of '2024-09-18T03:50:32.1130814Z' while content on disk has modification time of '2024-09-18T03:50:41.0316514Z'
  ERROR: Build asset version error: assets/customrp/runtime/lighting.cs in SourceAssetDB has modification time of '2024-09-18T03:50:32.1130814Z' while content on disk has modification time of '2024-09-18T03:50:41.0316514Z'
Number of updated asset objects reloaded before import = 0
Number of asset objects unloaded after import = 0
========================================================================
Received Import Request.
  Time since last request: 0.005141 seconds.
  path: Assets/CustomRP/Runtime/Lighting.cs
  artifactKey: Guid(98ae4963f0b436048990d0bd05810470) Importer(815301076,1909f56bfc062723c751e8b465ee728b)
Start importing Assets/CustomRP/Runtime/Lighting.cs using Guid(98ae4963f0b436048990d0bd05810470) Importer(815301076,1909f56bfc062723c751e8b465ee728b)  -> (artifact id: '00000000000000000000000000000000') in 0.000317 seconds
Import Error Code:(4)
Message: Build asset version error: assets/customrp/runtime/lighting.cs in SourceAssetDB has modification time of '2024-09-18T03:50:32.1130814Z' while content on disk has modification time of '2024-09-18T03:50:41.0316514Z'
  ERROR: Build asset version error: assets/customrp/runtime/lighting.cs in SourceAssetDB has modification time of '2024-09-18T03:50:32.1130814Z' while content on disk has modification time of '2024-09-18T03:50:41.0316514Z'
Number of updated asset objects reloaded before import = 0
Number of asset objects unloaded after import = 0
========================================================================
Received Import Request.
  Time since last request: 0.004463 seconds.
  path: Assets/CustomRP/Runtime/Lighting.cs
  artifactKey: Guid(98ae4963f0b436048990d0bd05810470) Importer(815301076,1909f56bfc062723c751e8b465ee728b)
Start importing Assets/CustomRP/Runtime/Lighting.cs using Guid(98ae4963f0b436048990d0bd05810470) Importer(815301076,1909f56bfc062723c751e8b465ee728b)  -> (artifact id: '00000000000000000000000000000000') in 0.000317 seconds
Import Error Code:(4)
Message: Build asset version error: assets/customrp/runtime/lighting.cs in SourceAssetDB has modification time of '2024-09-18T03:50:32.1130814Z' while content on disk has modification time of '2024-09-18T03:50:41.0316514Z'
  ERROR: Build asset version error: assets/customrp/runtime/lighting.cs in SourceAssetDB has modification time of '2024-09-18T03:50:32.1130814Z' while content on disk has modification time of '2024-09-18T03:50:41.0316514Z'
Number of updated asset objects reloaded before import = 0
Number of asset objects unloaded after import = 0
========================================================================
Received Import Request.
  Time since last request: 0.004245 seconds.
  path: Assets/CustomRP/Runtime/Lighting.cs
  artifactKey: Guid(98ae4963f0b436048990d0bd05810470) Importer(815301076,1909f56bfc062723c751e8b465ee728b)
Start importing Assets/CustomRP/Runtime/Lighting.cs using Guid(98ae4963f0b436048990d0bd05810470) Importer(815301076,1909f56bfc062723c751e8b465ee728b)  -> (artifact id: '00000000000000000000000000000000') in 0.000427 seconds
Import Error Code:(4)
Message: Build asset version error: assets/customrp/runtime/lighting.cs in SourceAssetDB has modification time of '2024-09-18T03:50:32.1130814Z' while content on disk has modification time of '2024-09-18T03:50:41.0316514Z'
  ERROR: Build asset version error: assets/customrp/runtime/lighting.cs in SourceAssetDB has modification time of '2024-09-18T03:50:32.1130814Z' while content on disk has modification time of '2024-09-18T03:50:41.0316514Z'
Number of updated asset objects reloaded before import = 0
Number of asset objects unloaded after import = 0
========================================================================
Received Import Request.
  Time since last request: 0.004865 seconds.
  path: Assets/CustomRP/Runtime/Lighting.cs
  artifactKey: Guid(98ae4963f0b436048990d0bd05810470) Importer(815301076,1909f56bfc062723c751e8b465ee728b)
Start importing Assets/CustomRP/Runtime/Lighting.cs using Guid(98ae4963f0b436048990d0bd05810470) Importer(815301076,1909f56bfc062723c751e8b465ee728b)  -> (artifact id: '00000000000000000000000000000000') in 0.000330 seconds
Import Error Code:(4)
Message: Build asset version error: assets/customrp/runtime/lighting.cs in SourceAssetDB has modification time of '2024-09-18T03:50:32.1130814Z' while content on disk has modification time of '2024-09-18T03:50:41.0316514Z'
  ERROR: Build asset version error: assets/customrp/runtime/lighting.cs in SourceAssetDB has modification time of '2024-09-18T03:50:32.1130814Z' while content on disk has modification time of '2024-09-18T03:50:41.0316514Z'
Number of updated asset objects reloaded before import = 0
Number of asset objects unloaded after import = 0
========================================================================
Received Import Request.
  Time since last request: 0.005548 seconds.
  path: Assets/CustomRP/Runtime/Lighting.cs
  artifactKey: Guid(98ae4963f0b436048990d0bd05810470) Importer(815301076,1909f56bfc062723c751e8b465ee728b)
Start importing Assets/CustomRP/Runtime/Lighting.cs using Guid(98ae4963f0b436048990d0bd05810470) Importer(815301076,1909f56bfc062723c751e8b465ee728b)  -> (artifact id: '00000000000000000000000000000000') in 0.000343 seconds
Import Error Code:(4)
Message: Build asset version error: assets/customrp/runtime/lighting.cs in SourceAssetDB has modification time of '2024-09-18T03:50:32.1130814Z' while content on disk has modification time of '2024-09-18T03:50:41.0316514Z'
  ERROR: Build asset version error: assets/customrp/runtime/lighting.cs in SourceAssetDB has modification time of '2024-09-18T03:50:32.1130814Z' while content on disk has modification time of '2024-09-18T03:50:41.0316514Z'
Number of updated asset objects reloaded before import = 0
Number of asset objects unloaded after import = 0
========================================================================
Received Import Request.
  Time since last request: 0.004680 seconds.
  path: Assets/CustomRP/Runtime/Lighting.cs
  artifactKey: Guid(98ae4963f0b436048990d0bd05810470) Importer(815301076,1909f56bfc062723c751e8b465ee728b)
Start importing Assets/CustomRP/Runtime/Lighting.cs using Guid(98ae4963f0b436048990d0bd05810470) Importer(815301076,1909f56bfc062723c751e8b465ee728b)  -> (artifact id: '00000000000000000000000000000000') in 0.000350 seconds
Import Error Code:(4)
Message: Build asset version error: assets/customrp/runtime/lighting.cs in SourceAssetDB has modification time of '2024-09-18T03:50:32.1130814Z' while content on disk has modification time of '2024-09-18T03:50:41.0316514Z'
  ERROR: Build asset version error: assets/customrp/runtime/lighting.cs in SourceAssetDB has modification time of '2024-09-18T03:50:32.1130814Z' while content on disk has modification time of '2024-09-18T03:50:41.0316514Z'
Number of updated asset objects reloaded before import = 0
Number of asset objects unloaded after import = 0
========================================================================
Received Import Request.
  Time since last request: 0.005085 seconds.
  path: Assets/CustomRP/Runtime/Lighting.cs
  artifactKey: Guid(98ae4963f0b436048990d0bd05810470) Importer(815301076,1909f56bfc062723c751e8b465ee728b)
Start importing Assets/CustomRP/Runtime/Lighting.cs using Guid(98ae4963f0b436048990d0bd05810470) Importer(815301076,1909f56bfc062723c751e8b465ee728b)  -> (artifact id: '00000000000000000000000000000000') in 0.000383 seconds
Import Error Code:(4)
Message: Build asset version error: assets/customrp/runtime/lighting.cs in SourceAssetDB has modification time of '2024-09-18T03:50:32.1130814Z' while content on disk has modification time of '2024-09-18T03:50:41.0316514Z'
  ERROR: Build asset version error: assets/customrp/runtime/lighting.cs in SourceAssetDB has modification time of '2024-09-18T03:50:32.1130814Z' while content on disk has modification time of '2024-09-18T03:50:41.0316514Z'
Number of updated asset objects reloaded before import = 0
Number of asset objects unloaded after import = 0
========================================================================
Received Import Request.
  Time since last request: 0.005557 seconds.
  path: Assets/CustomRP/Runtime/Lighting.cs
  artifactKey: Guid(98ae4963f0b436048990d0bd05810470) Importer(815301076,1909f56bfc062723c751e8b465ee728b)
Start importing Assets/CustomRP/Runtime/Lighting.cs using Guid(98ae4963f0b436048990d0bd05810470) Importer(815301076,1909f56bfc062723c751e8b465ee728b)  -> (artifact id: '00000000000000000000000000000000') in 0.000348 seconds
Import Error Code:(4)
Message: Build asset version error: assets/customrp/runtime/lighting.cs in SourceAssetDB has modification time of '2024-09-18T03:50:32.1130814Z' while content on disk has modification time of '2024-09-18T03:50:41.0316514Z'
  ERROR: Build asset version error: assets/customrp/runtime/lighting.cs in SourceAssetDB has modification time of '2024-09-18T03:50:32.1130814Z' while content on disk has modification time of '2024-09-18T03:50:41.0316514Z'
Number of updated asset objects reloaded before import = 0
Number of asset objects unloaded after import = 0
========================================================================
Received Import Request.
  Time since last request: 0.004997 seconds.
  path: Assets/CustomRP/Runtime/Lighting.cs
  artifactKey: Guid(98ae4963f0b436048990d0bd05810470) Importer(815301076,1909f56bfc062723c751e8b465ee728b)
Start importing Assets/CustomRP/Runtime/Lighting.cs using Guid(98ae4963f0b436048990d0bd05810470) Importer(815301076,1909f56bfc062723c751e8b465ee728b)  -> (artifact id: '00000000000000000000000000000000') in 0.000350 seconds
Import Error Code:(4)
Message: Build asset version error: assets/customrp/runtime/lighting.cs in SourceAssetDB has modification time of '2024-09-18T03:50:32.1130814Z' while content on disk has modification time of '2024-09-18T03:50:41.0316514Z'
  ERROR: Build asset version error: assets/customrp/runtime/lighting.cs in SourceAssetDB has modification time of '2024-09-18T03:50:32.1130814Z' while content on disk has modification time of '2024-09-18T03:50:41.0316514Z'
Number of updated asset objects reloaded before import = 0
Number of asset objects unloaded after import = 0
========================================================================
Received Import Request.
  Time since last request: 0.004115 seconds.
  path: Assets/CustomRP/Runtime/Lighting.cs
  artifactKey: Guid(98ae4963f0b436048990d0bd05810470) Importer(815301076,1909f56bfc062723c751e8b465ee728b)
Start importing Assets/CustomRP/Runtime/Lighting.cs using Guid(98ae4963f0b436048990d0bd05810470) Importer(815301076,1909f56bfc062723c751e8b465ee728b)  -> (artifact id: '00000000000000000000000000000000') in 0.000330 seconds
Import Error Code:(4)
Message: Build asset version error: assets/customrp/runtime/lighting.cs in SourceAssetDB has modification time of '2024-09-18T03:50:32.1130814Z' while content on disk has modification time of '2024-09-18T03:50:41.0316514Z'
  ERROR: Build asset version error: assets/customrp/runtime/lighting.cs in SourceAssetDB has modification time of '2024-09-18T03:50:32.1130814Z' while content on disk has modification time of '2024-09-18T03:50:41.0316514Z'
Number of updated asset objects reloaded before import = 0
Number of asset objects unloaded after import = 0
========================================================================
Received Import Request.
  Time since last request: 0.008594 seconds.
  path: Assets/CustomRP/Runtime/Lighting.cs
  artifactKey: Guid(98ae4963f0b436048990d0bd05810470) Importer(815301076,1909f56bfc062723c751e8b465ee728b)
Start importing Assets/CustomRP/Runtime/Lighting.cs using Guid(98ae4963f0b436048990d0bd05810470) Importer(815301076,1909f56bfc062723c751e8b465ee728b)  -> (artifact id: '00000000000000000000000000000000') in 0.000348 seconds
Import Error Code:(4)
Message: Build asset version error: assets/customrp/runtime/lighting.cs in SourceAssetDB has modification time of '2024-09-18T03:50:32.1130814Z' while content on disk has modification time of '2024-09-18T03:50:41.0316514Z'
  ERROR: Build asset version error: assets/customrp/runtime/lighting.cs in SourceAssetDB has modification time of '2024-09-18T03:50:32.1130814Z' while content on disk has modification time of '2024-09-18T03:50:41.0316514Z'
Number of updated asset objects reloaded before import = 0
Number of asset objects unloaded after import = 0
========================================================================
Received Import Request.
  Time since last request: 0.005098 seconds.
  path: Assets/CustomRP/Runtime/Lighting.cs
  artifactKey: Guid(98ae4963f0b436048990d0bd05810470) Importer(815301076,1909f56bfc062723c751e8b465ee728b)
Start importing Assets/CustomRP/Runtime/Lighting.cs using Guid(98ae4963f0b436048990d0bd05810470) Importer(815301076,1909f56bfc062723c751e8b465ee728b)  -> (artifact id: '00000000000000000000000000000000') in 0.000325 seconds
Import Error Code:(4)
Message: Build asset version error: assets/customrp/runtime/lighting.cs in SourceAssetDB has modification time of '2024-09-18T03:50:32.1130814Z' while content on disk has modification time of '2024-09-18T03:50:41.0316514Z'
  ERROR: Build asset version error: assets/customrp/runtime/lighting.cs in SourceAssetDB has modification time of '2024-09-18T03:50:32.1130814Z' while content on disk has modification time of '2024-09-18T03:50:41.0316514Z'
Number of updated asset objects reloaded before import = 0
Number of asset objects unloaded after import = 0
========================================================================
Received Import Request.
  Time since last request: 0.003892 seconds.
  path: Assets/CustomRP/Runtime/Lighting.cs
  artifactKey: Guid(98ae4963f0b436048990d0bd05810470) Importer(815301076,1909f56bfc062723c751e8b465ee728b)
Start importing Assets/CustomRP/Runtime/Lighting.cs using Guid(98ae4963f0b436048990d0bd05810470) Importer(815301076,1909f56bfc062723c751e8b465ee728b)  -> (artifact id: '00000000000000000000000000000000') in 0.000314 seconds
Import Error Code:(4)
Message: Build asset version error: assets/customrp/runtime/lighting.cs in SourceAssetDB has modification time of '2024-09-18T03:50:32.1130814Z' while content on disk has modification time of '2024-09-18T03:50:41.0316514Z'
  ERROR: Build asset version error: assets/customrp/runtime/lighting.cs in SourceAssetDB has modification time of '2024-09-18T03:50:32.1130814Z' while content on disk has modification time of '2024-09-18T03:50:41.0316514Z'
Number of updated asset objects reloaded before import = 0
Number of asset objects unloaded after import = 0
========================================================================
Received Import Request.
  Time since last request: 0.004575 seconds.
  path: Assets/CustomRP/Runtime/Lighting.cs
  artifactKey: Guid(98ae4963f0b436048990d0bd05810470) Importer(815301076,1909f56bfc062723c751e8b465ee728b)
Start importing Assets/CustomRP/Runtime/Lighting.cs using Guid(98ae4963f0b436048990d0bd05810470) Importer(815301076,1909f56bfc062723c751e8b465ee728b)  -> (artifact id: '00000000000000000000000000000000') in 0.000306 seconds
Import Error Code:(4)
Message: Build asset version error: assets/customrp/runtime/lighting.cs in SourceAssetDB has modification time of '2024-09-18T03:50:32.1130814Z' while content on disk has modification time of '2024-09-18T03:50:41.0316514Z'
  ERROR: Build asset version error: assets/customrp/runtime/lighting.cs in SourceAssetDB has modification time of '2024-09-18T03:50:32.1130814Z' while content on disk has modification time of '2024-09-18T03:50:41.0316514Z'
Number of updated asset objects reloaded before import = 0
Number of asset objects unloaded after import = 0
========================================================================
Received Import Request.
  Time since last request: 0.004099 seconds.
  path: Assets/CustomRP/Runtime/Lighting.cs
  artifactKey: Guid(98ae4963f0b436048990d0bd05810470) Importer(815301076,1909f56bfc062723c751e8b465ee728b)
Start importing Assets/CustomRP/Runtime/Lighting.cs using Guid(98ae4963f0b436048990d0bd05810470) Importer(815301076,1909f56bfc062723c751e8b465ee728b)  -> (artifact id: '00000000000000000000000000000000') in 0.000259 seconds
Import Error Code:(4)
Message: Build asset version error: assets/customrp/runtime/lighting.cs in SourceAssetDB has modification time of '2024-09-18T03:50:32.1130814Z' while content on disk has modification time of '2024-09-18T03:50:41.0316514Z'
  ERROR: Build asset version error: assets/customrp/runtime/lighting.cs in SourceAssetDB has modification time of '2024-09-18T03:50:32.1130814Z' while content on disk has modification time of '2024-09-18T03:50:41.0316514Z'
Number of updated asset objects reloaded before import = 0
Number of asset objects unloaded after import = 0
========================================================================
Received Import Request.
  Time since last request: 0.003876 seconds.
  path: Assets/CustomRP/Runtime/Lighting.cs
  artifactKey: Guid(98ae4963f0b436048990d0bd05810470) Importer(815301076,1909f56bfc062723c751e8b465ee728b)
Start importing Assets/CustomRP/Runtime/Lighting.cs using Guid(98ae4963f0b436048990d0bd05810470) Importer(815301076,1909f56bfc062723c751e8b465ee728b)  -> (artifact id: '00000000000000000000000000000000') in 0.000283 seconds
Import Error Code:(4)
Message: Build asset version error: assets/customrp/runtime/lighting.cs in SourceAssetDB has modification time of '2024-09-18T03:50:32.1130814Z' while content on disk has modification time of '2024-09-18T03:50:41.0316514Z'
  ERROR: Build asset version error: assets/customrp/runtime/lighting.cs in SourceAssetDB has modification time of '2024-09-18T03:50:32.1130814Z' while content on disk has modification time of '2024-09-18T03:50:41.0316514Z'
Number of updated asset objects reloaded before import = 0
Number of asset objects unloaded after import = 0
========================================================================
Received Import Request.
  Time since last request: 0.004626 seconds.
  path: Assets/CustomRP/Runtime/Lighting.cs
  artifactKey: Guid(98ae4963f0b436048990d0bd05810470) Importer(815301076,1909f56bfc062723c751e8b465ee728b)
Start importing Assets/CustomRP/Runtime/Lighting.cs using Guid(98ae4963f0b436048990d0bd05810470) Importer(815301076,1909f56bfc062723c751e8b465ee728b)  -> (artifact id: '00000000000000000000000000000000') in 0.000300 seconds
Import Error Code:(4)
Message: Build asset version error: assets/customrp/runtime/lighting.cs in SourceAssetDB has modification time of '2024-09-18T03:50:32.1130814Z' while content on disk has modification time of '2024-09-18T03:50:41.0316514Z'
  ERROR: Build asset version error: assets/customrp/runtime/lighting.cs in SourceAssetDB has modification time of '2024-09-18T03:50:32.1130814Z' while content on disk has modification time of '2024-09-18T03:50:41.0316514Z'
Number of updated asset objects reloaded before import = 0
Number of asset objects unloaded after import = 0
========================================================================
Received Import Request.
  Time since last request: 0.003723 seconds.
  path: Assets/CustomRP/Runtime/Lighting.cs
  artifactKey: Guid(98ae4963f0b436048990d0bd05810470) Importer(815301076,1909f56bfc062723c751e8b465ee728b)
Start importing Assets/CustomRP/Runtime/Lighting.cs using Guid(98ae4963f0b436048990d0bd05810470) Importer(815301076,1909f56bfc062723c751e8b465ee728b)  -> (artifact id: '00000000000000000000000000000000') in 0.000277 seconds
Import Error Code:(4)
Message: Build asset version error: assets/customrp/runtime/lighting.cs in SourceAssetDB has modification time of '2024-09-18T03:50:32.1130814Z' while content on disk has modification time of '2024-09-18T03:50:41.0316514Z'
  ERROR: Build asset version error: assets/customrp/runtime/lighting.cs in SourceAssetDB has modification time of '2024-09-18T03:50:32.1130814Z' while content on disk has modification time of '2024-09-18T03:50:41.0316514Z'
Number of updated asset objects reloaded before import = 0
Number of asset objects unloaded after import = 0
========================================================================
Received Import Request.
  Time since last request: 0.003979 seconds.
  path: Assets/CustomRP/Runtime/Lighting.cs
  artifactKey: Guid(98ae4963f0b436048990d0bd05810470) Importer(815301076,1909f56bfc062723c751e8b465ee728b)
Start importing Assets/CustomRP/Runtime/Lighting.cs using Guid(98ae4963f0b436048990d0bd05810470) Importer(815301076,1909f56bfc062723c751e8b465ee728b)  -> (artifact id: '00000000000000000000000000000000') in 0.000228 seconds
Import Error Code:(4)
Message: Build asset version error: assets/customrp/runtime/lighting.cs in SourceAssetDB has modification time of '2024-09-18T03:50:32.1130814Z' while content on disk has modification time of '2024-09-18T03:50:41.0316514Z'
  ERROR: Build asset version error: assets/customrp/runtime/lighting.cs in SourceAssetDB has modification time of '2024-09-18T03:50:32.1130814Z' while content on disk has modification time of '2024-09-18T03:50:41.0316514Z'
Number of updated asset objects reloaded before import = 0
Number of asset objects unloaded after import = 0
========================================================================
Received Import Request.
  Time since last request: 0.004082 seconds.
  path: Assets/CustomRP/Runtime/Lighting.cs
  artifactKey: Guid(98ae4963f0b436048990d0bd05810470) Importer(815301076,1909f56bfc062723c751e8b465ee728b)
Start importing Assets/CustomRP/Runtime/Lighting.cs using Guid(98ae4963f0b436048990d0bd05810470) Importer(815301076,1909f56bfc062723c751e8b465ee728b)  -> (artifact id: '00000000000000000000000000000000') in 0.000323 seconds
Import Error Code:(4)
Message: Build asset version error: assets/customrp/runtime/lighting.cs in SourceAssetDB has modification time of '2024-09-18T03:50:32.1130814Z' while content on disk has modification time of '2024-09-18T03:50:41.0316514Z'
  ERROR: Build asset version error: assets/customrp/runtime/lighting.cs in SourceAssetDB has modification time of '2024-09-18T03:50:32.1130814Z' while content on disk has modification time of '2024-09-18T03:50:41.0316514Z'
Number of updated asset objects reloaded before import = 0
Number of asset objects unloaded after import = 0
========================================================================
Received Import Request.
  Time since last request: 0.004040 seconds.
  path: Assets/CustomRP/Runtime/Lighting.cs
  artifactKey: Guid(98ae4963f0b436048990d0bd05810470) Importer(815301076,1909f56bfc062723c751e8b465ee728b)
Start importing Assets/CustomRP/Runtime/Lighting.cs using Guid(98ae4963f0b436048990d0bd05810470) Importer(815301076,1909f56bfc062723c751e8b465ee728b)  -> (artifact id: '00000000000000000000000000000000') in 0.000280 seconds
Import Error Code:(4)
Message: Build asset version error: assets/customrp/runtime/lighting.cs in SourceAssetDB has modification time of '2024-09-18T03:50:32.1130814Z' while content on disk has modification time of '2024-09-18T03:50:41.0316514Z'
  ERROR: Build asset version error: assets/customrp/runtime/lighting.cs in SourceAssetDB has modification time of '2024-09-18T03:50:32.1130814Z' while content on disk has modification time of '2024-09-18T03:50:41.0316514Z'
Number of updated asset objects reloaded before import = 0
Number of asset objects unloaded after import = 0
========================================================================
Received Import Request.
  Time since last request: 0.004199 seconds.
  path: Assets/CustomRP/Runtime/Lighting.cs
  artifactKey: Guid(98ae4963f0b436048990d0bd05810470) Importer(815301076,1909f56bfc062723c751e8b465ee728b)
Start importing Assets/CustomRP/Runtime/Lighting.cs using Guid(98ae4963f0b436048990d0bd05810470) Importer(815301076,1909f56bfc062723c751e8b465ee728b)  -> (artifact id: '00000000000000000000000000000000') in 0.000244 seconds
Import Error Code:(4)
Message: Build asset version error: assets/customrp/runtime/lighting.cs in SourceAssetDB has modification time of '2024-09-18T03:50:32.1130814Z' while content on disk has modification time of '2024-09-18T03:50:41.0316514Z'
  ERROR: Build asset version error: assets/customrp/runtime/lighting.cs in SourceAssetDB has modification time of '2024-09-18T03:50:32.1130814Z' while content on disk has modification time of '2024-09-18T03:50:41.0316514Z'
Number of updated asset objects reloaded before import = 0
Number of asset objects unloaded after import = 0
========================================================================
Received Import Request.
  Time since last request: 0.004065 seconds.
  path: Assets/CustomRP/Runtime/Lighting.cs
  artifactKey: Guid(98ae4963f0b436048990d0bd05810470) Importer(815301076,1909f56bfc062723c751e8b465ee728b)
Start importing Assets/CustomRP/Runtime/Lighting.cs using Guid(98ae4963f0b436048990d0bd05810470) Importer(815301076,1909f56bfc062723c751e8b465ee728b)  -> (artifact id: '00000000000000000000000000000000') in 0.000410 seconds
Import Error Code:(4)
Message: Build asset version error: assets/customrp/runtime/lighting.cs in SourceAssetDB has modification time of '2024-09-18T03:50:32.1130814Z' while content on disk has modification time of '2024-09-18T03:50:41.0316514Z'
  ERROR: Build asset version error: assets/customrp/runtime/lighting.cs in SourceAssetDB has modification time of '2024-09-18T03:50:32.1130814Z' while content on disk has modification time of '2024-09-18T03:50:41.0316514Z'
Number of updated asset objects reloaded before import = 0
Number of asset objects unloaded after import = 0
========================================================================
Received Import Request.
  Time since last request: 0.004499 seconds.
  path: Assets/CustomRP/Runtime/Lighting.cs
  artifactKey: Guid(98ae4963f0b436048990d0bd05810470) Importer(815301076,1909f56bfc062723c751e8b465ee728b)
Start importing Assets/CustomRP/Runtime/Lighting.cs using Guid(98ae4963f0b436048990d0bd05810470) Importer(815301076,1909f56bfc062723c751e8b465ee728b)  -> (artifact id: '00000000000000000000000000000000') in 0.000286 seconds
Import Error Code:(4)
Message: Build asset version error: assets/customrp/runtime/lighting.cs in SourceAssetDB has modification time of '2024-09-18T03:50:32.1130814Z' while content on disk has modification time of '2024-09-18T03:50:41.0316514Z'
  ERROR: Build asset version error: assets/customrp/runtime/lighting.cs in SourceAssetDB has modification time of '2024-09-18T03:50:32.1130814Z' while content on disk has modification time of '2024-09-18T03:50:41.0316514Z'
Number of updated asset objects reloaded before import = 0
Number of asset objects unloaded after import = 0
========================================================================
Received Import Request.
  Time since last request: 0.003808 seconds.
  path: Assets/CustomRP/Runtime/Lighting.cs
  artifactKey: Guid(98ae4963f0b436048990d0bd05810470) Importer(815301076,1909f56bfc062723c751e8b465ee728b)
Start importing Assets/CustomRP/Runtime/Lighting.cs using Guid(98ae4963f0b436048990d0bd05810470) Importer(815301076,1909f56bfc062723c751e8b465ee728b)  -> (artifact id: '00000000000000000000000000000000') in 0.000251 seconds
Import Error Code:(4)
Message: Build asset version error: assets/customrp/runtime/lighting.cs in SourceAssetDB has modification time of '2024-09-18T03:50:32.1130814Z' while content on disk has modification time of '2024-09-18T03:50:41.0316514Z'
  ERROR: Build asset version error: assets/customrp/runtime/lighting.cs in SourceAssetDB has modification time of '2024-09-18T03:50:32.1130814Z' while content on disk has modification time of '2024-09-18T03:50:41.0316514Z'
Number of updated asset objects reloaded before import = 0
Number of asset objects unloaded after import = 0
========================================================================
Received Import Request.
  Time since last request: 0.004157 seconds.
  path: Assets/CustomRP/Runtime/Lighting.cs
  artifactKey: Guid(98ae4963f0b436048990d0bd05810470) Importer(815301076,1909f56bfc062723c751e8b465ee728b)
Start importing Assets/CustomRP/Runtime/Lighting.cs using Guid(98ae4963f0b436048990d0bd05810470) Importer(815301076,1909f56bfc062723c751e8b465ee728b)  -> (artifact id: '00000000000000000000000000000000') in 0.000304 seconds
Import Error Code:(4)
Message: Build asset version error: assets/customrp/runtime/lighting.cs in SourceAssetDB has modification time of '2024-09-18T03:50:32.1130814Z' while content on disk has modification time of '2024-09-18T03:50:41.0316514Z'
  ERROR: Build asset version error: assets/customrp/runtime/lighting.cs in SourceAssetDB has modification time of '2024-09-18T03:50:32.1130814Z' while content on disk has modification time of '2024-09-18T03:50:41.0316514Z'
Number of updated asset objects reloaded before import = 0
Number of asset objects unloaded after import = 0
========================================================================
Received Import Request.
  Time since last request: 0.004655 seconds.
  path: Assets/CustomRP/Runtime/Lighting.cs
  artifactKey: Guid(98ae4963f0b436048990d0bd05810470) Importer(815301076,1909f56bfc062723c751e8b465ee728b)
Start importing Assets/CustomRP/Runtime/Lighting.cs using Guid(98ae4963f0b436048990d0bd05810470) Importer(815301076,1909f56bfc062723c751e8b465ee728b)  -> (artifact id: '00000000000000000000000000000000') in 0.000353 seconds
Import Error Code:(4)
Message: Build asset version error: assets/customrp/runtime/lighting.cs in SourceAssetDB has modification time of '2024-09-18T03:50:32.1130814Z' while content on disk has modification time of '2024-09-18T03:50:41.0316514Z'
  ERROR: Build asset version error: assets/customrp/runtime/lighting.cs in SourceAssetDB has modification time of '2024-09-18T03:50:32.1130814Z' while content on disk has modification time of '2024-09-18T03:50:41.0316514Z'
Number of updated asset objects reloaded before import = 0
Number of asset objects unloaded after import = 0
========================================================================
Received Import Request.
  Time since last request: 0.005378 seconds.
  path: Assets/CustomRP/Runtime/Lighting.cs
  artifactKey: Guid(98ae4963f0b436048990d0bd05810470) Importer(815301076,1909f56bfc062723c751e8b465ee728b)
Start importing Assets/CustomRP/Runtime/Lighting.cs using Guid(98ae4963f0b436048990d0bd05810470) Importer(815301076,1909f56bfc062723c751e8b465ee728b)  -> (artifact id: '00000000000000000000000000000000') in 0.000353 seconds
Import Error Code:(4)
Message: Build asset version error: assets/customrp/runtime/lighting.cs in SourceAssetDB has modification time of '2024-09-18T03:50:32.1130814Z' while content on disk has modification time of '2024-09-18T03:50:41.0316514Z'
  ERROR: Build asset version error: assets/customrp/runtime/lighting.cs in SourceAssetDB has modification time of '2024-09-18T03:50:32.1130814Z' while content on disk has modification time of '2024-09-18T03:50:41.0316514Z'
Number of updated asset objects reloaded before import = 0
Number of asset objects unloaded after import = 0
========================================================================
Received Import Request.
  Time since last request: 0.005461 seconds.
  path: Assets/CustomRP/Runtime/Lighting.cs
  artifactKey: Guid(98ae4963f0b436048990d0bd05810470) Importer(815301076,1909f56bfc062723c751e8b465ee728b)
Start importing Assets/CustomRP/Runtime/Lighting.cs using Guid(98ae4963f0b436048990d0bd05810470) Importer(815301076,1909f56bfc062723c751e8b465ee728b)  -> (artifact id: '00000000000000000000000000000000') in 0.000362 seconds
Import Error Code:(4)
Message: Build asset version error: assets/customrp/runtime/lighting.cs in SourceAssetDB has modification time of '2024-09-18T03:50:32.1130814Z' while content on disk has modification time of '2024-09-18T03:50:41.0316514Z'
  ERROR: Build asset version error: assets/customrp/runtime/lighting.cs in SourceAssetDB has modification time of '2024-09-18T03:50:32.1130814Z' while content on disk has modification time of '2024-09-18T03:50:41.0316514Z'
Number of updated asset objects reloaded before import = 0
Number of asset objects unloaded after import = 0
========================================================================
Received Import Request.
  Time since last request: 0.005326 seconds.
  path: Assets/CustomRP/Runtime/Lighting.cs
  artifactKey: Guid(98ae4963f0b436048990d0bd05810470) Importer(815301076,1909f56bfc062723c751e8b465ee728b)
Start importing Assets/CustomRP/Runtime/Lighting.cs using Guid(98ae4963f0b436048990d0bd05810470) Importer(815301076,1909f56bfc062723c751e8b465ee728b)  -> (artifact id: '00000000000000000000000000000000') in 0.000335 seconds
Import Error Code:(4)
Message: Build asset version error: assets/customrp/runtime/lighting.cs in SourceAssetDB has modification time of '2024-09-18T03:50:32.1130814Z' while content on disk has modification time of '2024-09-18T03:50:41.0316514Z'
  ERROR: Build asset version error: assets/customrp/runtime/lighting.cs in SourceAssetDB has modification time of '2024-09-18T03:50:32.1130814Z' while content on disk has modification time of '2024-09-18T03:50:41.0316514Z'
Number of updated asset objects reloaded before import = 0
Number of asset objects unloaded after import = 0
========================================================================
Received Import Request.
  Time since last request: 0.004305 seconds.
  path: Assets/CustomRP/Runtime/Lighting.cs
  artifactKey: Guid(98ae4963f0b436048990d0bd05810470) Importer(815301076,1909f56bfc062723c751e8b465ee728b)
Start importing Assets/CustomRP/Runtime/Lighting.cs using Guid(98ae4963f0b436048990d0bd05810470) Importer(815301076,1909f56bfc062723c751e8b465ee728b)  -> (artifact id: '00000000000000000000000000000000') in 0.000293 seconds
Import Error Code:(4)
Message: Build asset version error: assets/customrp/runtime/lighting.cs in SourceAssetDB has modification time of '2024-09-18T03:50:32.1130814Z' while content on disk has modification time of '2024-09-18T03:50:41.0316514Z'
  ERROR: Build asset version error: assets/customrp/runtime/lighting.cs in SourceAssetDB has modification time of '2024-09-18T03:50:32.1130814Z' while content on disk has modification time of '2024-09-18T03:50:41.0316514Z'
Number of updated asset objects reloaded before import = 0
Number of asset objects unloaded after import = 0
========================================================================
Received Import Request.
  Time since last request: 0.005710 seconds.
  path: Assets/CustomRP/Runtime/Lighting.cs
  artifactKey: Guid(98ae4963f0b436048990d0bd05810470) Importer(815301076,1909f56bfc062723c751e8b465ee728b)
Start importing Assets/CustomRP/Runtime/Lighting.cs using Guid(98ae4963f0b436048990d0bd05810470) Importer(815301076,1909f56bfc062723c751e8b465ee728b)  -> (artifact id: '00000000000000000000000000000000') in 0.000340 seconds
Import Error Code:(4)
Message: Build asset version error: assets/customrp/runtime/lighting.cs in SourceAssetDB has modification time of '2024-09-18T03:50:32.1130814Z' while content on disk has modification time of '2024-09-18T03:50:41.0316514Z'
  ERROR: Build asset version error: assets/customrp/runtime/lighting.cs in SourceAssetDB has modification time of '2024-09-18T03:50:32.1130814Z' while content on disk has modification time of '2024-09-18T03:50:41.0316514Z'
Number of updated asset objects reloaded before import = 0
Number of asset objects unloaded after import = 0
========================================================================
Received Import Request.
  Time since last request: 0.005212 seconds.
  path: Assets/CustomRP/Runtime/Lighting.cs
  artifactKey: Guid(98ae4963f0b436048990d0bd05810470) Importer(815301076,1909f56bfc062723c751e8b465ee728b)
Start importing Assets/CustomRP/Runtime/Lighting.cs using Guid(98ae4963f0b436048990d0bd05810470) Importer(815301076,1909f56bfc062723c751e8b465ee728b)  -> (artifact id: '00000000000000000000000000000000') in 0.000336 seconds
Import Error Code:(4)
Message: Build asset version error: assets/customrp/runtime/lighting.cs in SourceAssetDB has modification time of '2024-09-18T03:50:32.1130814Z' while content on disk has modification time of '2024-09-18T03:50:41.0316514Z'
  ERROR: Build asset version error: assets/customrp/runtime/lighting.cs in SourceAssetDB has modification time of '2024-09-18T03:50:32.1130814Z' while content on disk has modification time of '2024-09-18T03:50:41.0316514Z'
Number of updated asset objects reloaded before import = 0
Number of asset objects unloaded after import = 0
========================================================================
Received Import Request.
  Time since last request: 0.004910 seconds.
  path: Assets/CustomRP/Runtime/Lighting.cs
  artifactKey: Guid(98ae4963f0b436048990d0bd05810470) Importer(815301076,1909f56bfc062723c751e8b465ee728b)
Start importing Assets/CustomRP/Runtime/Lighting.cs using Guid(98ae4963f0b436048990d0bd05810470) Importer(815301076,1909f56bfc062723c751e8b465ee728b)  -> (artifact id: '00000000000000000000000000000000') in 0.000327 seconds
Import Error Code:(4)
Message: Build asset version error: assets/customrp/runtime/lighting.cs in SourceAssetDB has modification time of '2024-09-18T03:50:32.1130814Z' while content on disk has modification time of '2024-09-18T03:50:41.0316514Z'
  ERROR: Build asset version error: assets/customrp/runtime/lighting.cs in SourceAssetDB has modification time of '2024-09-18T03:50:32.1130814Z' while content on disk has modification time of '2024-09-18T03:50:41.0316514Z'
Number of updated asset objects reloaded before import = 0
Number of asset objects unloaded after import = 0
========================================================================
Received Import Request.
  Time since last request: 0.004701 seconds.
  path: Assets/CustomRP/Runtime/Lighting.cs
  artifactKey: Guid(98ae4963f0b436048990d0bd05810470) Importer(815301076,1909f56bfc062723c751e8b465ee728b)
Start importing Assets/CustomRP/Runtime/Lighting.cs using Guid(98ae4963f0b436048990d0bd05810470) Importer(815301076,1909f56bfc062723c751e8b465ee728b)  -> (artifact id: '00000000000000000000000000000000') in 0.000331 seconds
Import Error Code:(4)
Message: Build asset version error: assets/customrp/runtime/lighting.cs in SourceAssetDB has modification time of '2024-09-18T03:50:32.1130814Z' while content on disk has modification time of '2024-09-18T03:50:41.0316514Z'
  ERROR: Build asset version error: assets/customrp/runtime/lighting.cs in SourceAssetDB has modification time of '2024-09-18T03:50:32.1130814Z' while content on disk has modification time of '2024-09-18T03:50:41.0316514Z'
Number of updated asset objects reloaded before import = 0
Number of asset objects unloaded after import = 0
========================================================================
Received Import Request.
  Time since last request: 0.005540 seconds.
  path: Assets/CustomRP/Runtime/Lighting.cs
  artifactKey: Guid(98ae4963f0b436048990d0bd05810470) Importer(815301076,1909f56bfc062723c751e8b465ee728b)
Start importing Assets/CustomRP/Runtime/Lighting.cs using Guid(98ae4963f0b436048990d0bd05810470) Importer(815301076,1909f56bfc062723c751e8b465ee728b)  -> (artifact id: '00000000000000000000000000000000') in 0.000331 seconds
Import Error Code:(4)
Message: Build asset version error: assets/customrp/runtime/lighting.cs in SourceAssetDB has modification time of '2024-09-18T03:50:32.1130814Z' while content on disk has modification time of '2024-09-18T03:50:41.0316514Z'
  ERROR: Build asset version error: assets/customrp/runtime/lighting.cs in SourceAssetDB has modification time of '2024-09-18T03:50:32.1130814Z' while content on disk has modification time of '2024-09-18T03:50:41.0316514Z'
Number of updated asset objects reloaded before import = 0
Number of asset objects unloaded after import = 0
========================================================================
Received Import Request.
  Time since last request: 0.005223 seconds.
  path: Assets/CustomRP/Runtime/Lighting.cs
  artifactKey: Guid(98ae4963f0b436048990d0bd05810470) Importer(815301076,1909f56bfc062723c751e8b465ee728b)
Start importing Assets/CustomRP/Runtime/Lighting.cs using Guid(98ae4963f0b436048990d0bd05810470) Importer(815301076,1909f56bfc062723c751e8b465ee728b)  -> (artifact id: '00000000000000000000000000000000') in 0.000356 seconds
Import Error Code:(4)
Message: Build asset version error: assets/customrp/runtime/lighting.cs in SourceAssetDB has modification time of '2024-09-18T03:50:32.1130814Z' while content on disk has modification time of '2024-09-18T03:50:41.0316514Z'
  ERROR: Build asset version error: assets/customrp/runtime/lighting.cs in SourceAssetDB has modification time of '2024-09-18T03:50:32.1130814Z' while content on disk has modification time of '2024-09-18T03:50:41.0316514Z'
Number of updated asset objects reloaded before import = 0
Number of asset objects unloaded after import = 0
========================================================================
Received Import Request.
  Time since last request: 0.005004 seconds.
  path: Assets/CustomRP/Runtime/Lighting.cs
  artifactKey: Guid(98ae4963f0b436048990d0bd05810470) Importer(815301076,1909f56bfc062723c751e8b465ee728b)
Start importing Assets/CustomRP/Runtime/Lighting.cs using Guid(98ae4963f0b436048990d0bd05810470) Importer(815301076,1909f56bfc062723c751e8b465ee728b)  -> (artifact id: '00000000000000000000000000000000') in 0.000356 seconds
Import Error Code:(4)
Message: Build asset version error: assets/customrp/runtime/lighting.cs in SourceAssetDB has modification time of '2024-09-18T03:50:32.1130814Z' while content on disk has modification time of '2024-09-18T03:50:41.0316514Z'
  ERROR: Build asset version error: assets/customrp/runtime/lighting.cs in SourceAssetDB has modification time of '2024-09-18T03:50:32.1130814Z' while content on disk has modification time of '2024-09-18T03:50:41.0316514Z'
Number of updated asset objects reloaded before import = 0
Number of asset objects unloaded after import = 0
========================================================================
Received Import Request.
  Time since last request: 0.005021 seconds.
  path: Assets/CustomRP/Runtime/Lighting.cs
  artifactKey: Guid(98ae4963f0b436048990d0bd05810470) Importer(815301076,1909f56bfc062723c751e8b465ee728b)
Start importing Assets/CustomRP/Runtime/Lighting.cs using Guid(98ae4963f0b436048990d0bd05810470) Importer(815301076,1909f56bfc062723c751e8b465ee728b)  -> (artifact id: '00000000000000000000000000000000') in 0.000319 seconds
Import Error Code:(4)
Message: Build asset version error: assets/customrp/runtime/lighting.cs in SourceAssetDB has modification time of '2024-09-18T03:50:32.1130814Z' while content on disk has modification time of '2024-09-18T03:50:41.0316514Z'
  ERROR: Build asset version error: assets/customrp/runtime/lighting.cs in SourceAssetDB has modification time of '2024-09-18T03:50:32.1130814Z' while content on disk has modification time of '2024-09-18T03:50:41.0316514Z'
Number of updated asset objects reloaded before import = 0
Number of asset objects unloaded after import = 0
========================================================================
Received Import Request.
  Time since last request: 0.004815 seconds.
  path: Assets/CustomRP/Runtime/Lighting.cs
  artifactKey: Guid(98ae4963f0b436048990d0bd05810470) Importer(815301076,1909f56bfc062723c751e8b465ee728b)
Start importing Assets/CustomRP/Runtime/Lighting.cs using Guid(98ae4963f0b436048990d0bd05810470) Importer(815301076,1909f56bfc062723c751e8b465ee728b)  -> (artifact id: '00000000000000000000000000000000') in 0.000321 seconds
Import Error Code:(4)
Message: Build asset version error: assets/customrp/runtime/lighting.cs in SourceAssetDB has modification time of '2024-09-18T03:50:32.1130814Z' while content on disk has modification time of '2024-09-18T03:50:41.0316514Z'
  ERROR: Build asset version error: assets/customrp/runtime/lighting.cs in SourceAssetDB has modification time of '2024-09-18T03:50:32.1130814Z' while content on disk has modification time of '2024-09-18T03:50:41.0316514Z'
Number of updated asset objects reloaded before import = 0
Number of asset objects unloaded after import = 0
========================================================================
Received Import Request.
  Time since last request: 0.004134 seconds.
  path: Assets/CustomRP/Runtime/Lighting.cs
  artifactKey: Guid(98ae4963f0b436048990d0bd05810470) Importer(815301076,1909f56bfc062723c751e8b465ee728b)
Start importing Assets/CustomRP/Runtime/Lighting.cs using Guid(98ae4963f0b436048990d0bd05810470) Importer(815301076,1909f56bfc062723c751e8b465ee728b)  -> (artifact id: '00000000000000000000000000000000') in 0.000310 seconds
Import Error Code:(4)
Message: Build asset version error: assets/customrp/runtime/lighting.cs in SourceAssetDB has modification time of '2024-09-18T03:50:32.1130814Z' while content on disk has modification time of '2024-09-18T03:50:41.0316514Z'
  ERROR: Build asset version error: assets/customrp/runtime/lighting.cs in SourceAssetDB has modification time of '2024-09-18T03:50:32.1130814Z' while content on disk has modification time of '2024-09-18T03:50:41.0316514Z'
Number of updated asset objects reloaded before import = 0
Number of asset objects unloaded after import = 0
========================================================================
Received Import Request.
  Time since last request: 0.003955 seconds.
  path: Assets/CustomRP/Runtime/Lighting.cs
  artifactKey: Guid(98ae4963f0b436048990d0bd05810470) Importer(815301076,1909f56bfc062723c751e8b465ee728b)
Start importing Assets/CustomRP/Runtime/Lighting.cs using Guid(98ae4963f0b436048990d0bd05810470) Importer(815301076,1909f56bfc062723c751e8b465ee728b)  -> (artifact id: '00000000000000000000000000000000') in 0.000305 seconds
Import Error Code:(4)
Message: Build asset version error: assets/customrp/runtime/lighting.cs in SourceAssetDB has modification time of '2024-09-18T03:50:32.1130814Z' while content on disk has modification time of '2024-09-18T03:50:41.0316514Z'
  ERROR: Build asset version error: assets/customrp/runtime/lighting.cs in SourceAssetDB has modification time of '2024-09-18T03:50:32.1130814Z' while content on disk has modification time of '2024-09-18T03:50:41.0316514Z'
Number of updated asset objects reloaded before import = 0
Number of asset objects unloaded after import = 0
========================================================================
Received Import Request.
  Time since last request: 0.004808 seconds.
  path: Assets/CustomRP/Runtime/Lighting.cs
  artifactKey: Guid(98ae4963f0b436048990d0bd05810470) Importer(815301076,1909f56bfc062723c751e8b465ee728b)
Start importing Assets/CustomRP/Runtime/Lighting.cs using Guid(98ae4963f0b436048990d0bd05810470) Importer(815301076,1909f56bfc062723c751e8b465ee728b)  -> (artifact id: '00000000000000000000000000000000') in 0.000312 seconds
Import Error Code:(4)
Message: Build asset version error: assets/customrp/runtime/lighting.cs in SourceAssetDB has modification time of '2024-09-18T03:50:32.1130814Z' while content on disk has modification time of '2024-09-18T03:50:41.0316514Z'
  ERROR: Build asset version error: assets/customrp/runtime/lighting.cs in SourceAssetDB has modification time of '2024-09-18T03:50:32.1130814Z' while content on disk has modification time of '2024-09-18T03:50:41.0316514Z'
Number of updated asset objects reloaded before import = 0
Number of asset objects unloaded after import = 0
========================================================================
Received Import Request.
  Time since last request: 0.004075 seconds.
  path: Assets/CustomRP/Runtime/Lighting.cs
  artifactKey: Guid(98ae4963f0b436048990d0bd05810470) Importer(815301076,1909f56bfc062723c751e8b465ee728b)
Start importing Assets/CustomRP/Runtime/Lighting.cs using Guid(98ae4963f0b436048990d0bd05810470) Importer(815301076,1909f56bfc062723c751e8b465ee728b)  -> (artifact id: '00000000000000000000000000000000') in 0.000275 seconds
Import Error Code:(4)
Message: Build asset version error: assets/customrp/runtime/lighting.cs in SourceAssetDB has modification time of '2024-09-18T03:50:32.1130814Z' while content on disk has modification time of '2024-09-18T03:50:41.0316514Z'
  ERROR: Build asset version error: assets/customrp/runtime/lighting.cs in SourceAssetDB has modification time of '2024-09-18T03:50:32.1130814Z' while content on disk has modification time of '2024-09-18T03:50:41.0316514Z'
Number of updated asset objects reloaded before import = 0
Number of asset objects unloaded after import = 0
========================================================================
Received Import Request.
  Time since last request: 0.004449 seconds.
  path: Assets/CustomRP/Runtime/Lighting.cs
  artifactKey: Guid(98ae4963f0b436048990d0bd05810470) Importer(815301076,1909f56bfc062723c751e8b465ee728b)
Start importing Assets/CustomRP/Runtime/Lighting.cs using Guid(98ae4963f0b436048990d0bd05810470) Importer(815301076,1909f56bfc062723c751e8b465ee728b)  -> (artifact id: '00000000000000000000000000000000') in 0.000297 seconds
Import Error Code:(4)
Message: Build asset version error: assets/customrp/runtime/lighting.cs in SourceAssetDB has modification time of '2024-09-18T03:50:32.1130814Z' while content on disk has modification time of '2024-09-18T03:50:41.0316514Z'
  ERROR: Build asset version error: assets/customrp/runtime/lighting.cs in SourceAssetDB has modification time of '2024-09-18T03:50:32.1130814Z' while content on disk has modification time of '2024-09-18T03:50:41.0316514Z'
Number of updated asset objects reloaded before import = 0
Number of asset objects unloaded after import = 0
========================================================================
Received Import Request.
  Time since last request: 0.004928 seconds.
  path: Assets/CustomRP/Runtime/Lighting.cs
  artifactKey: Guid(98ae4963f0b436048990d0bd05810470) Importer(815301076,1909f56bfc062723c751e8b465ee728b)
Start importing Assets/CustomRP/Runtime/Lighting.cs using Guid(98ae4963f0b436048990d0bd05810470) Importer(815301076,1909f56bfc062723c751e8b465ee728b)  -> (artifact id: '00000000000000000000000000000000') in 0.000311 seconds
Import Error Code:(4)
Message: Build asset version error: assets/customrp/runtime/lighting.cs in SourceAssetDB has modification time of '2024-09-18T03:50:32.1130814Z' while content on disk has modification time of '2024-09-18T03:50:41.0316514Z'
  ERROR: Build asset version error: assets/customrp/runtime/lighting.cs in SourceAssetDB has modification time of '2024-09-18T03:50:32.1130814Z' while content on disk has modification time of '2024-09-18T03:50:41.0316514Z'
Number of updated asset objects reloaded before import = 0
Number of asset objects unloaded after import = 0
========================================================================
Received Import Request.
  Time since last request: 0.004020 seconds.
  path: Assets/CustomRP/Runtime/Lighting.cs
  artifactKey: Guid(98ae4963f0b436048990d0bd05810470) Importer(815301076,1909f56bfc062723c751e8b465ee728b)
Start importing Assets/CustomRP/Runtime/Lighting.cs using Guid(98ae4963f0b436048990d0bd05810470) Importer(815301076,1909f56bfc062723c751e8b465ee728b)  -> (artifact id: '00000000000000000000000000000000') in 0.000254 seconds
Import Error Code:(4)
Message: Build asset version error: assets/customrp/runtime/lighting.cs in SourceAssetDB has modification time of '2024-09-18T03:50:32.1130814Z' while content on disk has modification time of '2024-09-18T03:50:41.0316514Z'
  ERROR: Build asset version error: assets/customrp/runtime/lighting.cs in SourceAssetDB has modification time of '2024-09-18T03:50:32.1130814Z' while content on disk has modification time of '2024-09-18T03:50:41.0316514Z'
Number of updated asset objects reloaded before import = 0
Number of asset objects unloaded after import = 0
========================================================================
Received Import Request.
  Time since last request: 0.004210 seconds.
  path: Assets/CustomRP/Runtime/Lighting.cs
  artifactKey: Guid(98ae4963f0b436048990d0bd05810470) Importer(815301076,1909f56bfc062723c751e8b465ee728b)
Start importing Assets/CustomRP/Runtime/Lighting.cs using Guid(98ae4963f0b436048990d0bd05810470) Importer(815301076,1909f56bfc062723c751e8b465ee728b)  -> (artifact id: '00000000000000000000000000000000') in 0.000292 seconds
Import Error Code:(4)
Message: Build asset version error: assets/customrp/runtime/lighting.cs in SourceAssetDB has modification time of '2024-09-18T03:50:32.1130814Z' while content on disk has modification time of '2024-09-18T03:50:41.0316514Z'
  ERROR: Build asset version error: assets/customrp/runtime/lighting.cs in SourceAssetDB has modification time of '2024-09-18T03:50:32.1130814Z' while content on disk has modification time of '2024-09-18T03:50:41.0316514Z'
Number of updated asset objects reloaded before import = 0
Number of asset objects unloaded after import = 0
========================================================================
Received Import Request.
  Time since last request: 0.004397 seconds.
  path: Assets/CustomRP/Runtime/Lighting.cs
  artifactKey: Guid(98ae4963f0b436048990d0bd05810470) Importer(815301076,1909f56bfc062723c751e8b465ee728b)
Start importing Assets/CustomRP/Runtime/Lighting.cs using Guid(98ae4963f0b436048990d0bd05810470) Importer(815301076,1909f56bfc062723c751e8b465ee728b)  -> (artifact id: '00000000000000000000000000000000') in 0.000294 seconds
Import Error Code:(4)
Message: Build asset version error: assets/customrp/runtime/lighting.cs in SourceAssetDB has modification time of '2024-09-18T03:50:32.1130814Z' while content on disk has modification time of '2024-09-18T03:50:41.0316514Z'
  ERROR: Build asset version error: assets/customrp/runtime/lighting.cs in SourceAssetDB has modification time of '2024-09-18T03:50:32.1130814Z' while content on disk has modification time of '2024-09-18T03:50:41.0316514Z'
Number of updated asset objects reloaded before import = 0
Number of asset objects unloaded after import = 0
========================================================================
Received Import Request.
  Time since last request: 0.004272 seconds.
  path: Assets/CustomRP/Runtime/Lighting.cs
  artifactKey: Guid(98ae4963f0b436048990d0bd05810470) Importer(815301076,1909f56bfc062723c751e8b465ee728b)
Start importing Assets/CustomRP/Runtime/Lighting.cs using Guid(98ae4963f0b436048990d0bd05810470) Importer(815301076,1909f56bfc062723c751e8b465ee728b)  -> (artifact id: '00000000000000000000000000000000') in 0.000307 seconds
Import Error Code:(4)
Message: Build asset version error: assets/customrp/runtime/lighting.cs in SourceAssetDB has modification time of '2024-09-18T03:50:32.1130814Z' while content on disk has modification time of '2024-09-18T03:50:41.0316514Z'
  ERROR: Build asset version error: assets/customrp/runtime/lighting.cs in SourceAssetDB has modification time of '2024-09-18T03:50:32.1130814Z' while content on disk has modification time of '2024-09-18T03:50:41.0316514Z'
Number of updated asset objects reloaded before import = 0
Number of asset objects unloaded after import = 0
========================================================================
Received Import Request.
  Time since last request: 0.004405 seconds.
  path: Assets/CustomRP/Runtime/Lighting.cs
  artifactKey: Guid(98ae4963f0b436048990d0bd05810470) Importer(815301076,1909f56bfc062723c751e8b465ee728b)
Start importing Assets/CustomRP/Runtime/Lighting.cs using Guid(98ae4963f0b436048990d0bd05810470) Importer(815301076,1909f56bfc062723c751e8b465ee728b)  -> (artifact id: '00000000000000000000000000000000') in 0.000385 seconds
Import Error Code:(4)
Message: Build asset version error: assets/customrp/runtime/lighting.cs in SourceAssetDB has modification time of '2024-09-18T03:50:32.1130814Z' while content on disk has modification time of '2024-09-18T03:50:41.0316514Z'
  ERROR: Build asset version error: assets/customrp/runtime/lighting.cs in SourceAssetDB has modification time of '2024-09-18T03:50:32.1130814Z' while content on disk has modification time of '2024-09-18T03:50:41.0316514Z'
Number of updated asset objects reloaded before import = 0
Number of asset objects unloaded after import = 0
========================================================================
Received Import Request.
  Time since last request: 0.004534 seconds.
  path: Assets/CustomRP/Runtime/Lighting.cs
  artifactKey: Guid(98ae4963f0b436048990d0bd05810470) Importer(815301076,1909f56bfc062723c751e8b465ee728b)
Start importing Assets/CustomRP/Runtime/Lighting.cs using Guid(98ae4963f0b436048990d0bd05810470) Importer(815301076,1909f56bfc062723c751e8b465ee728b)  -> (artifact id: '00000000000000000000000000000000') in 0.000340 seconds
Import Error Code:(4)
Message: Build asset version error: assets/customrp/runtime/lighting.cs in SourceAssetDB has modification time of '2024-09-18T03:50:32.1130814Z' while content on disk has modification time of '2024-09-18T03:50:41.0316514Z'
  ERROR: Build asset version error: assets/customrp/runtime/lighting.cs in SourceAssetDB has modification time of '2024-09-18T03:50:32.1130814Z' while content on disk has modification time of '2024-09-18T03:50:41.0316514Z'
Number of updated asset objects reloaded before import = 0
Number of asset objects unloaded after import = 0
========================================================================
Received Import Request.
  Time since last request: 0.004621 seconds.
  path: Assets/CustomRP/Runtime/Lighting.cs
  artifactKey: Guid(98ae4963f0b436048990d0bd05810470) Importer(815301076,1909f56bfc062723c751e8b465ee728b)
Start importing Assets/CustomRP/Runtime/Lighting.cs using Guid(98ae4963f0b436048990d0bd05810470) Importer(815301076,1909f56bfc062723c751e8b465ee728b)  -> (artifact id: '00000000000000000000000000000000') in 0.000330 seconds
Import Error Code:(4)
Message: Build asset version error: assets/customrp/runtime/lighting.cs in SourceAssetDB has modification time of '2024-09-18T03:50:32.1130814Z' while content on disk has modification time of '2024-09-18T03:50:41.0316514Z'
  ERROR: Build asset version error: assets/customrp/runtime/lighting.cs in SourceAssetDB has modification time of '2024-09-18T03:50:32.1130814Z' while content on disk has modification time of '2024-09-18T03:50:41.0316514Z'
Number of updated asset objects reloaded before import = 0
Number of asset objects unloaded after import = 0
========================================================================
Received Import Request.
  Time since last request: 0.004230 seconds.
  path: Assets/CustomRP/Runtime/Lighting.cs
  artifactKey: Guid(98ae4963f0b436048990d0bd05810470) Importer(815301076,1909f56bfc062723c751e8b465ee728b)
Start importing Assets/CustomRP/Runtime/Lighting.cs using Guid(98ae4963f0b436048990d0bd05810470) Importer(815301076,1909f56bfc062723c751e8b465ee728b)  -> (artifact id: '00000000000000000000000000000000') in 0.000285 seconds
Import Error Code:(4)
Message: Build asset version error: assets/customrp/runtime/lighting.cs in SourceAssetDB has modification time of '2024-09-18T03:50:32.1130814Z' while content on disk has modification time of '2024-09-18T03:50:41.0316514Z'
  ERROR: Build asset version error: assets/customrp/runtime/lighting.cs in SourceAssetDB has modification time of '2024-09-18T03:50:32.1130814Z' while content on disk has modification time of '2024-09-18T03:50:41.0316514Z'
Number of updated asset objects reloaded before import = 0
Number of asset objects unloaded after import = 0
========================================================================
Received Import Request.
  Time since last request: 0.004897 seconds.
  path: Assets/CustomRP/Runtime/Lighting.cs
  artifactKey: Guid(98ae4963f0b436048990d0bd05810470) Importer(815301076,1909f56bfc062723c751e8b465ee728b)
Start importing Assets/CustomRP/Runtime/Lighting.cs using Guid(98ae4963f0b436048990d0bd05810470) Importer(815301076,1909f56bfc062723c751e8b465ee728b)  -> (artifact id: '00000000000000000000000000000000') in 0.000322 seconds
Import Error Code:(4)
Message: Build asset version error: assets/customrp/runtime/lighting.cs in SourceAssetDB has modification time of '2024-09-18T03:50:32.1130814Z' while content on disk has modification time of '2024-09-18T03:50:41.0316514Z'
  ERROR: Build asset version error: assets/customrp/runtime/lighting.cs in SourceAssetDB has modification time of '2024-09-18T03:50:32.1130814Z' while content on disk has modification time of '2024-09-18T03:50:41.0316514Z'
Number of updated asset objects reloaded before import = 0
Number of asset objects unloaded after import = 0
========================================================================
Received Import Request.
  Time since last request: 0.004215 seconds.
  path: Assets/CustomRP/Runtime/Lighting.cs
  artifactKey: Guid(98ae4963f0b436048990d0bd05810470) Importer(815301076,1909f56bfc062723c751e8b465ee728b)
Start importing Assets/CustomRP/Runtime/Lighting.cs using Guid(98ae4963f0b436048990d0bd05810470) Importer(815301076,1909f56bfc062723c751e8b465ee728b)  -> (artifact id: '00000000000000000000000000000000') in 0.000302 seconds
Import Error Code:(4)
Message: Build asset version error: assets/customrp/runtime/lighting.cs in SourceAssetDB has modification time of '2024-09-18T03:50:32.1130814Z' while content on disk has modification time of '2024-09-18T03:50:41.0316514Z'
  ERROR: Build asset version error: assets/customrp/runtime/lighting.cs in SourceAssetDB has modification time of '2024-09-18T03:50:32.1130814Z' while content on disk has modification time of '2024-09-18T03:50:41.0316514Z'
Number of updated asset objects reloaded before import = 0
Number of asset objects unloaded after import = 0
========================================================================
Received Import Request.
  Time since last request: 0.003999 seconds.
  path: Assets/CustomRP/Runtime/Lighting.cs
  artifactKey: Guid(98ae4963f0b436048990d0bd05810470) Importer(815301076,1909f56bfc062723c751e8b465ee728b)
Start importing Assets/CustomRP/Runtime/Lighting.cs using Guid(98ae4963f0b436048990d0bd05810470) Importer(815301076,1909f56bfc062723c751e8b465ee728b)  -> (artifact id: '00000000000000000000000000000000') in 0.000256 seconds
Import Error Code:(4)
Message: Build asset version error: assets/customrp/runtime/lighting.cs in SourceAssetDB has modification time of '2024-09-18T03:50:32.1130814Z' while content on disk has modification time of '2024-09-18T03:50:41.0316514Z'
  ERROR: Build asset version error: assets/customrp/runtime/lighting.cs in SourceAssetDB has modification time of '2024-09-18T03:50:32.1130814Z' while content on disk has modification time of '2024-09-18T03:50:41.0316514Z'
Number of updated asset objects reloaded before import = 0
Number of asset objects unloaded after import = 0
========================================================================
Received Import Request.
  Time since last request: 0.004600 seconds.
  path: Assets/CustomRP/Runtime/Lighting.cs
  artifactKey: Guid(98ae4963f0b436048990d0bd05810470) Importer(815301076,1909f56bfc062723c751e8b465ee728b)
Start importing Assets/CustomRP/Runtime/Lighting.cs using Guid(98ae4963f0b436048990d0bd05810470) Importer(815301076,1909f56bfc062723c751e8b465ee728b)  -> (artifact id: '00000000000000000000000000000000') in 0.000330 seconds
Import Error Code:(4)
Message: Build asset version error: assets/customrp/runtime/lighting.cs in SourceAssetDB has modification time of '2024-09-18T03:50:32.1130814Z' while content on disk has modification time of '2024-09-18T03:50:41.0316514Z'
  ERROR: Build asset version error: assets/customrp/runtime/lighting.cs in SourceAssetDB has modification time of '2024-09-18T03:50:32.1130814Z' while content on disk has modification time of '2024-09-18T03:50:41.0316514Z'
Number of updated asset objects reloaded before import = 0
Number of asset objects unloaded after import = 0
========================================================================
Received Import Request.
  Time since last request: 0.004000 seconds.
  path: Assets/CustomRP/Runtime/Lighting.cs
  artifactKey: Guid(98ae4963f0b436048990d0bd05810470) Importer(815301076,1909f56bfc062723c751e8b465ee728b)
Start importing Assets/CustomRP/Runtime/Lighting.cs using Guid(98ae4963f0b436048990d0bd05810470) Importer(815301076,1909f56bfc062723c751e8b465ee728b)  -> (artifact id: '00000000000000000000000000000000') in 0.000269 seconds
Import Error Code:(4)
Message: Build asset version error: assets/customrp/runtime/lighting.cs in SourceAssetDB has modification time of '2024-09-18T03:50:32.1130814Z' while content on disk has modification time of '2024-09-18T03:50:41.0316514Z'
  ERROR: Build asset version error: assets/customrp/runtime/lighting.cs in SourceAssetDB has modification time of '2024-09-18T03:50:32.1130814Z' while content on disk has modification time of '2024-09-18T03:50:41.0316514Z'
Number of updated asset objects reloaded before import = 0
Number of asset objects unloaded after import = 0
========================================================================
Received Import Request.
  Time since last request: 0.004310 seconds.
  path: Assets/CustomRP/Runtime/Lighting.cs
  artifactKey: Guid(98ae4963f0b436048990d0bd05810470) Importer(815301076,1909f56bfc062723c751e8b465ee728b)
Start importing Assets/CustomRP/Runtime/Lighting.cs using Guid(98ae4963f0b436048990d0bd05810470) Importer(815301076,1909f56bfc062723c751e8b465ee728b)  -> (artifact id: '00000000000000000000000000000000') in 0.000291 seconds
Import Error Code:(4)
Message: Build asset version error: assets/customrp/runtime/lighting.cs in SourceAssetDB has modification time of '2024-09-18T03:50:32.1130814Z' while content on disk has modification time of '2024-09-18T03:50:41.0316514Z'
  ERROR: Build asset version error: assets/customrp/runtime/lighting.cs in SourceAssetDB has modification time of '2024-09-18T03:50:32.1130814Z' while content on disk has modification time of '2024-09-18T03:50:41.0316514Z'
Number of updated asset objects reloaded before import = 0
Number of asset objects unloaded after import = 0
========================================================================
Received Import Request.
  Time since last request: 0.004762 seconds.
  path: Assets/CustomRP/Runtime/Lighting.cs
  artifactKey: Guid(98ae4963f0b436048990d0bd05810470) Importer(815301076,1909f56bfc062723c751e8b465ee728b)
Start importing Assets/CustomRP/Runtime/Lighting.cs using Guid(98ae4963f0b436048990d0bd05810470) Importer(815301076,1909f56bfc062723c751e8b465ee728b)  -> (artifact id: '00000000000000000000000000000000') in 0.000322 seconds
Import Error Code:(4)
Message: Build asset version error: assets/customrp/runtime/lighting.cs in SourceAssetDB has modification time of '2024-09-18T03:50:32.1130814Z' while content on disk has modification time of '2024-09-18T03:50:41.0316514Z'
  ERROR: Build asset version error: assets/customrp/runtime/lighting.cs in SourceAssetDB has modification time of '2024-09-18T03:50:32.1130814Z' while content on disk has modification time of '2024-09-18T03:50:41.0316514Z'
Number of updated asset objects reloaded before import = 0
Number of asset objects unloaded after import = 0
========================================================================
Received Import Request.
  Time since last request: 0.004549 seconds.
  path: Assets/CustomRP/Runtime/Lighting.cs
  artifactKey: Guid(98ae4963f0b436048990d0bd05810470) Importer(815301076,1909f56bfc062723c751e8b465ee728b)
Start importing Assets/CustomRP/Runtime/Lighting.cs using Guid(98ae4963f0b436048990d0bd05810470) Importer(815301076,1909f56bfc062723c751e8b465ee728b)  -> (artifact id: '00000000000000000000000000000000') in 0.000320 seconds
Import Error Code:(4)
Message: Build asset version error: assets/customrp/runtime/lighting.cs in SourceAssetDB has modification time of '2024-09-18T03:50:32.1130814Z' while content on disk has modification time of '2024-09-18T03:50:41.0316514Z'
  ERROR: Build asset version error: assets/customrp/runtime/lighting.cs in SourceAssetDB has modification time of '2024-09-18T03:50:32.1130814Z' while content on disk has modification time of '2024-09-18T03:50:41.0316514Z'
Number of updated asset objects reloaded before import = 0
Number of asset objects unloaded after import = 0
========================================================================
Received Import Request.
  Time since last request: 0.004363 seconds.
  path: Assets/CustomRP/Runtime/Lighting.cs
  artifactKey: Guid(98ae4963f0b436048990d0bd05810470) Importer(815301076,1909f56bfc062723c751e8b465ee728b)
Start importing Assets/CustomRP/Runtime/Lighting.cs using Guid(98ae4963f0b436048990d0bd05810470) Importer(815301076,1909f56bfc062723c751e8b465ee728b)  -> (artifact id: '00000000000000000000000000000000') in 0.000323 seconds
Import Error Code:(4)
Message: Build asset version error: assets/customrp/runtime/lighting.cs in SourceAssetDB has modification time of '2024-09-18T03:50:32.1130814Z' while content on disk has modification time of '2024-09-18T03:50:41.0316514Z'
  ERROR: Build asset version error: assets/customrp/runtime/lighting.cs in SourceAssetDB has modification time of '2024-09-18T03:50:32.1130814Z' while content on disk has modification time of '2024-09-18T03:50:41.0316514Z'
Number of updated asset objects reloaded before import = 0
Number of asset objects unloaded after import = 0
========================================================================
Received Import Request.
  Time since last request: 0.008293 seconds.
  path: Assets/CustomRP/Runtime/Lighting.cs
  artifactKey: Guid(98ae4963f0b436048990d0bd05810470) Importer(815301076,1909f56bfc062723c751e8b465ee728b)
Start importing Assets/CustomRP/Runtime/Lighting.cs using Guid(98ae4963f0b436048990d0bd05810470) Importer(815301076,1909f56bfc062723c751e8b465ee728b)  -> (artifact id: '00000000000000000000000000000000') in 0.000332 seconds
Import Error Code:(4)
Message: Build asset version error: assets/customrp/runtime/lighting.cs in SourceAssetDB has modification time of '2024-09-18T03:50:32.1130814Z' while content on disk has modification time of '2024-09-18T03:50:41.0316514Z'
  ERROR: Build asset version error: assets/customrp/runtime/lighting.cs in SourceAssetDB has modification time of '2024-09-18T03:50:32.1130814Z' while content on disk has modification time of '2024-09-18T03:50:41.0316514Z'
Number of updated asset objects reloaded before import = 0
Number of asset objects unloaded after import = 0
========================================================================
Received Import Request.
  Time since last request: 0.004128 seconds.
  path: Assets/CustomRP/Runtime/Lighting.cs
  artifactKey: Guid(98ae4963f0b436048990d0bd05810470) Importer(815301076,1909f56bfc062723c751e8b465ee728b)
Start importing Assets/CustomRP/Runtime/Lighting.cs using Guid(98ae4963f0b436048990d0bd05810470) Importer(815301076,1909f56bfc062723c751e8b465ee728b)  -> (artifact id: '00000000000000000000000000000000') in 0.000261 seconds
Import Error Code:(4)
Message: Build asset version error: assets/customrp/runtime/lighting.cs in SourceAssetDB has modification time of '2024-09-18T03:50:32.1130814Z' while content on disk has modification time of '2024-09-18T03:50:41.0316514Z'
  ERROR: Build asset version error: assets/customrp/runtime/lighting.cs in SourceAssetDB has modification time of '2024-09-18T03:50:32.1130814Z' while content on disk has modification time of '2024-09-18T03:50:41.0316514Z'
Number of updated asset objects reloaded before import = 0
Number of asset objects unloaded after import = 0
========================================================================
Received Import Request.
  Time since last request: 0.005022 seconds.
  path: Assets/CustomRP/Runtime/Lighting.cs
  artifactKey: Guid(98ae4963f0b436048990d0bd05810470) Importer(815301076,1909f56bfc062723c751e8b465ee728b)
Start importing Assets/CustomRP/Runtime/Lighting.cs using Guid(98ae4963f0b436048990d0bd05810470) Importer(815301076,1909f56bfc062723c751e8b465ee728b)  -> (artifact id: '00000000000000000000000000000000') in 0.000380 seconds
Import Error Code:(4)
Message: Build asset version error: assets/customrp/runtime/lighting.cs in SourceAssetDB has modification time of '2024-09-18T03:50:32.1130814Z' while content on disk has modification time of '2024-09-18T03:50:41.0316514Z'
  ERROR: Build asset version error: assets/customrp/runtime/lighting.cs in SourceAssetDB has modification time of '2024-09-18T03:50:32.1130814Z' while content on disk has modification time of '2024-09-18T03:50:41.0316514Z'
Number of updated asset objects reloaded before import = 0
Number of asset objects unloaded after import = 0
========================================================================
Received Import Request.
  Time since last request: 0.004158 seconds.
  path: Assets/CustomRP/Runtime/Lighting.cs
  artifactKey: Guid(98ae4963f0b436048990d0bd05810470) Importer(815301076,1909f56bfc062723c751e8b465ee728b)
Start importing Assets/CustomRP/Runtime/Lighting.cs using Guid(98ae4963f0b436048990d0bd05810470) Importer(815301076,1909f56bfc062723c751e8b465ee728b)  -> (artifact id: '00000000000000000000000000000000') in 0.000304 seconds
Import Error Code:(4)
Message: Build asset version error: assets/customrp/runtime/lighting.cs in SourceAssetDB has modification time of '2024-09-18T03:50:32.1130814Z' while content on disk has modification time of '2024-09-18T03:50:41.0316514Z'
  ERROR: Build asset version error: assets/customrp/runtime/lighting.cs in SourceAssetDB has modification time of '2024-09-18T03:50:32.1130814Z' while content on disk has modification time of '2024-09-18T03:50:41.0316514Z'
Number of updated asset objects reloaded before import = 0
Number of asset objects unloaded after import = 0
========================================================================
Received Import Request.
  Time since last request: 0.004079 seconds.
  path: Assets/CustomRP/Runtime/Lighting.cs
  artifactKey: Guid(98ae4963f0b436048990d0bd05810470) Importer(815301076,1909f56bfc062723c751e8b465ee728b)
Start importing Assets/CustomRP/Runtime/Lighting.cs using Guid(98ae4963f0b436048990d0bd05810470) Importer(815301076,1909f56bfc062723c751e8b465ee728b)  -> (artifact id: '00000000000000000000000000000000') in 0.000294 seconds
Import Error Code:(4)
Message: Build asset version error: assets/customrp/runtime/lighting.cs in SourceAssetDB has modification time of '2024-09-18T03:50:32.1130814Z' while content on disk has modification time of '2024-09-18T03:50:41.0316514Z'
  ERROR: Build asset version error: assets/customrp/runtime/lighting.cs in SourceAssetDB has modification time of '2024-09-18T03:50:32.1130814Z' while content on disk has modification time of '2024-09-18T03:50:41.0316514Z'
Number of updated asset objects reloaded before import = 0
Number of asset objects unloaded after import = 0
========================================================================
Received Import Request.
  Time since last request: 0.004709 seconds.
  path: Assets/CustomRP/Runtime/Lighting.cs
  artifactKey: Guid(98ae4963f0b436048990d0bd05810470) Importer(815301076,1909f56bfc062723c751e8b465ee728b)
Start importing Assets/CustomRP/Runtime/Lighting.cs using Guid(98ae4963f0b436048990d0bd05810470) Importer(815301076,1909f56bfc062723c751e8b465ee728b)  -> (artifact id: '00000000000000000000000000000000') in 0.000315 seconds
Import Error Code:(4)
Message: Build asset version error: assets/customrp/runtime/lighting.cs in SourceAssetDB has modification time of '2024-09-18T03:50:32.1130814Z' while content on disk has modification time of '2024-09-18T03:50:41.0316514Z'
  ERROR: Build asset version error: assets/customrp/runtime/lighting.cs in SourceAssetDB has modification time of '2024-09-18T03:50:32.1130814Z' while content on disk has modification time of '2024-09-18T03:50:41.0316514Z'
Number of updated asset objects reloaded before import = 0
Number of asset objects unloaded after import = 0
========================================================================
Received Import Request.
  Time since last request: 0.003953 seconds.
  path: Assets/CustomRP/Runtime/Lighting.cs
  artifactKey: Guid(98ae4963f0b436048990d0bd05810470) Importer(815301076,1909f56bfc062723c751e8b465ee728b)
Start importing Assets/CustomRP/Runtime/Lighting.cs using Guid(98ae4963f0b436048990d0bd05810470) Importer(815301076,1909f56bfc062723c751e8b465ee728b)  -> (artifact id: '00000000000000000000000000000000') in 0.000304 seconds
Import Error Code:(4)
Message: Build asset version error: assets/customrp/runtime/lighting.cs in SourceAssetDB has modification time of '2024-09-18T03:50:32.1130814Z' while content on disk has modification time of '2024-09-18T03:50:41.0316514Z'
  ERROR: Build asset version error: assets/customrp/runtime/lighting.cs in SourceAssetDB has modification time of '2024-09-18T03:50:32.1130814Z' while content on disk has modification time of '2024-09-18T03:50:41.0316514Z'
Number of updated asset objects reloaded before import = 0
Number of asset objects unloaded after import = 0
========================================================================
Received Import Request.
  Time since last request: 0.004648 seconds.
  path: Assets/CustomRP/Runtime/Lighting.cs
  artifactKey: Guid(98ae4963f0b436048990d0bd05810470) Importer(815301076,1909f56bfc062723c751e8b465ee728b)
Start importing Assets/CustomRP/Runtime/Lighting.cs using Guid(98ae4963f0b436048990d0bd05810470) Importer(815301076,1909f56bfc062723c751e8b465ee728b)  -> (artifact id: '00000000000000000000000000000000') in 0.000289 seconds
Import Error Code:(4)
Message: Build asset version error: assets/customrp/runtime/lighting.cs in SourceAssetDB has modification time of '2024-09-18T03:50:32.1130814Z' while content on disk has modification time of '2024-09-18T03:50:41.0316514Z'
  ERROR: Build asset version error: assets/customrp/runtime/lighting.cs in SourceAssetDB has modification time of '2024-09-18T03:50:32.1130814Z' while content on disk has modification time of '2024-09-18T03:50:41.0316514Z'
Number of updated asset objects reloaded before import = 0
Number of asset objects unloaded after import = 0
========================================================================
Received Import Request.
  Time since last request: 0.004674 seconds.
  path: Assets/CustomRP/Runtime/Lighting.cs
  artifactKey: Guid(98ae4963f0b436048990d0bd05810470) Importer(815301076,1909f56bfc062723c751e8b465ee728b)
Start importing Assets/CustomRP/Runtime/Lighting.cs using Guid(98ae4963f0b436048990d0bd05810470) Importer(815301076,1909f56bfc062723c751e8b465ee728b)  -> (artifact id: '00000000000000000000000000000000') in 0.000304 seconds
Import Error Code:(4)
Message: Build asset version error: assets/customrp/runtime/lighting.cs in SourceAssetDB has modification time of '2024-09-18T03:50:32.1130814Z' while content on disk has modification time of '2024-09-18T03:50:41.0316514Z'
  ERROR: Build asset version error: assets/customrp/runtime/lighting.cs in SourceAssetDB has modification time of '2024-09-18T03:50:32.1130814Z' while content on disk has modification time of '2024-09-18T03:50:41.0316514Z'
Number of updated asset objects reloaded before import = 0
Number of asset objects unloaded after import = 0
========================================================================
Received Import Request.
  Time since last request: 0.003904 seconds.
  path: Assets/CustomRP/Runtime/Lighting.cs
  artifactKey: Guid(98ae4963f0b436048990d0bd05810470) Importer(815301076,1909f56bfc062723c751e8b465ee728b)
Start importing Assets/CustomRP/Runtime/Lighting.cs using Guid(98ae4963f0b436048990d0bd05810470) Importer(815301076,1909f56bfc062723c751e8b465ee728b)  -> (artifact id: '00000000000000000000000000000000') in 0.000254 seconds
Import Error Code:(4)
Message: Build asset version error: assets/customrp/runtime/lighting.cs in SourceAssetDB has modification time of '2024-09-18T03:50:32.1130814Z' while content on disk has modification time of '2024-09-18T03:50:41.0316514Z'
  ERROR: Build asset version error: assets/customrp/runtime/lighting.cs in SourceAssetDB has modification time of '2024-09-18T03:50:32.1130814Z' while content on disk has modification time of '2024-09-18T03:50:41.0316514Z'
Number of updated asset objects reloaded before import = 0
Number of asset objects unloaded after import = 0
========================================================================
Received Import Request.
  Time since last request: 0.004069 seconds.
  path: Assets/CustomRP/Runtime/Lighting.cs
  artifactKey: Guid(98ae4963f0b436048990d0bd05810470) Importer(815301076,1909f56bfc062723c751e8b465ee728b)
Start importing Assets/CustomRP/Runtime/Lighting.cs using Guid(98ae4963f0b436048990d0bd05810470) Importer(815301076,1909f56bfc062723c751e8b465ee728b)  -> (artifact id: '00000000000000000000000000000000') in 0.000281 seconds
Import Error Code:(4)
Message: Build asset version error: assets/customrp/runtime/lighting.cs in SourceAssetDB has modification time of '2024-09-18T03:50:32.1130814Z' while content on disk has modification time of '2024-09-18T03:50:41.0316514Z'
  ERROR: Build asset version error: assets/customrp/runtime/lighting.cs in SourceAssetDB has modification time of '2024-09-18T03:50:32.1130814Z' while content on disk has modification time of '2024-09-18T03:50:41.0316514Z'
Number of updated asset objects reloaded before import = 0
Number of asset objects unloaded after import = 0
========================================================================
Received Import Request.
  Time since last request: 0.004099 seconds.
  path: Assets/CustomRP/Runtime/Lighting.cs
  artifactKey: Guid(98ae4963f0b436048990d0bd05810470) Importer(815301076,1909f56bfc062723c751e8b465ee728b)
Start importing Assets/CustomRP/Runtime/Lighting.cs using Guid(98ae4963f0b436048990d0bd05810470) Importer(815301076,1909f56bfc062723c751e8b465ee728b)  -> (artifact id: '00000000000000000000000000000000') in 0.000303 seconds
Import Error Code:(4)
Message: Build asset version error: assets/customrp/runtime/lighting.cs in SourceAssetDB has modification time of '2024-09-18T03:50:32.1130814Z' while content on disk has modification time of '2024-09-18T03:50:41.0316514Z'
  ERROR: Build asset version error: assets/customrp/runtime/lighting.cs in SourceAssetDB has modification time of '2024-09-18T03:50:32.1130814Z' while content on disk has modification time of '2024-09-18T03:50:41.0316514Z'
Number of updated asset objects reloaded before import = 0
Number of asset objects unloaded after import = 0
========================================================================
Received Import Request.
  Time since last request: 0.004332 seconds.
  path: Assets/CustomRP/Runtime/Lighting.cs
  artifactKey: Guid(98ae4963f0b436048990d0bd05810470) Importer(815301076,1909f56bfc062723c751e8b465ee728b)
Start importing Assets/CustomRP/Runtime/Lighting.cs using Guid(98ae4963f0b436048990d0bd05810470) Importer(815301076,1909f56bfc062723c751e8b465ee728b)  -> (artifact id: '00000000000000000000000000000000') in 0.000305 seconds
Import Error Code:(4)
Message: Build asset version error: assets/customrp/runtime/lighting.cs in SourceAssetDB has modification time of '2024-09-18T03:50:32.1130814Z' while content on disk has modification time of '2024-09-18T03:50:41.0316514Z'
  ERROR: Build asset version error: assets/customrp/runtime/lighting.cs in SourceAssetDB has modification time of '2024-09-18T03:50:32.1130814Z' while content on disk has modification time of '2024-09-18T03:50:41.0316514Z'
Number of updated asset objects reloaded before import = 0
Number of asset objects unloaded after import = 0
========================================================================
Received Import Request.
  Time since last request: 0.004382 seconds.
  path: Assets/CustomRP/Runtime/Lighting.cs
  artifactKey: Guid(98ae4963f0b436048990d0bd05810470) Importer(815301076,1909f56bfc062723c751e8b465ee728b)
Start importing Assets/CustomRP/Runtime/Lighting.cs using Guid(98ae4963f0b436048990d0bd05810470) Importer(815301076,1909f56bfc062723c751e8b465ee728b)  -> (artifact id: '00000000000000000000000000000000') in 0.000288 seconds
Import Error Code:(4)
Message: Build asset version error: assets/customrp/runtime/lighting.cs in SourceAssetDB has modification time of '2024-09-18T03:50:32.1130814Z' while content on disk has modification time of '2024-09-18T03:50:41.0316514Z'
  ERROR: Build asset version error: assets/customrp/runtime/lighting.cs in SourceAssetDB has modification time of '2024-09-18T03:50:32.1130814Z' while content on disk has modification time of '2024-09-18T03:50:41.0316514Z'
Number of updated asset objects reloaded before import = 0
Number of asset objects unloaded after import = 0
========================================================================
Received Import Request.
  Time since last request: 0.004293 seconds.
  path: Assets/CustomRP/Runtime/Lighting.cs
  artifactKey: Guid(98ae4963f0b436048990d0bd05810470) Importer(815301076,1909f56bfc062723c751e8b465ee728b)
Start importing Assets/CustomRP/Runtime/Lighting.cs using Guid(98ae4963f0b436048990d0bd05810470) Importer(815301076,1909f56bfc062723c751e8b465ee728b)  -> (artifact id: '00000000000000000000000000000000') in 0.000318 seconds
Import Error Code:(4)
Message: Build asset version error: assets/customrp/runtime/lighting.cs in SourceAssetDB has modification time of '2024-09-18T03:50:32.1130814Z' while content on disk has modification time of '2024-09-18T03:50:41.0316514Z'
  ERROR: Build asset version error: assets/customrp/runtime/lighting.cs in SourceAssetDB has modification time of '2024-09-18T03:50:32.1130814Z' while content on disk has modification time of '2024-09-18T03:50:41.0316514Z'
Number of updated asset objects reloaded before import = 0
Number of asset objects unloaded after import = 0
========================================================================
Received Import Request.
  Time since last request: 0.004548 seconds.
  path: Assets/CustomRP/Runtime/Lighting.cs
  artifactKey: Guid(98ae4963f0b436048990d0bd05810470) Importer(815301076,1909f56bfc062723c751e8b465ee728b)
Start importing Assets/CustomRP/Runtime/Lighting.cs using Guid(98ae4963f0b436048990d0bd05810470) Importer(815301076,1909f56bfc062723c751e8b465ee728b)  -> (artifact id: '00000000000000000000000000000000') in 0.000301 seconds
Import Error Code:(4)
Message: Build asset version error: assets/customrp/runtime/lighting.cs in SourceAssetDB has modification time of '2024-09-18T03:50:32.1130814Z' while content on disk has modification time of '2024-09-18T03:50:41.0316514Z'
  ERROR: Build asset version error: assets/customrp/runtime/lighting.cs in SourceAssetDB has modification time of '2024-09-18T03:50:32.1130814Z' while content on disk has modification time of '2024-09-18T03:50:41.0316514Z'
Number of updated asset objects reloaded before import = 0
Number of asset objects unloaded after import = 0
========================================================================
Received Import Request.
  Time since last request: 0.003724 seconds.
  path: Assets/CustomRP/Runtime/Lighting.cs
  artifactKey: Guid(98ae4963f0b436048990d0bd05810470) Importer(815301076,1909f56bfc062723c751e8b465ee728b)
Start importing Assets/CustomRP/Runtime/Lighting.cs using Guid(98ae4963f0b436048990d0bd05810470) Importer(815301076,1909f56bfc062723c751e8b465ee728b)  -> (artifact id: '00000000000000000000000000000000') in 0.000275 seconds
Import Error Code:(4)
Message: Build asset version error: assets/customrp/runtime/lighting.cs in SourceAssetDB has modification time of '2024-09-18T03:50:32.1130814Z' while content on disk has modification time of '2024-09-18T03:50:41.0316514Z'
  ERROR: Build asset version error: assets/customrp/runtime/lighting.cs in SourceAssetDB has modification time of '2024-09-18T03:50:32.1130814Z' while content on disk has modification time of '2024-09-18T03:50:41.0316514Z'
Number of updated asset objects reloaded before import = 0
Number of asset objects unloaded after import = 0
========================================================================
Received Import Request.
  Time since last request: 0.005222 seconds.
  path: Assets/CustomRP/Runtime/Lighting.cs
  artifactKey: Guid(98ae4963f0b436048990d0bd05810470) Importer(815301076,1909f56bfc062723c751e8b465ee728b)
Start importing Assets/CustomRP/Runtime/Lighting.cs using Guid(98ae4963f0b436048990d0bd05810470) Importer(815301076,1909f56bfc062723c751e8b465ee728b)  -> (artifact id: '00000000000000000000000000000000') in 0.000335 seconds
Import Error Code:(4)
Message: Build asset version error: assets/customrp/runtime/lighting.cs in SourceAssetDB has modification time of '2024-09-18T03:50:32.1130814Z' while content on disk has modification time of '2024-09-18T03:50:41.0316514Z'
  ERROR: Build asset version error: assets/customrp/runtime/lighting.cs in SourceAssetDB has modification time of '2024-09-18T03:50:32.1130814Z' while content on disk has modification time of '2024-09-18T03:50:41.0316514Z'
Number of updated asset objects reloaded before import = 0
Number of asset objects unloaded after import = 0
========================================================================
Received Import Request.
  Time since last request: 0.004301 seconds.
  path: Assets/CustomRP/Runtime/Lighting.cs
  artifactKey: Guid(98ae4963f0b436048990d0bd05810470) Importer(815301076,1909f56bfc062723c751e8b465ee728b)
Start importing Assets/CustomRP/Runtime/Lighting.cs using Guid(98ae4963f0b436048990d0bd05810470) Importer(815301076,1909f56bfc062723c751e8b465ee728b)  -> (artifact id: '00000000000000000000000000000000') in 0.000281 seconds
Import Error Code:(4)
Message: Build asset version error: assets/customrp/runtime/lighting.cs in SourceAssetDB has modification time of '2024-09-18T03:50:32.1130814Z' while content on disk has modification time of '2024-09-18T03:50:41.0316514Z'
  ERROR: Build asset version error: assets/customrp/runtime/lighting.cs in SourceAssetDB has modification time of '2024-09-18T03:50:32.1130814Z' while content on disk has modification time of '2024-09-18T03:50:41.0316514Z'
Number of updated asset objects reloaded before import = 0
Number of asset objects unloaded after import = 0
========================================================================
Received Import Request.
  Time since last request: 0.004099 seconds.
  path: Assets/CustomRP/Runtime/Lighting.cs
  artifactKey: Guid(98ae4963f0b436048990d0bd05810470) Importer(815301076,1909f56bfc062723c751e8b465ee728b)
Start importing Assets/CustomRP/Runtime/Lighting.cs using Guid(98ae4963f0b436048990d0bd05810470) Importer(815301076,1909f56bfc062723c751e8b465ee728b)  -> (artifact id: '00000000000000000000000000000000') in 0.000261 seconds
Import Error Code:(4)
Message: Build asset version error: assets/customrp/runtime/lighting.cs in SourceAssetDB has modification time of '2024-09-18T03:50:32.1130814Z' while content on disk has modification time of '2024-09-18T03:50:41.0316514Z'
  ERROR: Build asset version error: assets/customrp/runtime/lighting.cs in SourceAssetDB has modification time of '2024-09-18T03:50:32.1130814Z' while content on disk has modification time of '2024-09-18T03:50:41.0316514Z'
Number of updated asset objects reloaded before import = 0
Number of asset objects unloaded after import = 0
========================================================================
Received Import Request.
  Time since last request: 0.004795 seconds.
  path: Assets/CustomRP/Runtime/Lighting.cs
  artifactKey: Guid(98ae4963f0b436048990d0bd05810470) Importer(815301076,1909f56bfc062723c751e8b465ee728b)
Start importing Assets/CustomRP/Runtime/Lighting.cs using Guid(98ae4963f0b436048990d0bd05810470) Importer(815301076,1909f56bfc062723c751e8b465ee728b)  -> (artifact id: '00000000000000000000000000000000') in 0.000365 seconds
Import Error Code:(4)
Message: Build asset version error: assets/customrp/runtime/lighting.cs in SourceAssetDB has modification time of '2024-09-18T03:50:32.1130814Z' while content on disk has modification time of '2024-09-18T03:50:41.0316514Z'
  ERROR: Build asset version error: assets/customrp/runtime/lighting.cs in SourceAssetDB has modification time of '2024-09-18T03:50:32.1130814Z' while content on disk has modification time of '2024-09-18T03:50:41.0316514Z'
Number of updated asset objects reloaded before import = 0
Number of asset objects unloaded after import = 0
========================================================================
Received Import Request.
  Time since last request: 0.004023 seconds.
  path: Assets/CustomRP/Runtime/Lighting.cs
  artifactKey: Guid(98ae4963f0b436048990d0bd05810470) Importer(815301076,1909f56bfc062723c751e8b465ee728b)
Start importing Assets/CustomRP/Runtime/Lighting.cs using Guid(98ae4963f0b436048990d0bd05810470) Importer(815301076,1909f56bfc062723c751e8b465ee728b)  -> (artifact id: '00000000000000000000000000000000') in 0.000253 seconds
Import Error Code:(4)
Message: Build asset version error: assets/customrp/runtime/lighting.cs in SourceAssetDB has modification time of '2024-09-18T03:50:32.1130814Z' while content on disk has modification time of '2024-09-18T03:50:41.0316514Z'
  ERROR: Build asset version error: assets/customrp/runtime/lighting.cs in SourceAssetDB has modification time of '2024-09-18T03:50:32.1130814Z' while content on disk has modification time of '2024-09-18T03:50:41.0316514Z'
Number of updated asset objects reloaded before import = 0
Number of asset objects unloaded after import = 0
========================================================================
Received Import Request.
  Time since last request: 0.004065 seconds.
  path: Assets/CustomRP/Runtime/Lighting.cs
  artifactKey: Guid(98ae4963f0b436048990d0bd05810470) Importer(815301076,1909f56bfc062723c751e8b465ee728b)
Start importing Assets/CustomRP/Runtime/Lighting.cs using Guid(98ae4963f0b436048990d0bd05810470) Importer(815301076,1909f56bfc062723c751e8b465ee728b)  -> (artifact id: '00000000000000000000000000000000') in 0.000252 seconds
Import Error Code:(4)
Message: Build asset version error: assets/customrp/runtime/lighting.cs in SourceAssetDB has modification time of '2024-09-18T03:50:32.1130814Z' while content on disk has modification time of '2024-09-18T03:50:41.0316514Z'
  ERROR: Build asset version error: assets/customrp/runtime/lighting.cs in SourceAssetDB has modification time of '2024-09-18T03:50:32.1130814Z' while content on disk has modification time of '2024-09-18T03:50:41.0316514Z'
Number of updated asset objects reloaded before import = 0
Number of asset objects unloaded after import = 0
========================================================================
Received Import Request.
  Time since last request: 0.004390 seconds.
  path: Assets/CustomRP/Runtime/Lighting.cs
  artifactKey: Guid(98ae4963f0b436048990d0bd05810470) Importer(815301076,1909f56bfc062723c751e8b465ee728b)
Start importing Assets/CustomRP/Runtime/Lighting.cs using Guid(98ae4963f0b436048990d0bd05810470) Importer(815301076,1909f56bfc062723c751e8b465ee728b)  -> (artifact id: '00000000000000000000000000000000') in 0.000428 seconds
Import Error Code:(4)
Message: Build asset version error: assets/customrp/runtime/lighting.cs in SourceAssetDB has modification time of '2024-09-18T03:50:32.1130814Z' while content on disk has modification time of '2024-09-18T03:50:41.0316514Z'
  ERROR: Build asset version error: assets/customrp/runtime/lighting.cs in SourceAssetDB has modification time of '2024-09-18T03:50:32.1130814Z' while content on disk has modification time of '2024-09-18T03:50:41.0316514Z'
Number of updated asset objects reloaded before import = 0
Number of asset objects unloaded after import = 0
========================================================================
Received Import Request.
  Time since last request: 0.004199 seconds.
  path: Assets/CustomRP/Runtime/Lighting.cs
  artifactKey: Guid(98ae4963f0b436048990d0bd05810470) Importer(815301076,1909f56bfc062723c751e8b465ee728b)
Start importing Assets/CustomRP/Runtime/Lighting.cs using Guid(98ae4963f0b436048990d0bd05810470) Importer(815301076,1909f56bfc062723c751e8b465ee728b)  -> (artifact id: '00000000000000000000000000000000') in 0.000313 seconds
Import Error Code:(4)
Message: Build asset version error: assets/customrp/runtime/lighting.cs in SourceAssetDB has modification time of '2024-09-18T03:50:32.1130814Z' while content on disk has modification time of '2024-09-18T03:50:41.0316514Z'
  ERROR: Build asset version error: assets/customrp/runtime/lighting.cs in SourceAssetDB has modification time of '2024-09-18T03:50:32.1130814Z' while content on disk has modification time of '2024-09-18T03:50:41.0316514Z'
Number of updated asset objects reloaded before import = 0
Number of asset objects unloaded after import = 0
========================================================================
Received Import Request.
  Time since last request: 0.004337 seconds.
  path: Assets/CustomRP/Runtime/Lighting.cs
  artifactKey: Guid(98ae4963f0b436048990d0bd05810470) Importer(815301076,1909f56bfc062723c751e8b465ee728b)
Start importing Assets/CustomRP/Runtime/Lighting.cs using Guid(98ae4963f0b436048990d0bd05810470) Importer(815301076,1909f56bfc062723c751e8b465ee728b)  -> (artifact id: '00000000000000000000000000000000') in 0.000350 seconds
Import Error Code:(4)
Message: Build asset version error: assets/customrp/runtime/lighting.cs in SourceAssetDB has modification time of '2024-09-18T03:50:32.1130814Z' while content on disk has modification time of '2024-09-18T03:50:41.0316514Z'
  ERROR: Build asset version error: assets/customrp/runtime/lighting.cs in SourceAssetDB has modification time of '2024-09-18T03:50:32.1130814Z' while content on disk has modification time of '2024-09-18T03:50:41.0316514Z'
Number of updated asset objects reloaded before import = 0
Number of asset objects unloaded after import = 0
========================================================================
Received Import Request.
  Time since last request: 0.005113 seconds.
  path: Assets/CustomRP/Runtime/Lighting.cs
  artifactKey: Guid(98ae4963f0b436048990d0bd05810470) Importer(815301076,1909f56bfc062723c751e8b465ee728b)
Start importing Assets/CustomRP/Runtime/Lighting.cs using Guid(98ae4963f0b436048990d0bd05810470) Importer(815301076,1909f56bfc062723c751e8b465ee728b)  -> (artifact id: '00000000000000000000000000000000') in 0.000366 seconds
Import Error Code:(4)
Message: Build asset version error: assets/customrp/runtime/lighting.cs in SourceAssetDB has modification time of '2024-09-18T03:50:32.1130814Z' while content on disk has modification time of '2024-09-18T03:50:41.0316514Z'
  ERROR: Build asset version error: assets/customrp/runtime/lighting.cs in SourceAssetDB has modification time of '2024-09-18T03:50:32.1130814Z' while content on disk has modification time of '2024-09-18T03:50:41.0316514Z'
Number of updated asset objects reloaded before import = 0
Number of asset objects unloaded after import = 0
========================================================================
Received Import Request.
  Time since last request: 0.004894 seconds.
  path: Assets/CustomRP/Runtime/Lighting.cs
  artifactKey: Guid(98ae4963f0b436048990d0bd05810470) Importer(815301076,1909f56bfc062723c751e8b465ee728b)
Start importing Assets/CustomRP/Runtime/Lighting.cs using Guid(98ae4963f0b436048990d0bd05810470) Importer(815301076,1909f56bfc062723c751e8b465ee728b)  -> (artifact id: '00000000000000000000000000000000') in 0.000317 seconds
Import Error Code:(4)
Message: Build asset version error: assets/customrp/runtime/lighting.cs in SourceAssetDB has modification time of '2024-09-18T03:50:32.1130814Z' while content on disk has modification time of '2024-09-18T03:50:41.0316514Z'
  ERROR: Build asset version error: assets/customrp/runtime/lighting.cs in SourceAssetDB has modification time of '2024-09-18T03:50:32.1130814Z' while content on disk has modification time of '2024-09-18T03:50:41.0316514Z'
Number of updated asset objects reloaded before import = 0
Number of asset objects unloaded after import = 0
========================================================================
Received Import Request.
  Time since last request: 0.003942 seconds.
  path: Assets/CustomRP/Runtime/Lighting.cs
  artifactKey: Guid(98ae4963f0b436048990d0bd05810470) Importer(815301076,1909f56bfc062723c751e8b465ee728b)
Start importing Assets/CustomRP/Runtime/Lighting.cs using Guid(98ae4963f0b436048990d0bd05810470) Importer(815301076,1909f56bfc062723c751e8b465ee728b)  -> (artifact id: '00000000000000000000000000000000') in 0.000267 seconds
Import Error Code:(4)
Message: Build asset version error: assets/customrp/runtime/lighting.cs in SourceAssetDB has modification time of '2024-09-18T03:50:32.1130814Z' while content on disk has modification time of '2024-09-18T03:50:41.0316514Z'
  ERROR: Build asset version error: assets/customrp/runtime/lighting.cs in SourceAssetDB has modification time of '2024-09-18T03:50:32.1130814Z' while content on disk has modification time of '2024-09-18T03:50:41.0316514Z'
Number of updated asset objects reloaded before import = 0
Number of asset objects unloaded after import = 0
========================================================================
Received Import Request.
  Time since last request: 0.004193 seconds.
  path: Assets/CustomRP/Runtime/Lighting.cs
  artifactKey: Guid(98ae4963f0b436048990d0bd05810470) Importer(815301076,1909f56bfc062723c751e8b465ee728b)
Start importing Assets/CustomRP/Runtime/Lighting.cs using Guid(98ae4963f0b436048990d0bd05810470) Importer(815301076,1909f56bfc062723c751e8b465ee728b)  -> (artifact id: '00000000000000000000000000000000') in 0.000422 seconds
Import Error Code:(4)
Message: Build asset version error: assets/customrp/runtime/lighting.cs in SourceAssetDB has modification time of '2024-09-18T03:50:32.1130814Z' while content on disk has modification time of '2024-09-18T03:50:41.0316514Z'
  ERROR: Build asset version error: assets/customrp/runtime/lighting.cs in SourceAssetDB has modification time of '2024-09-18T03:50:32.1130814Z' while content on disk has modification time of '2024-09-18T03:50:41.0316514Z'
Number of updated asset objects reloaded before import = 0
Number of asset objects unloaded after import = 0
========================================================================
Received Import Request.
  Time since last request: 0.004285 seconds.
  path: Assets/CustomRP/Runtime/Lighting.cs
  artifactKey: Guid(98ae4963f0b436048990d0bd05810470) Importer(815301076,1909f56bfc062723c751e8b465ee728b)
Start importing Assets/CustomRP/Runtime/Lighting.cs using Guid(98ae4963f0b436048990d0bd05810470) Importer(815301076,1909f56bfc062723c751e8b465ee728b)  -> (artifact id: '00000000000000000000000000000000') in 0.000317 seconds
Import Error Code:(4)
Message: Build asset version error: assets/customrp/runtime/lighting.cs in SourceAssetDB has modification time of '2024-09-18T03:50:32.1130814Z' while content on disk has modification time of '2024-09-18T03:50:41.0316514Z'
  ERROR: Build asset version error: assets/customrp/runtime/lighting.cs in SourceAssetDB has modification time of '2024-09-18T03:50:32.1130814Z' while content on disk has modification time of '2024-09-18T03:50:41.0316514Z'
Number of updated asset objects reloaded before import = 0
Number of asset objects unloaded after import = 0
========================================================================
Received Import Request.
  Time since last request: 0.004059 seconds.
  path: Assets/CustomRP/Runtime/Lighting.cs
  artifactKey: Guid(98ae4963f0b436048990d0bd05810470) Importer(815301076,1909f56bfc062723c751e8b465ee728b)
Start importing Assets/CustomRP/Runtime/Lighting.cs using Guid(98ae4963f0b436048990d0bd05810470) Importer(815301076,1909f56bfc062723c751e8b465ee728b)  -> (artifact id: '00000000000000000000000000000000') in 0.000296 seconds
Import Error Code:(4)
Message: Build asset version error: assets/customrp/runtime/lighting.cs in SourceAssetDB has modification time of '2024-09-18T03:50:32.1130814Z' while content on disk has modification time of '2024-09-18T03:50:41.0316514Z'
  ERROR: Build asset version error: assets/customrp/runtime/lighting.cs in SourceAssetDB has modification time of '2024-09-18T03:50:32.1130814Z' while content on disk has modification time of '2024-09-18T03:50:41.0316514Z'
Number of updated asset objects reloaded before import = 0
Number of asset objects unloaded after import = 0
========================================================================
Received Import Request.
  Time since last request: 0.004367 seconds.
  path: Assets/CustomRP/Runtime/Lighting.cs
  artifactKey: Guid(98ae4963f0b436048990d0bd05810470) Importer(815301076,1909f56bfc062723c751e8b465ee728b)
Start importing Assets/CustomRP/Runtime/Lighting.cs using Guid(98ae4963f0b436048990d0bd05810470) Importer(815301076,1909f56bfc062723c751e8b465ee728b)  -> (artifact id: '00000000000000000000000000000000') in 0.000293 seconds
Import Error Code:(4)
Message: Build asset version error: assets/customrp/runtime/lighting.cs in SourceAssetDB has modification time of '2024-09-18T03:50:32.1130814Z' while content on disk has modification time of '2024-09-18T03:50:41.0316514Z'
  ERROR: Build asset version error: assets/customrp/runtime/lighting.cs in SourceAssetDB has modification time of '2024-09-18T03:50:32.1130814Z' while content on disk has modification time of '2024-09-18T03:50:41.0316514Z'
Number of updated asset objects reloaded before import = 0
Number of asset objects unloaded after import = 0
========================================================================
Received Import Request.
  Time since last request: 0.004824 seconds.
  path: Assets/CustomRP/Runtime/Lighting.cs
  artifactKey: Guid(98ae4963f0b436048990d0bd05810470) Importer(815301076,1909f56bfc062723c751e8b465ee728b)
Start importing Assets/CustomRP/Runtime/Lighting.cs using Guid(98ae4963f0b436048990d0bd05810470) Importer(815301076,1909f56bfc062723c751e8b465ee728b)  -> (artifact id: '00000000000000000000000000000000') in 0.000341 seconds
Import Error Code:(4)
Message: Build asset version error: assets/customrp/runtime/lighting.cs in SourceAssetDB has modification time of '2024-09-18T03:50:32.1130814Z' while content on disk has modification time of '2024-09-18T03:50:41.0316514Z'
  ERROR: Build asset version error: assets/customrp/runtime/lighting.cs in SourceAssetDB has modification time of '2024-09-18T03:50:32.1130814Z' while content on disk has modification time of '2024-09-18T03:50:41.0316514Z'
Number of updated asset objects reloaded before import = 0
Number of asset objects unloaded after import = 0
========================================================================
Received Import Request.
  Time since last request: 0.004077 seconds.
  path: Assets/CustomRP/Runtime/Lighting.cs
  artifactKey: Guid(98ae4963f0b436048990d0bd05810470) Importer(815301076,1909f56bfc062723c751e8b465ee728b)
Start importing Assets/CustomRP/Runtime/Lighting.cs using Guid(98ae4963f0b436048990d0bd05810470) Importer(815301076,1909f56bfc062723c751e8b465ee728b)  -> (artifact id: '00000000000000000000000000000000') in 0.000302 seconds
Import Error Code:(4)
Message: Build asset version error: assets/customrp/runtime/lighting.cs in SourceAssetDB has modification time of '2024-09-18T03:50:32.1130814Z' while content on disk has modification time of '2024-09-18T03:50:41.0316514Z'
  ERROR: Build asset version error: assets/customrp/runtime/lighting.cs in SourceAssetDB has modification time of '2024-09-18T03:50:32.1130814Z' while content on disk has modification time of '2024-09-18T03:50:41.0316514Z'
Number of updated asset objects reloaded before import = 0
Number of asset objects unloaded after import = 0
========================================================================
Received Import Request.
  Time since last request: 0.004602 seconds.
  path: Assets/CustomRP/Runtime/Lighting.cs
  artifactKey: Guid(98ae4963f0b436048990d0bd05810470) Importer(815301076,1909f56bfc062723c751e8b465ee728b)
Start importing Assets/CustomRP/Runtime/Lighting.cs using Guid(98ae4963f0b436048990d0bd05810470) Importer(815301076,1909f56bfc062723c751e8b465ee728b)  -> (artifact id: '00000000000000000000000000000000') in 0.000396 seconds
Import Error Code:(4)
Message: Build asset version error: assets/customrp/runtime/lighting.cs in SourceAssetDB has modification time of '2024-09-18T03:50:32.1130814Z' while content on disk has modification time of '2024-09-18T03:50:41.0316514Z'
  ERROR: Build asset version error: assets/customrp/runtime/lighting.cs in SourceAssetDB has modification time of '2024-09-18T03:50:32.1130814Z' while content on disk has modification time of '2024-09-18T03:50:41.0316514Z'
Number of updated asset objects reloaded before import = 0
Number of asset objects unloaded after import = 0
========================================================================
Received Import Request.
  Time since last request: 0.006831 seconds.
  path: Assets/CustomRP/Runtime/Lighting.cs
  artifactKey: Guid(98ae4963f0b436048990d0bd05810470) Importer(815301076,1909f56bfc062723c751e8b465ee728b)
Start importing Assets/CustomRP/Runtime/Lighting.cs using Guid(98ae4963f0b436048990d0bd05810470) Importer(815301076,1909f56bfc062723c751e8b465ee728b)  -> (artifact id: '00000000000000000000000000000000') in 0.000337 seconds
Import Error Code:(4)
Message: Build asset version error: assets/customrp/runtime/lighting.cs in SourceAssetDB has modification time of '2024-09-18T03:50:32.1130814Z' while content on disk has modification time of '2024-09-18T03:50:41.0316514Z'
  ERROR: Build asset version error: assets/customrp/runtime/lighting.cs in SourceAssetDB has modification time of '2024-09-18T03:50:32.1130814Z' while content on disk has modification time of '2024-09-18T03:50:41.0316514Z'
Number of updated asset objects reloaded before import = 0
Number of asset objects unloaded after import = 0
========================================================================
Received Import Request.
  Time since last request: 0.004367 seconds.
  path: Assets/CustomRP/Runtime/Lighting.cs
  artifactKey: Guid(98ae4963f0b436048990d0bd05810470) Importer(815301076,1909f56bfc062723c751e8b465ee728b)
Start importing Assets/CustomRP/Runtime/Lighting.cs using Guid(98ae4963f0b436048990d0bd05810470) Importer(815301076,1909f56bfc062723c751e8b465ee728b)  -> (artifact id: '00000000000000000000000000000000') in 0.000272 seconds
Import Error Code:(4)
Message: Build asset version error: assets/customrp/runtime/lighting.cs in SourceAssetDB has modification time of '2024-09-18T03:50:32.1130814Z' while content on disk has modification time of '2024-09-18T03:50:41.0316514Z'
  ERROR: Build asset version error: assets/customrp/runtime/lighting.cs in SourceAssetDB has modification time of '2024-09-18T03:50:32.1130814Z' while content on disk has modification time of '2024-09-18T03:50:41.0316514Z'
Number of updated asset objects reloaded before import = 0
Number of asset objects unloaded after import = 0
========================================================================
Received Import Request.
  Time since last request: 0.004412 seconds.
  path: Assets/CustomRP/Runtime/Lighting.cs
  artifactKey: Guid(98ae4963f0b436048990d0bd05810470) Importer(815301076,1909f56bfc062723c751e8b465ee728b)
Start importing Assets/CustomRP/Runtime/Lighting.cs using Guid(98ae4963f0b436048990d0bd05810470) Importer(815301076,1909f56bfc062723c751e8b465ee728b)  -> (artifact id: '00000000000000000000000000000000') in 0.000300 seconds
Import Error Code:(4)
Message: Build asset version error: assets/customrp/runtime/lighting.cs in SourceAssetDB has modification time of '2024-09-18T03:50:32.1130814Z' while content on disk has modification time of '2024-09-18T03:50:41.0316514Z'
  ERROR: Build asset version error: assets/customrp/runtime/lighting.cs in SourceAssetDB has modification time of '2024-09-18T03:50:32.1130814Z' while content on disk has modification time of '2024-09-18T03:50:41.0316514Z'
Number of updated asset objects reloaded before import = 0
Number of asset objects unloaded after import = 0
========================================================================
Received Import Request.
  Time since last request: 0.004371 seconds.
  path: Assets/CustomRP/Runtime/Lighting.cs
  artifactKey: Guid(98ae4963f0b436048990d0bd05810470) Importer(815301076,1909f56bfc062723c751e8b465ee728b)
Start importing Assets/CustomRP/Runtime/Lighting.cs using Guid(98ae4963f0b436048990d0bd05810470) Importer(815301076,1909f56bfc062723c751e8b465ee728b)  -> (artifact id: '00000000000000000000000000000000') in 0.000347 seconds
Import Error Code:(4)
Message: Build asset version error: assets/customrp/runtime/lighting.cs in SourceAssetDB has modification time of '2024-09-18T03:50:32.1130814Z' while content on disk has modification time of '2024-09-18T03:50:41.0316514Z'
  ERROR: Build asset version error: assets/customrp/runtime/lighting.cs in SourceAssetDB has modification time of '2024-09-18T03:50:32.1130814Z' while content on disk has modification time of '2024-09-18T03:50:41.0316514Z'
Number of updated asset objects reloaded before import = 0
Number of asset objects unloaded after import = 0
========================================================================
Received Import Request.
  Time since last request: 0.004902 seconds.
  path: Assets/CustomRP/Runtime/Lighting.cs
  artifactKey: Guid(98ae4963f0b436048990d0bd05810470) Importer(815301076,1909f56bfc062723c751e8b465ee728b)
Start importing Assets/CustomRP/Runtime/Lighting.cs using Guid(98ae4963f0b436048990d0bd05810470) Importer(815301076,1909f56bfc062723c751e8b465ee728b)  -> (artifact id: '00000000000000000000000000000000') in 0.000446 seconds
Import Error Code:(4)
Message: Build asset version error: assets/customrp/runtime/lighting.cs in SourceAssetDB has modification time of '2024-09-18T03:50:32.1130814Z' while content on disk has modification time of '2024-09-18T03:50:41.0316514Z'
  ERROR: Build asset version error: assets/customrp/runtime/lighting.cs in SourceAssetDB has modification time of '2024-09-18T03:50:32.1130814Z' while content on disk has modification time of '2024-09-18T03:50:41.0316514Z'
Number of updated asset objects reloaded before import = 0
Number of asset objects unloaded after import = 0
========================================================================
Received Import Request.
  Time since last request: 0.004710 seconds.
  path: Assets/CustomRP/Runtime/Lighting.cs
  artifactKey: Guid(98ae4963f0b436048990d0bd05810470) Importer(815301076,1909f56bfc062723c751e8b465ee728b)
Start importing Assets/CustomRP/Runtime/Lighting.cs using Guid(98ae4963f0b436048990d0bd05810470) Importer(815301076,1909f56bfc062723c751e8b465ee728b)  -> (artifact id: '00000000000000000000000000000000') in 0.000344 seconds
Import Error Code:(4)
Message: Build asset version error: assets/customrp/runtime/lighting.cs in SourceAssetDB has modification time of '2024-09-18T03:50:32.1130814Z' while content on disk has modification time of '2024-09-18T03:50:41.0316514Z'
  ERROR: Build asset version error: assets/customrp/runtime/lighting.cs in SourceAssetDB has modification time of '2024-09-18T03:50:32.1130814Z' while content on disk has modification time of '2024-09-18T03:50:41.0316514Z'
Number of updated asset objects reloaded before import = 0
Number of asset objects unloaded after import = 0
========================================================================
Received Import Request.
  Time since last request: 0.005601 seconds.
  path: Assets/CustomRP/Runtime/Lighting.cs
  artifactKey: Guid(98ae4963f0b436048990d0bd05810470) Importer(815301076,1909f56bfc062723c751e8b465ee728b)
Start importing Assets/CustomRP/Runtime/Lighting.cs using Guid(98ae4963f0b436048990d0bd05810470) Importer(815301076,1909f56bfc062723c751e8b465ee728b)  -> (artifact id: '00000000000000000000000000000000') in 0.000355 seconds
Import Error Code:(4)
Message: Build asset version error: assets/customrp/runtime/lighting.cs in SourceAssetDB has modification time of '2024-09-18T03:50:32.1130814Z' while content on disk has modification time of '2024-09-18T03:50:41.0316514Z'
  ERROR: Build asset version error: assets/customrp/runtime/lighting.cs in SourceAssetDB has modification time of '2024-09-18T03:50:32.1130814Z' while content on disk has modification time of '2024-09-18T03:50:41.0316514Z'
Number of updated asset objects reloaded before import = 0
Number of asset objects unloaded after import = 0
========================================================================
Received Import Request.
  Time since last request: 0.004934 seconds.
  path: Assets/CustomRP/Runtime/Lighting.cs
  artifactKey: Guid(98ae4963f0b436048990d0bd05810470) Importer(815301076,1909f56bfc062723c751e8b465ee728b)
Start importing Assets/CustomRP/Runtime/Lighting.cs using Guid(98ae4963f0b436048990d0bd05810470) Importer(815301076,1909f56bfc062723c751e8b465ee728b)  -> (artifact id: '00000000000000000000000000000000') in 0.000355 seconds
Import Error Code:(4)
Message: Build asset version error: assets/customrp/runtime/lighting.cs in SourceAssetDB has modification time of '2024-09-18T03:50:32.1130814Z' while content on disk has modification time of '2024-09-18T03:50:41.0316514Z'
  ERROR: Build asset version error: assets/customrp/runtime/lighting.cs in SourceAssetDB has modification time of '2024-09-18T03:50:32.1130814Z' while content on disk has modification time of '2024-09-18T03:50:41.0316514Z'
Number of updated asset objects reloaded before import = 0
Number of asset objects unloaded after import = 0
========================================================================
Received Import Request.
  Time since last request: 0.005238 seconds.
  path: Assets/CustomRP/Runtime/Lighting.cs
  artifactKey: Guid(98ae4963f0b436048990d0bd05810470) Importer(815301076,1909f56bfc062723c751e8b465ee728b)
Start importing Assets/CustomRP/Runtime/Lighting.cs using Guid(98ae4963f0b436048990d0bd05810470) Importer(815301076,1909f56bfc062723c751e8b465ee728b)  -> (artifact id: '00000000000000000000000000000000') in 0.000346 seconds
Import Error Code:(4)
Message: Build asset version error: assets/customrp/runtime/lighting.cs in SourceAssetDB has modification time of '2024-09-18T03:50:32.1130814Z' while content on disk has modification time of '2024-09-18T03:50:41.0316514Z'
  ERROR: Build asset version error: assets/customrp/runtime/lighting.cs in SourceAssetDB has modification time of '2024-09-18T03:50:32.1130814Z' while content on disk has modification time of '2024-09-18T03:50:41.0316514Z'
Number of updated asset objects reloaded before import = 0
Number of asset objects unloaded after import = 0
========================================================================
Received Import Request.
  Time since last request: 0.005896 seconds.
  path: Assets/CustomRP/Runtime/Lighting.cs
  artifactKey: Guid(98ae4963f0b436048990d0bd05810470) Importer(815301076,1909f56bfc062723c751e8b465ee728b)
Start importing Assets/CustomRP/Runtime/Lighting.cs using Guid(98ae4963f0b436048990d0bd05810470) Importer(815301076,1909f56bfc062723c751e8b465ee728b)  -> (artifact id: '00000000000000000000000000000000') in 0.000344 seconds
Import Error Code:(4)
Message: Build asset version error: assets/customrp/runtime/lighting.cs in SourceAssetDB has modification time of '2024-09-18T03:50:32.1130814Z' while content on disk has modification time of '2024-09-18T03:50:41.0316514Z'
  ERROR: Build asset version error: assets/customrp/runtime/lighting.cs in SourceAssetDB has modification time of '2024-09-18T03:50:32.1130814Z' while content on disk has modification time of '2024-09-18T03:50:41.0316514Z'
Number of updated asset objects reloaded before import = 0
Number of asset objects unloaded after import = 0
========================================================================
Received Import Request.
  Time since last request: 0.005748 seconds.
  path: Assets/CustomRP/Runtime/Lighting.cs
  artifactKey: Guid(98ae4963f0b436048990d0bd05810470) Importer(815301076,1909f56bfc062723c751e8b465ee728b)
Start importing Assets/CustomRP/Runtime/Lighting.cs using Guid(98ae4963f0b436048990d0bd05810470) Importer(815301076,1909f56bfc062723c751e8b465ee728b)  -> (artifact id: '00000000000000000000000000000000') in 0.000354 seconds
Import Error Code:(4)
Message: Build asset version error: assets/customrp/runtime/lighting.cs in SourceAssetDB has modification time of '2024-09-18T03:50:32.1130814Z' while content on disk has modification time of '2024-09-18T03:50:41.0316514Z'
  ERROR: Build asset version error: assets/customrp/runtime/lighting.cs in SourceAssetDB has modification time of '2024-09-18T03:50:32.1130814Z' while content on disk has modification time of '2024-09-18T03:50:41.0316514Z'
Number of updated asset objects reloaded before import = 0
Number of asset objects unloaded after import = 0
========================================================================
Received Import Request.
  Time since last request: 0.005383 seconds.
  path: Assets/CustomRP/Runtime/Lighting.cs
  artifactKey: Guid(98ae4963f0b436048990d0bd05810470) Importer(815301076,1909f56bfc062723c751e8b465ee728b)
Start importing Assets/CustomRP/Runtime/Lighting.cs using Guid(98ae4963f0b436048990d0bd05810470) Importer(815301076,1909f56bfc062723c751e8b465ee728b)  -> (artifact id: '00000000000000000000000000000000') in 0.000404 seconds
Import Error Code:(4)
Message: Build asset version error: assets/customrp/runtime/lighting.cs in SourceAssetDB has modification time of '2024-09-18T03:50:32.1130814Z' while content on disk has modification time of '2024-09-18T03:50:41.0316514Z'
  ERROR: Build asset version error: assets/customrp/runtime/lighting.cs in SourceAssetDB has modification time of '2024-09-18T03:50:32.1130814Z' while content on disk has modification time of '2024-09-18T03:50:41.0316514Z'
Number of updated asset objects reloaded before import = 0
Number of asset objects unloaded after import = 0
========================================================================
Received Import Request.
  Time since last request: 0.005954 seconds.
  path: Assets/CustomRP/Runtime/Lighting.cs
  artifactKey: Guid(98ae4963f0b436048990d0bd05810470) Importer(815301076,1909f56bfc062723c751e8b465ee728b)
Start importing Assets/CustomRP/Runtime/Lighting.cs using Guid(98ae4963f0b436048990d0bd05810470) Importer(815301076,1909f56bfc062723c751e8b465ee728b)  -> (artifact id: '00000000000000000000000000000000') in 0.000359 seconds
Import Error Code:(4)
Message: Build asset version error: assets/customrp/runtime/lighting.cs in SourceAssetDB has modification time of '2024-09-18T03:50:32.1130814Z' while content on disk has modification time of '2024-09-18T03:50:41.0316514Z'
  ERROR: Build asset version error: assets/customrp/runtime/lighting.cs in SourceAssetDB has modification time of '2024-09-18T03:50:32.1130814Z' while content on disk has modification time of '2024-09-18T03:50:41.0316514Z'
Number of updated asset objects reloaded before import = 0
Number of asset objects unloaded after import = 0
========================================================================
Received Import Request.
  Time since last request: 0.005787 seconds.
  path: Assets/CustomRP/Runtime/Lighting.cs
  artifactKey: Guid(98ae4963f0b436048990d0bd05810470) Importer(815301076,1909f56bfc062723c751e8b465ee728b)
Start importing Assets/CustomRP/Runtime/Lighting.cs using Guid(98ae4963f0b436048990d0bd05810470) Importer(815301076,1909f56bfc062723c751e8b465ee728b)  -> (artifact id: '00000000000000000000000000000000') in 0.000366 seconds
Import Error Code:(4)
Message: Build asset version error: assets/customrp/runtime/lighting.cs in SourceAssetDB has modification time of '2024-09-18T03:50:32.1130814Z' while content on disk has modification time of '2024-09-18T03:50:41.0316514Z'
  ERROR: Build asset version error: assets/customrp/runtime/lighting.cs in SourceAssetDB has modification time of '2024-09-18T03:50:32.1130814Z' while content on disk has modification time of '2024-09-18T03:50:41.0316514Z'
Number of updated asset objects reloaded before import = 0
Number of asset objects unloaded after import = 0
========================================================================
Received Import Request.
  Time since last request: 0.005516 seconds.
  path: Assets/CustomRP/Runtime/Lighting.cs
  artifactKey: Guid(98ae4963f0b436048990d0bd05810470) Importer(815301076,1909f56bfc062723c751e8b465ee728b)
Start importing Assets/CustomRP/Runtime/Lighting.cs using Guid(98ae4963f0b436048990d0bd05810470) Importer(815301076,1909f56bfc062723c751e8b465ee728b)  -> (artifact id: '00000000000000000000000000000000') in 0.000356 seconds
Import Error Code:(4)
Message: Build asset version error: assets/customrp/runtime/lighting.cs in SourceAssetDB has modification time of '2024-09-18T03:50:32.1130814Z' while content on disk has modification time of '2024-09-18T03:50:41.0316514Z'
  ERROR: Build asset version error: assets/customrp/runtime/lighting.cs in SourceAssetDB has modification time of '2024-09-18T03:50:32.1130814Z' while content on disk has modification time of '2024-09-18T03:50:41.0316514Z'
Number of updated asset objects reloaded before import = 0
Number of asset objects unloaded after import = 0
========================================================================
Received Import Request.
  Time since last request: 0.005414 seconds.
  path: Assets/CustomRP/Runtime/Lighting.cs
  artifactKey: Guid(98ae4963f0b436048990d0bd05810470) Importer(815301076,1909f56bfc062723c751e8b465ee728b)
Start importing Assets/CustomRP/Runtime/Lighting.cs using Guid(98ae4963f0b436048990d0bd05810470) Importer(815301076,1909f56bfc062723c751e8b465ee728b)  -> (artifact id: '00000000000000000000000000000000') in 0.000367 seconds
Import Error Code:(4)
Message: Build asset version error: assets/customrp/runtime/lighting.cs in SourceAssetDB has modification time of '2024-09-18T03:50:32.1130814Z' while content on disk has modification time of '2024-09-18T03:50:41.0316514Z'
  ERROR: Build asset version error: assets/customrp/runtime/lighting.cs in SourceAssetDB has modification time of '2024-09-18T03:50:32.1130814Z' while content on disk has modification time of '2024-09-18T03:50:41.0316514Z'
Number of updated asset objects reloaded before import = 0
Number of asset objects unloaded after import = 0
========================================================================
Received Import Request.
  Time since last request: 0.005288 seconds.
  path: Assets/CustomRP/Runtime/Lighting.cs
  artifactKey: Guid(98ae4963f0b436048990d0bd05810470) Importer(815301076,1909f56bfc062723c751e8b465ee728b)
Start importing Assets/CustomRP/Runtime/Lighting.cs using Guid(98ae4963f0b436048990d0bd05810470) Importer(815301076,1909f56bfc062723c751e8b465ee728b)  -> (artifact id: '00000000000000000000000000000000') in 0.000407 seconds
Import Error Code:(4)
Message: Build asset version error: assets/customrp/runtime/lighting.cs in SourceAssetDB has modification time of '2024-09-18T03:50:32.1130814Z' while content on disk has modification time of '2024-09-18T03:50:41.0316514Z'
  ERROR: Build asset version error: assets/customrp/runtime/lighting.cs in SourceAssetDB has modification time of '2024-09-18T03:50:32.1130814Z' while content on disk has modification time of '2024-09-18T03:50:41.0316514Z'
Number of updated asset objects reloaded before import = 0
Number of asset objects unloaded after import = 0
========================================================================
Received Import Request.
  Time since last request: 0.009973 seconds.
  path: Assets/CustomRP/Runtime/Lighting.cs
  artifactKey: Guid(98ae4963f0b436048990d0bd05810470) Importer(815301076,1909f56bfc062723c751e8b465ee728b)
Start importing Assets/CustomRP/Runtime/Lighting.cs using Guid(98ae4963f0b436048990d0bd05810470) Importer(815301076,1909f56bfc062723c751e8b465ee728b)  -> (artifact id: '00000000000000000000000000000000') in 0.000360 seconds
Import Error Code:(4)
Message: Build asset version error: assets/customrp/runtime/lighting.cs in SourceAssetDB has modification time of '2024-09-18T03:50:32.1130814Z' while content on disk has modification time of '2024-09-18T03:50:41.0316514Z'
  ERROR: Build asset version error: assets/customrp/runtime/lighting.cs in SourceAssetDB has modification time of '2024-09-18T03:50:32.1130814Z' while content on disk has modification time of '2024-09-18T03:50:41.0316514Z'
Number of updated asset objects reloaded before import = 0
Number of asset objects unloaded after import = 0
========================================================================
Received Import Request.
  Time since last request: 0.004906 seconds.
  path: Assets/CustomRP/Runtime/Lighting.cs
  artifactKey: Guid(98ae4963f0b436048990d0bd05810470) Importer(815301076,1909f56bfc062723c751e8b465ee728b)
Start importing Assets/CustomRP/Runtime/Lighting.cs using Guid(98ae4963f0b436048990d0bd05810470) Importer(815301076,1909f56bfc062723c751e8b465ee728b)  -> (artifact id: '00000000000000000000000000000000') in 0.000398 seconds
Import Error Code:(4)
Message: Build asset version error: assets/customrp/runtime/lighting.cs in SourceAssetDB has modification time of '2024-09-18T03:50:32.1130814Z' while content on disk has modification time of '2024-09-18T03:50:41.0316514Z'
  ERROR: Build asset version error: assets/customrp/runtime/lighting.cs in SourceAssetDB has modification time of '2024-09-18T03:50:32.1130814Z' while content on disk has modification time of '2024-09-18T03:50:41.0316514Z'
Number of updated asset objects reloaded before import = 0
Number of asset objects unloaded after import = 0
========================================================================
Received Import Request.
  Time since last request: 0.006012 seconds.
  path: Assets/CustomRP/Runtime/Lighting.cs
  artifactKey: Guid(98ae4963f0b436048990d0bd05810470) Importer(815301076,1909f56bfc062723c751e8b465ee728b)
Start importing Assets/CustomRP/Runtime/Lighting.cs using Guid(98ae4963f0b436048990d0bd05810470) Importer(815301076,1909f56bfc062723c751e8b465ee728b)  -> (artifact id: '00000000000000000000000000000000') in 0.000350 seconds
Import Error Code:(4)
Message: Build asset version error: assets/customrp/runtime/lighting.cs in SourceAssetDB has modification time of '2024-09-18T03:50:32.1130814Z' while content on disk has modification time of '2024-09-18T03:50:41.0316514Z'
  ERROR: Build asset version error: assets/customrp/runtime/lighting.cs in SourceAssetDB has modification time of '2024-09-18T03:50:32.1130814Z' while content on disk has modification time of '2024-09-18T03:50:41.0316514Z'
Number of updated asset objects reloaded before import = 0
Number of asset objects unloaded after import = 0
========================================================================
Received Import Request.
  Time since last request: 0.005233 seconds.
  path: Assets/CustomRP/Runtime/Lighting.cs
  artifactKey: Guid(98ae4963f0b436048990d0bd05810470) Importer(815301076,1909f56bfc062723c751e8b465ee728b)
Start importing Assets/CustomRP/Runtime/Lighting.cs using Guid(98ae4963f0b436048990d0bd05810470) Importer(815301076,1909f56bfc062723c751e8b465ee728b)  -> (artifact id: '00000000000000000000000000000000') in 0.000357 seconds
Import Error Code:(4)
Message: Build asset version error: assets/customrp/runtime/lighting.cs in SourceAssetDB has modification time of '2024-09-18T03:50:32.1130814Z' while content on disk has modification time of '2024-09-18T03:50:41.0316514Z'
  ERROR: Build asset version error: assets/customrp/runtime/lighting.cs in SourceAssetDB has modification time of '2024-09-18T03:50:32.1130814Z' while content on disk has modification time of '2024-09-18T03:50:41.0316514Z'
Number of updated asset objects reloaded before import = 0
Number of asset objects unloaded after import = 0
========================================================================
Received Import Request.
  Time since last request: 0.005748 seconds.
  path: Assets/CustomRP/Runtime/Lighting.cs
  artifactKey: Guid(98ae4963f0b436048990d0bd05810470) Importer(815301076,1909f56bfc062723c751e8b465ee728b)
Start importing Assets/CustomRP/Runtime/Lighting.cs using Guid(98ae4963f0b436048990d0bd05810470) Importer(815301076,1909f56bfc062723c751e8b465ee728b)  -> (artifact id: '00000000000000000000000000000000') in 0.000351 seconds
Import Error Code:(4)
Message: Build asset version error: assets/customrp/runtime/lighting.cs in SourceAssetDB has modification time of '2024-09-18T03:50:32.1130814Z' while content on disk has modification time of '2024-09-18T03:50:41.0316514Z'
  ERROR: Build asset version error: assets/customrp/runtime/lighting.cs in SourceAssetDB has modification time of '2024-09-18T03:50:32.1130814Z' while content on disk has modification time of '2024-09-18T03:50:41.0316514Z'
Number of updated asset objects reloaded before import = 0
Number of asset objects unloaded after import = 0
========================================================================
Received Import Request.
  Time since last request: 0.005112 seconds.
  path: Assets/CustomRP/Runtime/Lighting.cs
  artifactKey: Guid(98ae4963f0b436048990d0bd05810470) Importer(815301076,1909f56bfc062723c751e8b465ee728b)
Start importing Assets/CustomRP/Runtime/Lighting.cs using Guid(98ae4963f0b436048990d0bd05810470) Importer(815301076,1909f56bfc062723c751e8b465ee728b)  -> (artifact id: '00000000000000000000000000000000') in 0.000354 seconds
Import Error Code:(4)
Message: Build asset version error: assets/customrp/runtime/lighting.cs in SourceAssetDB has modification time of '2024-09-18T03:50:32.1130814Z' while content on disk has modification time of '2024-09-18T03:50:41.0316514Z'
  ERROR: Build asset version error: assets/customrp/runtime/lighting.cs in SourceAssetDB has modification time of '2024-09-18T03:50:32.1130814Z' while content on disk has modification time of '2024-09-18T03:50:41.0316514Z'
Number of updated asset objects reloaded before import = 0
Number of asset objects unloaded after import = 0
========================================================================
Received Import Request.
  Time since last request: 0.004943 seconds.
  path: Assets/CustomRP/Runtime/Lighting.cs
  artifactKey: Guid(98ae4963f0b436048990d0bd05810470) Importer(815301076,1909f56bfc062723c751e8b465ee728b)
Start importing Assets/CustomRP/Runtime/Lighting.cs using Guid(98ae4963f0b436048990d0bd05810470) Importer(815301076,1909f56bfc062723c751e8b465ee728b)  -> (artifact id: '00000000000000000000000000000000') in 0.000349 seconds
Import Error Code:(4)
Message: Build asset version error: assets/customrp/runtime/lighting.cs in SourceAssetDB has modification time of '2024-09-18T03:50:32.1130814Z' while content on disk has modification time of '2024-09-18T03:50:41.0316514Z'
  ERROR: Build asset version error: assets/customrp/runtime/lighting.cs in SourceAssetDB has modification time of '2024-09-18T03:50:32.1130814Z' while content on disk has modification time of '2024-09-18T03:50:41.0316514Z'
Number of updated asset objects reloaded before import = 0
Number of asset objects unloaded after import = 0
========================================================================
Received Import Request.
  Time since last request: 0.004770 seconds.
  path: Assets/CustomRP/Runtime/Lighting.cs
  artifactKey: Guid(98ae4963f0b436048990d0bd05810470) Importer(815301076,1909f56bfc062723c751e8b465ee728b)
Start importing Assets/CustomRP/Runtime/Lighting.cs using Guid(98ae4963f0b436048990d0bd05810470) Importer(815301076,1909f56bfc062723c751e8b465ee728b)  -> (artifact id: '00000000000000000000000000000000') in 0.000349 seconds
Import Error Code:(4)
Message: Build asset version error: assets/customrp/runtime/lighting.cs in SourceAssetDB has modification time of '2024-09-18T03:50:32.1130814Z' while content on disk has modification time of '2024-09-18T03:50:41.0316514Z'
  ERROR: Build asset version error: assets/customrp/runtime/lighting.cs in SourceAssetDB has modification time of '2024-09-18T03:50:32.1130814Z' while content on disk has modification time of '2024-09-18T03:50:41.0316514Z'
Number of updated asset objects reloaded before import = 0
Number of asset objects unloaded after import = 0
========================================================================
Received Import Request.
  Time since last request: 0.004708 seconds.
  path: Assets/CustomRP/Runtime/Lighting.cs
  artifactKey: Guid(98ae4963f0b436048990d0bd05810470) Importer(815301076,1909f56bfc062723c751e8b465ee728b)
Start importing Assets/CustomRP/Runtime/Lighting.cs using Guid(98ae4963f0b436048990d0bd05810470) Importer(815301076,1909f56bfc062723c751e8b465ee728b)  -> (artifact id: '00000000000000000000000000000000') in 0.000342 seconds
Import Error Code:(4)
Message: Build asset version error: assets/customrp/runtime/lighting.cs in SourceAssetDB has modification time of '2024-09-18T03:50:32.1130814Z' while content on disk has modification time of '2024-09-18T03:50:41.0316514Z'
  ERROR: Build asset version error: assets/customrp/runtime/lighting.cs in SourceAssetDB has modification time of '2024-09-18T03:50:32.1130814Z' while content on disk has modification time of '2024-09-18T03:50:41.0316514Z'
Number of updated asset objects reloaded before import = 0
Number of asset objects unloaded after import = 0
========================================================================
Received Import Request.
  Time since last request: 0.004769 seconds.
  path: Assets/CustomRP/Runtime/Lighting.cs
  artifactKey: Guid(98ae4963f0b436048990d0bd05810470) Importer(815301076,1909f56bfc062723c751e8b465ee728b)
Start importing Assets/CustomRP/Runtime/Lighting.cs using Guid(98ae4963f0b436048990d0bd05810470) Importer(815301076,1909f56bfc062723c751e8b465ee728b)  -> (artifact id: '00000000000000000000000000000000') in 0.000418 seconds
Import Error Code:(4)
Message: Build asset version error: assets/customrp/runtime/lighting.cs in SourceAssetDB has modification time of '2024-09-18T03:50:32.1130814Z' while content on disk has modification time of '2024-09-18T03:50:41.0316514Z'
  ERROR: Build asset version error: assets/customrp/runtime/lighting.cs in SourceAssetDB has modification time of '2024-09-18T03:50:32.1130814Z' while content on disk has modification time of '2024-09-18T03:50:41.0316514Z'
Number of updated asset objects reloaded before import = 0
Number of asset objects unloaded after import = 0
========================================================================
Received Import Request.
  Time since last request: 0.005104 seconds.
  path: Assets/CustomRP/Runtime/Lighting.cs
  artifactKey: Guid(98ae4963f0b436048990d0bd05810470) Importer(815301076,1909f56bfc062723c751e8b465ee728b)
Start importing Assets/CustomRP/Runtime/Lighting.cs using Guid(98ae4963f0b436048990d0bd05810470) Importer(815301076,1909f56bfc062723c751e8b465ee728b)  -> (artifact id: '00000000000000000000000000000000') in 0.000343 seconds
Import Error Code:(4)
Message: Build asset version error: assets/customrp/runtime/lighting.cs in SourceAssetDB has modification time of '2024-09-18T03:50:32.1130814Z' while content on disk has modification time of '2024-09-18T03:50:41.0316514Z'
  ERROR: Build asset version error: assets/customrp/runtime/lighting.cs in SourceAssetDB has modification time of '2024-09-18T03:50:32.1130814Z' while content on disk has modification time of '2024-09-18T03:50:41.0316514Z'
Number of updated asset objects reloaded before import = 0
Number of asset objects unloaded after import = 0
========================================================================
Received Import Request.
  Time since last request: 0.005217 seconds.
  path: Assets/CustomRP/Runtime/Lighting.cs
  artifactKey: Guid(98ae4963f0b436048990d0bd05810470) Importer(815301076,1909f56bfc062723c751e8b465ee728b)
Start importing Assets/CustomRP/Runtime/Lighting.cs using Guid(98ae4963f0b436048990d0bd05810470) Importer(815301076,1909f56bfc062723c751e8b465ee728b)  -> (artifact id: '00000000000000000000000000000000') in 0.000340 seconds
Import Error Code:(4)
Message: Build asset version error: assets/customrp/runtime/lighting.cs in SourceAssetDB has modification time of '2024-09-18T03:50:32.1130814Z' while content on disk has modification time of '2024-09-18T03:50:41.0316514Z'
  ERROR: Build asset version error: assets/customrp/runtime/lighting.cs in SourceAssetDB has modification time of '2024-09-18T03:50:32.1130814Z' while content on disk has modification time of '2024-09-18T03:50:41.0316514Z'
Number of updated asset objects reloaded before import = 0
Number of asset objects unloaded after import = 0
========================================================================
Received Import Request.
  Time since last request: 0.005044 seconds.
  path: Assets/CustomRP/Runtime/Lighting.cs
  artifactKey: Guid(98ae4963f0b436048990d0bd05810470) Importer(815301076,1909f56bfc062723c751e8b465ee728b)
Start importing Assets/CustomRP/Runtime/Lighting.cs using Guid(98ae4963f0b436048990d0bd05810470) Importer(815301076,1909f56bfc062723c751e8b465ee728b)  -> (artifact id: '00000000000000000000000000000000') in 0.000332 seconds
Import Error Code:(4)
Message: Build asset version error: assets/customrp/runtime/lighting.cs in SourceAssetDB has modification time of '2024-09-18T03:50:32.1130814Z' while content on disk has modification time of '2024-09-18T03:50:41.0316514Z'
  ERROR: Build asset version error: assets/customrp/runtime/lighting.cs in SourceAssetDB has modification time of '2024-09-18T03:50:32.1130814Z' while content on disk has modification time of '2024-09-18T03:50:41.0316514Z'
Number of updated asset objects reloaded before import = 0
Number of asset objects unloaded after import = 0
========================================================================
Received Import Request.
  Time since last request: 0.006130 seconds.
  path: Assets/CustomRP/Runtime/Lighting.cs
  artifactKey: Guid(98ae4963f0b436048990d0bd05810470) Importer(815301076,1909f56bfc062723c751e8b465ee728b)
Start importing Assets/CustomRP/Runtime/Lighting.cs using Guid(98ae4963f0b436048990d0bd05810470) Importer(815301076,1909f56bfc062723c751e8b465ee728b)  -> (artifact id: '00000000000000000000000000000000') in 0.000344 seconds
Import Error Code:(4)
Message: Build asset version error: assets/customrp/runtime/lighting.cs in SourceAssetDB has modification time of '2024-09-18T03:50:32.1130814Z' while content on disk has modification time of '2024-09-18T03:50:41.0316514Z'
  ERROR: Build asset version error: assets/customrp/runtime/lighting.cs in SourceAssetDB has modification time of '2024-09-18T03:50:32.1130814Z' while content on disk has modification time of '2024-09-18T03:50:41.0316514Z'
Number of updated asset objects reloaded before import = 0
Number of asset objects unloaded after import = 0
========================================================================
Received Import Request.
  Time since last request: 0.005701 seconds.
  path: Assets/CustomRP/Runtime/Lighting.cs
  artifactKey: Guid(98ae4963f0b436048990d0bd05810470) Importer(815301076,1909f56bfc062723c751e8b465ee728b)
Start importing Assets/CustomRP/Runtime/Lighting.cs using Guid(98ae4963f0b436048990d0bd05810470) Importer(815301076,1909f56bfc062723c751e8b465ee728b)  -> (artifact id: '00000000000000000000000000000000') in 0.000375 seconds
Import Error Code:(4)
Message: Build asset version error: assets/customrp/runtime/lighting.cs in SourceAssetDB has modification time of '2024-09-18T03:50:32.1130814Z' while content on disk has modification time of '2024-09-18T03:50:41.0316514Z'
  ERROR: Build asset version error: assets/customrp/runtime/lighting.cs in SourceAssetDB has modification time of '2024-09-18T03:50:32.1130814Z' while content on disk has modification time of '2024-09-18T03:50:41.0316514Z'
Number of updated asset objects reloaded before import = 0
Number of asset objects unloaded after import = 0
========================================================================
Received Import Request.
  Time since last request: 0.004932 seconds.
  path: Assets/CustomRP/Runtime/Lighting.cs
  artifactKey: Guid(98ae4963f0b436048990d0bd05810470) Importer(815301076,1909f56bfc062723c751e8b465ee728b)
Start importing Assets/CustomRP/Runtime/Lighting.cs using Guid(98ae4963f0b436048990d0bd05810470) Importer(815301076,1909f56bfc062723c751e8b465ee728b)  -> (artifact id: '00000000000000000000000000000000') in 0.000350 seconds
Import Error Code:(4)
Message: Build asset version error: assets/customrp/runtime/lighting.cs in SourceAssetDB has modification time of '2024-09-18T03:50:32.1130814Z' while content on disk has modification time of '2024-09-18T03:50:41.0316514Z'
  ERROR: Build asset version error: assets/customrp/runtime/lighting.cs in SourceAssetDB has modification time of '2024-09-18T03:50:32.1130814Z' while content on disk has modification time of '2024-09-18T03:50:41.0316514Z'
Number of updated asset objects reloaded before import = 0
Number of asset objects unloaded after import = 0
========================================================================
Received Import Request.
  Time since last request: 0.005488 seconds.
  path: Assets/CustomRP/Runtime/Lighting.cs
  artifactKey: Guid(98ae4963f0b436048990d0bd05810470) Importer(815301076,1909f56bfc062723c751e8b465ee728b)
Start importing Assets/CustomRP/Runtime/Lighting.cs using Guid(98ae4963f0b436048990d0bd05810470) Importer(815301076,1909f56bfc062723c751e8b465ee728b)  -> (artifact id: '00000000000000000000000000000000') in 0.000334 seconds
Import Error Code:(4)
Message: Build asset version error: assets/customrp/runtime/lighting.cs in SourceAssetDB has modification time of '2024-09-18T03:50:32.1130814Z' while content on disk has modification time of '2024-09-18T03:50:41.0316514Z'
  ERROR: Build asset version error: assets/customrp/runtime/lighting.cs in SourceAssetDB has modification time of '2024-09-18T03:50:32.1130814Z' while content on disk has modification time of '2024-09-18T03:50:41.0316514Z'
Number of updated asset objects reloaded before import = 0
Number of asset objects unloaded after import = 0
========================================================================
Received Import Request.
  Time since last request: 0.004957 seconds.
  path: Assets/CustomRP/Runtime/Lighting.cs
  artifactKey: Guid(98ae4963f0b436048990d0bd05810470) Importer(815301076,1909f56bfc062723c751e8b465ee728b)
Start importing Assets/CustomRP/Runtime/Lighting.cs using Guid(98ae4963f0b436048990d0bd05810470) Importer(815301076,1909f56bfc062723c751e8b465ee728b)  -> (artifact id: '00000000000000000000000000000000') in 0.000340 seconds
Import Error Code:(4)
Message: Build asset version error: assets/customrp/runtime/lighting.cs in SourceAssetDB has modification time of '2024-09-18T03:50:32.1130814Z' while content on disk has modification time of '2024-09-18T03:50:41.0316514Z'
  ERROR: Build asset version error: assets/customrp/runtime/lighting.cs in SourceAssetDB has modification time of '2024-09-18T03:50:32.1130814Z' while content on disk has modification time of '2024-09-18T03:50:41.0316514Z'
Number of updated asset objects reloaded before import = 0
Number of asset objects unloaded after import = 0
========================================================================
Received Import Request.
  Time since last request: 0.005278 seconds.
  path: Assets/CustomRP/Runtime/Lighting.cs
  artifactKey: Guid(98ae4963f0b436048990d0bd05810470) Importer(815301076,1909f56bfc062723c751e8b465ee728b)
Start importing Assets/CustomRP/Runtime/Lighting.cs using Guid(98ae4963f0b436048990d0bd05810470) Importer(815301076,1909f56bfc062723c751e8b465ee728b)  -> (artifact id: '00000000000000000000000000000000') in 0.000336 seconds
Import Error Code:(4)
Message: Build asset version error: assets/customrp/runtime/lighting.cs in SourceAssetDB has modification time of '2024-09-18T03:50:32.1130814Z' while content on disk has modification time of '2024-09-18T03:50:41.0316514Z'
  ERROR: Build asset version error: assets/customrp/runtime/lighting.cs in SourceAssetDB has modification time of '2024-09-18T03:50:32.1130814Z' while content on disk has modification time of '2024-09-18T03:50:41.0316514Z'
Number of updated asset objects reloaded before import = 0
Number of asset objects unloaded after import = 0
========================================================================
Received Import Request.
  Time since last request: 0.004773 seconds.
  path: Assets/CustomRP/Runtime/Lighting.cs
  artifactKey: Guid(98ae4963f0b436048990d0bd05810470) Importer(815301076,1909f56bfc062723c751e8b465ee728b)
Start importing Assets/CustomRP/Runtime/Lighting.cs using Guid(98ae4963f0b436048990d0bd05810470) Importer(815301076,1909f56bfc062723c751e8b465ee728b)  -> (artifact id: '00000000000000000000000000000000') in 0.000313 seconds
Import Error Code:(4)
Message: Build asset version error: assets/customrp/runtime/lighting.cs in SourceAssetDB has modification time of '2024-09-18T03:50:32.1130814Z' while content on disk has modification time of '2024-09-18T03:50:41.0316514Z'
  ERROR: Build asset version error: assets/customrp/runtime/lighting.cs in SourceAssetDB has modification time of '2024-09-18T03:50:32.1130814Z' while content on disk has modification time of '2024-09-18T03:50:41.0316514Z'
Number of updated asset objects reloaded before import = 0
Number of asset objects unloaded after import = 0
========================================================================
Received Import Request.
  Time since last request: 0.004674 seconds.
  path: Assets/CustomRP/Runtime/Lighting.cs
  artifactKey: Guid(98ae4963f0b436048990d0bd05810470) Importer(815301076,1909f56bfc062723c751e8b465ee728b)
Start importing Assets/CustomRP/Runtime/Lighting.cs using Guid(98ae4963f0b436048990d0bd05810470) Importer(815301076,1909f56bfc062723c751e8b465ee728b)  -> (artifact id: '00000000000000000000000000000000') in 0.000317 seconds
Import Error Code:(4)
Message: Build asset version error: assets/customrp/runtime/lighting.cs in SourceAssetDB has modification time of '2024-09-18T03:50:32.1130814Z' while content on disk has modification time of '2024-09-18T03:50:41.0316514Z'
  ERROR: Build asset version error: assets/customrp/runtime/lighting.cs in SourceAssetDB has modification time of '2024-09-18T03:50:32.1130814Z' while content on disk has modification time of '2024-09-18T03:50:41.0316514Z'
Number of updated asset objects reloaded before import = 0
Number of asset objects unloaded after import = 0
========================================================================
Received Import Request.
  Time since last request: 0.004545 seconds.
  path: Assets/CustomRP/Runtime/Lighting.cs
  artifactKey: Guid(98ae4963f0b436048990d0bd05810470) Importer(815301076,1909f56bfc062723c751e8b465ee728b)
Start importing Assets/CustomRP/Runtime/Lighting.cs using Guid(98ae4963f0b436048990d0bd05810470) Importer(815301076,1909f56bfc062723c751e8b465ee728b)  -> (artifact id: '00000000000000000000000000000000') in 0.000337 seconds
Import Error Code:(4)
Message: Build asset version error: assets/customrp/runtime/lighting.cs in SourceAssetDB has modification time of '2024-09-18T03:50:32.1130814Z' while content on disk has modification time of '2024-09-18T03:50:41.0316514Z'
  ERROR: Build asset version error: assets/customrp/runtime/lighting.cs in SourceAssetDB has modification time of '2024-09-18T03:50:32.1130814Z' while content on disk has modification time of '2024-09-18T03:50:41.0316514Z'
Number of updated asset objects reloaded before import = 0
Number of asset objects unloaded after import = 0
========================================================================
Received Import Request.
  Time since last request: 0.005222 seconds.
  path: Assets/CustomRP/Runtime/Lighting.cs
  artifactKey: Guid(98ae4963f0b436048990d0bd05810470) Importer(815301076,1909f56bfc062723c751e8b465ee728b)
Start importing Assets/CustomRP/Runtime/Lighting.cs using Guid(98ae4963f0b436048990d0bd05810470) Importer(815301076,1909f56bfc062723c751e8b465ee728b)  -> (artifact id: '00000000000000000000000000000000') in 0.000447 seconds
Import Error Code:(4)
Message: Build asset version error: assets/customrp/runtime/lighting.cs in SourceAssetDB has modification time of '2024-09-18T03:50:32.1130814Z' while content on disk has modification time of '2024-09-18T03:50:41.0316514Z'
  ERROR: Build asset version error: assets/customrp/runtime/lighting.cs in SourceAssetDB has modification time of '2024-09-18T03:50:32.1130814Z' while content on disk has modification time of '2024-09-18T03:50:41.0316514Z'
Number of updated asset objects reloaded before import = 0
Number of asset objects unloaded after import = 0
========================================================================
Received Import Request.
  Time since last request: 0.004781 seconds.
  path: Assets/CustomRP/Runtime/Lighting.cs
  artifactKey: Guid(98ae4963f0b436048990d0bd05810470) Importer(815301076,1909f56bfc062723c751e8b465ee728b)
Start importing Assets/CustomRP/Runtime/Lighting.cs using Guid(98ae4963f0b436048990d0bd05810470) Importer(815301076,1909f56bfc062723c751e8b465ee728b)  -> (artifact id: '00000000000000000000000000000000') in 0.000319 seconds
Import Error Code:(4)
Message: Build asset version error: assets/customrp/runtime/lighting.cs in SourceAssetDB has modification time of '2024-09-18T03:50:32.1130814Z' while content on disk has modification time of '2024-09-18T03:50:41.0316514Z'
  ERROR: Build asset version error: assets/customrp/runtime/lighting.cs in SourceAssetDB has modification time of '2024-09-18T03:50:32.1130814Z' while content on disk has modification time of '2024-09-18T03:50:41.0316514Z'
Number of updated asset objects reloaded before import = 0
Number of asset objects unloaded after import = 0
========================================================================
Received Import Request.
  Time since last request: 0.005235 seconds.
  path: Assets/CustomRP/Runtime/Lighting.cs
  artifactKey: Guid(98ae4963f0b436048990d0bd05810470) Importer(815301076,1909f56bfc062723c751e8b465ee728b)
Start importing Assets/CustomRP/Runtime/Lighting.cs using Guid(98ae4963f0b436048990d0bd05810470) Importer(815301076,1909f56bfc062723c751e8b465ee728b)  -> (artifact id: '00000000000000000000000000000000') in 0.000333 seconds
Import Error Code:(4)
Message: Build asset version error: assets/customrp/runtime/lighting.cs in SourceAssetDB has modification time of '2024-09-18T03:50:32.1130814Z' while content on disk has modification time of '2024-09-18T03:50:41.0316514Z'
  ERROR: Build asset version error: assets/customrp/runtime/lighting.cs in SourceAssetDB has modification time of '2024-09-18T03:50:32.1130814Z' while content on disk has modification time of '2024-09-18T03:50:41.0316514Z'
Number of updated asset objects reloaded before import = 0
Number of asset objects unloaded after import = 0
========================================================================
Received Import Request.
  Time since last request: 0.005479 seconds.
  path: Assets/CustomRP/Runtime/Lighting.cs
  artifactKey: Guid(98ae4963f0b436048990d0bd05810470) Importer(815301076,1909f56bfc062723c751e8b465ee728b)
Start importing Assets/CustomRP/Runtime/Lighting.cs using Guid(98ae4963f0b436048990d0bd05810470) Importer(815301076,1909f56bfc062723c751e8b465ee728b)  -> (artifact id: '00000000000000000000000000000000') in 0.000327 seconds
Import Error Code:(4)
Message: Build asset version error: assets/customrp/runtime/lighting.cs in SourceAssetDB has modification time of '2024-09-18T03:50:32.1130814Z' while content on disk has modification time of '2024-09-18T03:50:41.0316514Z'
  ERROR: Build asset version error: assets/customrp/runtime/lighting.cs in SourceAssetDB has modification time of '2024-09-18T03:50:32.1130814Z' while content on disk has modification time of '2024-09-18T03:50:41.0316514Z'
Number of updated asset objects reloaded before import = 0
Number of asset objects unloaded after import = 0
========================================================================
Received Import Request.
  Time since last request: 0.004970 seconds.
  path: Assets/CustomRP/Runtime/Lighting.cs
  artifactKey: Guid(98ae4963f0b436048990d0bd05810470) Importer(815301076,1909f56bfc062723c751e8b465ee728b)
Start importing Assets/CustomRP/Runtime/Lighting.cs using Guid(98ae4963f0b436048990d0bd05810470) Importer(815301076,1909f56bfc062723c751e8b465ee728b)  -> (artifact id: '00000000000000000000000000000000') in 0.000301 seconds
Import Error Code:(4)
Message: Build asset version error: assets/customrp/runtime/lighting.cs in SourceAssetDB has modification time of '2024-09-18T03:50:32.1130814Z' while content on disk has modification time of '2024-09-18T03:50:41.0316514Z'
  ERROR: Build asset version error: assets/customrp/runtime/lighting.cs in SourceAssetDB has modification time of '2024-09-18T03:50:32.1130814Z' while content on disk has modification time of '2024-09-18T03:50:41.0316514Z'
Number of updated asset objects reloaded before import = 0
Number of asset objects unloaded after import = 0
========================================================================
Received Import Request.
  Time since last request: 0.004900 seconds.
  path: Assets/CustomRP/Runtime/Lighting.cs
  artifactKey: Guid(98ae4963f0b436048990d0bd05810470) Importer(815301076,1909f56bfc062723c751e8b465ee728b)
Start importing Assets/CustomRP/Runtime/Lighting.cs using Guid(98ae4963f0b436048990d0bd05810470) Importer(815301076,1909f56bfc062723c751e8b465ee728b)  -> (artifact id: '00000000000000000000000000000000') in 0.000330 seconds
Import Error Code:(4)
Message: Build asset version error: assets/customrp/runtime/lighting.cs in SourceAssetDB has modification time of '2024-09-18T03:50:32.1130814Z' while content on disk has modification time of '2024-09-18T03:50:41.0316514Z'
  ERROR: Build asset version error: assets/customrp/runtime/lighting.cs in SourceAssetDB has modification time of '2024-09-18T03:50:32.1130814Z' while content on disk has modification time of '2024-09-18T03:50:41.0316514Z'
Number of updated asset objects reloaded before import = 0
Number of asset objects unloaded after import = 0
========================================================================
Received Import Request.
  Time since last request: 0.005502 seconds.
  path: Assets/CustomRP/Runtime/Lighting.cs
  artifactKey: Guid(98ae4963f0b436048990d0bd05810470) Importer(815301076,1909f56bfc062723c751e8b465ee728b)
Start importing Assets/CustomRP/Runtime/Lighting.cs using Guid(98ae4963f0b436048990d0bd05810470) Importer(815301076,1909f56bfc062723c751e8b465ee728b)  -> (artifact id: '00000000000000000000000000000000') in 0.000352 seconds
Import Error Code:(4)
Message: Build asset version error: assets/customrp/runtime/lighting.cs in SourceAssetDB has modification time of '2024-09-18T03:50:32.1130814Z' while content on disk has modification time of '2024-09-18T03:50:41.0316514Z'
  ERROR: Build asset version error: assets/customrp/runtime/lighting.cs in SourceAssetDB has modification time of '2024-09-18T03:50:32.1130814Z' while content on disk has modification time of '2024-09-18T03:50:41.0316514Z'
Number of updated asset objects reloaded before import = 0
Number of asset objects unloaded after import = 0
========================================================================
Received Import Request.
  Time since last request: 0.004642 seconds.
  path: Assets/CustomRP/Runtime/Lighting.cs
  artifactKey: Guid(98ae4963f0b436048990d0bd05810470) Importer(815301076,1909f56bfc062723c751e8b465ee728b)
Start importing Assets/CustomRP/Runtime/Lighting.cs using Guid(98ae4963f0b436048990d0bd05810470) Importer(815301076,1909f56bfc062723c751e8b465ee728b)  -> (artifact id: '00000000000000000000000000000000') in 0.000291 seconds
Import Error Code:(4)
Message: Build asset version error: assets/customrp/runtime/lighting.cs in SourceAssetDB has modification time of '2024-09-18T03:50:32.1130814Z' while content on disk has modification time of '2024-09-18T03:50:41.0316514Z'
  ERROR: Build asset version error: assets/customrp/runtime/lighting.cs in SourceAssetDB has modification time of '2024-09-18T03:50:32.1130814Z' while content on disk has modification time of '2024-09-18T03:50:41.0316514Z'
Number of updated asset objects reloaded before import = 0
Number of asset objects unloaded after import = 0
========================================================================
Received Import Request.
  Time since last request: 0.005000 seconds.
  path: Assets/CustomRP/Runtime/Lighting.cs
  artifactKey: Guid(98ae4963f0b436048990d0bd05810470) Importer(815301076,1909f56bfc062723c751e8b465ee728b)
Start importing Assets/CustomRP/Runtime/Lighting.cs using Guid(98ae4963f0b436048990d0bd05810470) Importer(815301076,1909f56bfc062723c751e8b465ee728b)  -> (artifact id: '00000000000000000000000000000000') in 0.000349 seconds
Import Error Code:(4)
Message: Build asset version error: assets/customrp/runtime/lighting.cs in SourceAssetDB has modification time of '2024-09-18T03:50:32.1130814Z' while content on disk has modification time of '2024-09-18T03:50:41.0316514Z'
  ERROR: Build asset version error: assets/customrp/runtime/lighting.cs in SourceAssetDB has modification time of '2024-09-18T03:50:32.1130814Z' while content on disk has modification time of '2024-09-18T03:50:41.0316514Z'
Number of updated asset objects reloaded before import = 0
Number of asset objects unloaded after import = 0
========================================================================
Received Import Request.
  Time since last request: 0.004642 seconds.
  path: Assets/CustomRP/Runtime/Lighting.cs
  artifactKey: Guid(98ae4963f0b436048990d0bd05810470) Importer(815301076,1909f56bfc062723c751e8b465ee728b)
Start importing Assets/CustomRP/Runtime/Lighting.cs using Guid(98ae4963f0b436048990d0bd05810470) Importer(815301076,1909f56bfc062723c751e8b465ee728b)  -> (artifact id: '00000000000000000000000000000000') in 0.000297 seconds
Import Error Code:(4)
Message: Build asset version error: assets/customrp/runtime/lighting.cs in SourceAssetDB has modification time of '2024-09-18T03:50:32.1130814Z' while content on disk has modification time of '2024-09-18T03:50:41.0316514Z'
  ERROR: Build asset version error: assets/customrp/runtime/lighting.cs in SourceAssetDB has modification time of '2024-09-18T03:50:32.1130814Z' while content on disk has modification time of '2024-09-18T03:50:41.0316514Z'
Number of updated asset objects reloaded before import = 0
Number of asset objects unloaded after import = 0
========================================================================
Received Import Request.
  Time since last request: 0.004742 seconds.
  path: Assets/CustomRP/Runtime/Lighting.cs
  artifactKey: Guid(98ae4963f0b436048990d0bd05810470) Importer(815301076,1909f56bfc062723c751e8b465ee728b)
Start importing Assets/CustomRP/Runtime/Lighting.cs using Guid(98ae4963f0b436048990d0bd05810470) Importer(815301076,1909f56bfc062723c751e8b465ee728b)  -> (artifact id: '00000000000000000000000000000000') in 0.000282 seconds
Import Error Code:(4)
Message: Build asset version error: assets/customrp/runtime/lighting.cs in SourceAssetDB has modification time of '2024-09-18T03:50:32.1130814Z' while content on disk has modification time of '2024-09-18T03:50:41.0316514Z'
  ERROR: Build asset version error: assets/customrp/runtime/lighting.cs in SourceAssetDB has modification time of '2024-09-18T03:50:32.1130814Z' while content on disk has modification time of '2024-09-18T03:50:41.0316514Z'
Number of updated asset objects reloaded before import = 0
Number of asset objects unloaded after import = 0
========================================================================
Received Import Request.
  Time since last request: 0.005442 seconds.
  path: Assets/CustomRP/Runtime/Lighting.cs
  artifactKey: Guid(98ae4963f0b436048990d0bd05810470) Importer(815301076,1909f56bfc062723c751e8b465ee728b)
Start importing Assets/CustomRP/Runtime/Lighting.cs using Guid(98ae4963f0b436048990d0bd05810470) Importer(815301076,1909f56bfc062723c751e8b465ee728b)  -> (artifact id: '00000000000000000000000000000000') in 0.000372 seconds
Import Error Code:(4)
Message: Build asset version error: assets/customrp/runtime/lighting.cs in SourceAssetDB has modification time of '2024-09-18T03:50:32.1130814Z' while content on disk has modification time of '2024-09-18T03:50:41.0316514Z'
  ERROR: Build asset version error: assets/customrp/runtime/lighting.cs in SourceAssetDB has modification time of '2024-09-18T03:50:32.1130814Z' while content on disk has modification time of '2024-09-18T03:50:41.0316514Z'
Number of updated asset objects reloaded before import = 0
Number of asset objects unloaded after import = 0
========================================================================
Received Import Request.
  Time since last request: 0.004808 seconds.
  path: Assets/CustomRP/Runtime/Lighting.cs
  artifactKey: Guid(98ae4963f0b436048990d0bd05810470) Importer(815301076,1909f56bfc062723c751e8b465ee728b)
Start importing Assets/CustomRP/Runtime/Lighting.cs using Guid(98ae4963f0b436048990d0bd05810470) Importer(815301076,1909f56bfc062723c751e8b465ee728b)  -> (artifact id: '00000000000000000000000000000000') in 0.000295 seconds
Import Error Code:(4)
Message: Build asset version error: assets/customrp/runtime/lighting.cs in SourceAssetDB has modification time of '2024-09-18T03:50:32.1130814Z' while content on disk has modification time of '2024-09-18T03:50:41.0316514Z'
  ERROR: Build asset version error: assets/customrp/runtime/lighting.cs in SourceAssetDB has modification time of '2024-09-18T03:50:32.1130814Z' while content on disk has modification time of '2024-09-18T03:50:41.0316514Z'
Number of updated asset objects reloaded before import = 0
Number of asset objects unloaded after import = 0
========================================================================
Received Import Request.
  Time since last request: 0.004365 seconds.
  path: Assets/CustomRP/Runtime/Lighting.cs
  artifactKey: Guid(98ae4963f0b436048990d0bd05810470) Importer(815301076,1909f56bfc062723c751e8b465ee728b)
Start importing Assets/CustomRP/Runtime/Lighting.cs using Guid(98ae4963f0b436048990d0bd05810470) Importer(815301076,1909f56bfc062723c751e8b465ee728b)  -> (artifact id: '00000000000000000000000000000000') in 0.000282 seconds
Import Error Code:(4)
Message: Build asset version error: assets/customrp/runtime/lighting.cs in SourceAssetDB has modification time of '2024-09-18T03:50:32.1130814Z' while content on disk has modification time of '2024-09-18T03:50:41.0316514Z'
  ERROR: Build asset version error: assets/customrp/runtime/lighting.cs in SourceAssetDB has modification time of '2024-09-18T03:50:32.1130814Z' while content on disk has modification time of '2024-09-18T03:50:41.0316514Z'
Number of updated asset objects reloaded before import = 0
Number of asset objects unloaded after import = 0
========================================================================
Received Import Request.
  Time since last request: 0.005476 seconds.
  path: Assets/CustomRP/Runtime/Lighting.cs
  artifactKey: Guid(98ae4963f0b436048990d0bd05810470) Importer(815301076,1909f56bfc062723c751e8b465ee728b)
Start importing Assets/CustomRP/Runtime/Lighting.cs using Guid(98ae4963f0b436048990d0bd05810470) Importer(815301076,1909f56bfc062723c751e8b465ee728b)  -> (artifact id: '00000000000000000000000000000000') in 0.000335 seconds
Import Error Code:(4)
Message: Build asset version error: assets/customrp/runtime/lighting.cs in SourceAssetDB has modification time of '2024-09-18T03:50:32.1130814Z' while content on disk has modification time of '2024-09-18T03:50:41.0316514Z'
  ERROR: Build asset version error: assets/customrp/runtime/lighting.cs in SourceAssetDB has modification time of '2024-09-18T03:50:32.1130814Z' while content on disk has modification time of '2024-09-18T03:50:41.0316514Z'
Number of updated asset objects reloaded before import = 0
Number of asset objects unloaded after import = 0
========================================================================
Received Import Request.
  Time since last request: 0.004516 seconds.
  path: Assets/CustomRP/Runtime/Lighting.cs
  artifactKey: Guid(98ae4963f0b436048990d0bd05810470) Importer(815301076,1909f56bfc062723c751e8b465ee728b)
Start importing Assets/CustomRP/Runtime/Lighting.cs using Guid(98ae4963f0b436048990d0bd05810470) Importer(815301076,1909f56bfc062723c751e8b465ee728b)  -> (artifact id: '00000000000000000000000000000000') in 0.000322 seconds
Import Error Code:(4)
Message: Build asset version error: assets/customrp/runtime/lighting.cs in SourceAssetDB has modification time of '2024-09-18T03:50:32.1130814Z' while content on disk has modification time of '2024-09-18T03:50:41.0316514Z'
  ERROR: Build asset version error: assets/customrp/runtime/lighting.cs in SourceAssetDB has modification time of '2024-09-18T03:50:32.1130814Z' while content on disk has modification time of '2024-09-18T03:50:41.0316514Z'
Number of updated asset objects reloaded before import = 0
Number of asset objects unloaded after import = 0
========================================================================
Received Import Request.
  Time since last request: 0.004559 seconds.
  path: Assets/CustomRP/Runtime/Lighting.cs
  artifactKey: Guid(98ae4963f0b436048990d0bd05810470) Importer(815301076,1909f56bfc062723c751e8b465ee728b)
Start importing Assets/CustomRP/Runtime/Lighting.cs using Guid(98ae4963f0b436048990d0bd05810470) Importer(815301076,1909f56bfc062723c751e8b465ee728b)  -> (artifact id: '00000000000000000000000000000000') in 0.000283 seconds
Import Error Code:(4)
Message: Build asset version error: assets/customrp/runtime/lighting.cs in SourceAssetDB has modification time of '2024-09-18T03:50:32.1130814Z' while content on disk has modification time of '2024-09-18T03:50:41.0316514Z'
  ERROR: Build asset version error: assets/customrp/runtime/lighting.cs in SourceAssetDB has modification time of '2024-09-18T03:50:32.1130814Z' while content on disk has modification time of '2024-09-18T03:50:41.0316514Z'
Number of updated asset objects reloaded before import = 0
Number of asset objects unloaded after import = 0
========================================================================
Received Import Request.
  Time since last request: 0.004579 seconds.
  path: Assets/CustomRP/Runtime/Lighting.cs
  artifactKey: Guid(98ae4963f0b436048990d0bd05810470) Importer(815301076,1909f56bfc062723c751e8b465ee728b)
Start importing Assets/CustomRP/Runtime/Lighting.cs using Guid(98ae4963f0b436048990d0bd05810470) Importer(815301076,1909f56bfc062723c751e8b465ee728b)  -> (artifact id: '00000000000000000000000000000000') in 0.000318 seconds
Import Error Code:(4)
Message: Build asset version error: assets/customrp/runtime/lighting.cs in SourceAssetDB has modification time of '2024-09-18T03:50:32.1130814Z' while content on disk has modification time of '2024-09-18T03:50:41.0316514Z'
  ERROR: Build asset version error: assets/customrp/runtime/lighting.cs in SourceAssetDB has modification time of '2024-09-18T03:50:32.1130814Z' while content on disk has modification time of '2024-09-18T03:50:41.0316514Z'
Number of updated asset objects reloaded before import = 0
Number of asset objects unloaded after import = 0
========================================================================
Received Import Request.
  Time since last request: 0.004045 seconds.
  path: Assets/CustomRP/Runtime/Lighting.cs
  artifactKey: Guid(98ae4963f0b436048990d0bd05810470) Importer(815301076,1909f56bfc062723c751e8b465ee728b)
Start importing Assets/CustomRP/Runtime/Lighting.cs using Guid(98ae4963f0b436048990d0bd05810470) Importer(815301076,1909f56bfc062723c751e8b465ee728b)  -> (artifact id: '00000000000000000000000000000000') in 0.000275 seconds
Import Error Code:(4)
Message: Build asset version error: assets/customrp/runtime/lighting.cs in SourceAssetDB has modification time of '2024-09-18T03:50:32.1130814Z' while content on disk has modification time of '2024-09-18T03:50:41.0316514Z'
  ERROR: Build asset version error: assets/customrp/runtime/lighting.cs in SourceAssetDB has modification time of '2024-09-18T03:50:32.1130814Z' while content on disk has modification time of '2024-09-18T03:50:41.0316514Z'
Number of updated asset objects reloaded before import = 0
Number of asset objects unloaded after import = 0
========================================================================
Received Import Request.
  Time since last request: 0.004154 seconds.
  path: Assets/CustomRP/Runtime/Lighting.cs
  artifactKey: Guid(98ae4963f0b436048990d0bd05810470) Importer(815301076,1909f56bfc062723c751e8b465ee728b)
Start importing Assets/CustomRP/Runtime/Lighting.cs using Guid(98ae4963f0b436048990d0bd05810470) Importer(815301076,1909f56bfc062723c751e8b465ee728b)  -> (artifact id: '00000000000000000000000000000000') in 0.000282 seconds
Import Error Code:(4)
Message: Build asset version error: assets/customrp/runtime/lighting.cs in SourceAssetDB has modification time of '2024-09-18T03:50:32.1130814Z' while content on disk has modification time of '2024-09-18T03:50:41.0316514Z'
  ERROR: Build asset version error: assets/customrp/runtime/lighting.cs in SourceAssetDB has modification time of '2024-09-18T03:50:32.1130814Z' while content on disk has modification time of '2024-09-18T03:50:41.0316514Z'
Number of updated asset objects reloaded before import = 0
Number of asset objects unloaded after import = 0
========================================================================
Received Import Request.
  Time since last request: 0.004499 seconds.
  path: Assets/CustomRP/Runtime/Lighting.cs
  artifactKey: Guid(98ae4963f0b436048990d0bd05810470) Importer(815301076,1909f56bfc062723c751e8b465ee728b)
Start importing Assets/CustomRP/Runtime/Lighting.cs using Guid(98ae4963f0b436048990d0bd05810470) Importer(815301076,1909f56bfc062723c751e8b465ee728b)  -> (artifact id: '00000000000000000000000000000000') in 0.000337 seconds
Import Error Code:(4)
Message: Build asset version error: assets/customrp/runtime/lighting.cs in SourceAssetDB has modification time of '2024-09-18T03:50:32.1130814Z' while content on disk has modification time of '2024-09-18T03:50:41.0316514Z'
  ERROR: Build asset version error: assets/customrp/runtime/lighting.cs in SourceAssetDB has modification time of '2024-09-18T03:50:32.1130814Z' while content on disk has modification time of '2024-09-18T03:50:41.0316514Z'
Number of updated asset objects reloaded before import = 0
Number of asset objects unloaded after import = 0
========================================================================
Received Import Request.
  Time since last request: 0.004513 seconds.
  path: Assets/CustomRP/Runtime/Lighting.cs
  artifactKey: Guid(98ae4963f0b436048990d0bd05810470) Importer(815301076,1909f56bfc062723c751e8b465ee728b)
Start importing Assets/CustomRP/Runtime/Lighting.cs using Guid(98ae4963f0b436048990d0bd05810470) Importer(815301076,1909f56bfc062723c751e8b465ee728b)  -> (artifact id: '00000000000000000000000000000000') in 0.000296 seconds
Import Error Code:(4)
Message: Build asset version error: assets/customrp/runtime/lighting.cs in SourceAssetDB has modification time of '2024-09-18T03:50:32.1130814Z' while content on disk has modification time of '2024-09-18T03:50:41.0316514Z'
  ERROR: Build asset version error: assets/customrp/runtime/lighting.cs in SourceAssetDB has modification time of '2024-09-18T03:50:32.1130814Z' while content on disk has modification time of '2024-09-18T03:50:41.0316514Z'
Number of updated asset objects reloaded before import = 0
Number of asset objects unloaded after import = 0
========================================================================
Received Import Request.
  Time since last request: 0.004405 seconds.
  path: Assets/CustomRP/Runtime/Lighting.cs
  artifactKey: Guid(98ae4963f0b436048990d0bd05810470) Importer(815301076,1909f56bfc062723c751e8b465ee728b)
Start importing Assets/CustomRP/Runtime/Lighting.cs using Guid(98ae4963f0b436048990d0bd05810470) Importer(815301076,1909f56bfc062723c751e8b465ee728b)  -> (artifact id: '00000000000000000000000000000000') in 0.000321 seconds
Import Error Code:(4)
Message: Build asset version error: assets/customrp/runtime/lighting.cs in SourceAssetDB has modification time of '2024-09-18T03:50:32.1130814Z' while content on disk has modification time of '2024-09-18T03:50:41.0316514Z'
  ERROR: Build asset version error: assets/customrp/runtime/lighting.cs in SourceAssetDB has modification time of '2024-09-18T03:50:32.1130814Z' while content on disk has modification time of '2024-09-18T03:50:41.0316514Z'
Number of updated asset objects reloaded before import = 0
Number of asset objects unloaded after import = 0
========================================================================
Received Import Request.
  Time since last request: 0.004669 seconds.
  path: Assets/CustomRP/Runtime/Lighting.cs
  artifactKey: Guid(98ae4963f0b436048990d0bd05810470) Importer(815301076,1909f56bfc062723c751e8b465ee728b)
Start importing Assets/CustomRP/Runtime/Lighting.cs using Guid(98ae4963f0b436048990d0bd05810470) Importer(815301076,1909f56bfc062723c751e8b465ee728b)  -> (artifact id: '00000000000000000000000000000000') in 0.000306 seconds
Import Error Code:(4)
Message: Build asset version error: assets/customrp/runtime/lighting.cs in SourceAssetDB has modification time of '2024-09-18T03:50:32.1130814Z' while content on disk has modification time of '2024-09-18T03:50:41.0316514Z'
  ERROR: Build asset version error: assets/customrp/runtime/lighting.cs in SourceAssetDB has modification time of '2024-09-18T03:50:32.1130814Z' while content on disk has modification time of '2024-09-18T03:50:41.0316514Z'
Number of updated asset objects reloaded before import = 0
Number of asset objects unloaded after import = 0
========================================================================
Received Import Request.
  Time since last request: 0.004787 seconds.
  path: Assets/CustomRP/Runtime/Lighting.cs
  artifactKey: Guid(98ae4963f0b436048990d0bd05810470) Importer(815301076,1909f56bfc062723c751e8b465ee728b)
Start importing Assets/CustomRP/Runtime/Lighting.cs using Guid(98ae4963f0b436048990d0bd05810470) Importer(815301076,1909f56bfc062723c751e8b465ee728b)  -> (artifact id: '00000000000000000000000000000000') in 0.000304 seconds
Import Error Code:(4)
Message: Build asset version error: assets/customrp/runtime/lighting.cs in SourceAssetDB has modification time of '2024-09-18T03:50:32.1130814Z' while content on disk has modification time of '2024-09-18T03:50:41.0316514Z'
  ERROR: Build asset version error: assets/customrp/runtime/lighting.cs in SourceAssetDB has modification time of '2024-09-18T03:50:32.1130814Z' while content on disk has modification time of '2024-09-18T03:50:41.0316514Z'
Number of updated asset objects reloaded before import = 0
Number of asset objects unloaded after import = 0
========================================================================
Received Import Request.
  Time since last request: 0.004502 seconds.
  path: Assets/CustomRP/Runtime/Lighting.cs
  artifactKey: Guid(98ae4963f0b436048990d0bd05810470) Importer(815301076,1909f56bfc062723c751e8b465ee728b)
Start importing Assets/CustomRP/Runtime/Lighting.cs using Guid(98ae4963f0b436048990d0bd05810470) Importer(815301076,1909f56bfc062723c751e8b465ee728b)  -> (artifact id: '00000000000000000000000000000000') in 0.000282 seconds
Import Error Code:(4)
Message: Build asset version error: assets/customrp/runtime/lighting.cs in SourceAssetDB has modification time of '2024-09-18T03:50:32.1130814Z' while content on disk has modification time of '2024-09-18T03:50:41.0316514Z'
  ERROR: Build asset version error: assets/customrp/runtime/lighting.cs in SourceAssetDB has modification time of '2024-09-18T03:50:32.1130814Z' while content on disk has modification time of '2024-09-18T03:50:41.0316514Z'
Number of updated asset objects reloaded before import = 0
Number of asset objects unloaded after import = 0
========================================================================
Received Import Request.
  Time since last request: 0.004714 seconds.
  path: Assets/CustomRP/Runtime/Lighting.cs
  artifactKey: Guid(98ae4963f0b436048990d0bd05810470) Importer(815301076,1909f56bfc062723c751e8b465ee728b)
Start importing Assets/CustomRP/Runtime/Lighting.cs using Guid(98ae4963f0b436048990d0bd05810470) Importer(815301076,1909f56bfc062723c751e8b465ee728b)  -> (artifact id: '00000000000000000000000000000000') in 0.000306 seconds
Import Error Code:(4)
Message: Build asset version error: assets/customrp/runtime/lighting.cs in SourceAssetDB has modification time of '2024-09-18T03:50:32.1130814Z' while content on disk has modification time of '2024-09-18T03:50:41.0316514Z'
  ERROR: Build asset version error: assets/customrp/runtime/lighting.cs in SourceAssetDB has modification time of '2024-09-18T03:50:32.1130814Z' while content on disk has modification time of '2024-09-18T03:50:41.0316514Z'
Number of updated asset objects reloaded before import = 0
Number of asset objects unloaded after import = 0
========================================================================
Received Import Request.
  Time since last request: 0.004822 seconds.
  path: Assets/CustomRP/Runtime/Lighting.cs
  artifactKey: Guid(98ae4963f0b436048990d0bd05810470) Importer(815301076,1909f56bfc062723c751e8b465ee728b)
Start importing Assets/CustomRP/Runtime/Lighting.cs using Guid(98ae4963f0b436048990d0bd05810470) Importer(815301076,1909f56bfc062723c751e8b465ee728b)  -> (artifact id: '00000000000000000000000000000000') in 0.000321 seconds
Import Error Code:(4)
Message: Build asset version error: assets/customrp/runtime/lighting.cs in SourceAssetDB has modification time of '2024-09-18T03:50:32.1130814Z' while content on disk has modification time of '2024-09-18T03:50:41.0316514Z'
  ERROR: Build asset version error: assets/customrp/runtime/lighting.cs in SourceAssetDB has modification time of '2024-09-18T03:50:32.1130814Z' while content on disk has modification time of '2024-09-18T03:50:41.0316514Z'
Number of updated asset objects reloaded before import = 0
Number of asset objects unloaded after import = 0
========================================================================
Received Import Request.
  Time since last request: 0.004845 seconds.
  path: Assets/CustomRP/Runtime/Lighting.cs
  artifactKey: Guid(98ae4963f0b436048990d0bd05810470) Importer(815301076,1909f56bfc062723c751e8b465ee728b)
Start importing Assets/CustomRP/Runtime/Lighting.cs using Guid(98ae4963f0b436048990d0bd05810470) Importer(815301076,1909f56bfc062723c751e8b465ee728b)  -> (artifact id: '00000000000000000000000000000000') in 0.000324 seconds
Import Error Code:(4)
Message: Build asset version error: assets/customrp/runtime/lighting.cs in SourceAssetDB has modification time of '2024-09-18T03:50:32.1130814Z' while content on disk has modification time of '2024-09-18T03:50:41.0316514Z'
  ERROR: Build asset version error: assets/customrp/runtime/lighting.cs in SourceAssetDB has modification time of '2024-09-18T03:50:32.1130814Z' while content on disk has modification time of '2024-09-18T03:50:41.0316514Z'
Number of updated asset objects reloaded before import = 0
Number of asset objects unloaded after import = 0
========================================================================
Received Import Request.
  Time since last request: 0.004651 seconds.
  path: Assets/CustomRP/Runtime/Lighting.cs
  artifactKey: Guid(98ae4963f0b436048990d0bd05810470) Importer(815301076,1909f56bfc062723c751e8b465ee728b)
Start importing Assets/CustomRP/Runtime/Lighting.cs using Guid(98ae4963f0b436048990d0bd05810470) Importer(815301076,1909f56bfc062723c751e8b465ee728b)  -> (artifact id: '00000000000000000000000000000000') in 0.000295 seconds
Import Error Code:(4)
Message: Build asset version error: assets/customrp/runtime/lighting.cs in SourceAssetDB has modification time of '2024-09-18T03:50:32.1130814Z' while content on disk has modification time of '2024-09-18T03:50:41.0316514Z'
  ERROR: Build asset version error: assets/customrp/runtime/lighting.cs in SourceAssetDB has modification time of '2024-09-18T03:50:32.1130814Z' while content on disk has modification time of '2024-09-18T03:50:41.0316514Z'
Number of updated asset objects reloaded before import = 0
Number of asset objects unloaded after import = 0
========================================================================
Received Import Request.
  Time since last request: 0.005027 seconds.
  path: Assets/CustomRP/Runtime/Lighting.cs
  artifactKey: Guid(98ae4963f0b436048990d0bd05810470) Importer(815301076,1909f56bfc062723c751e8b465ee728b)
Start importing Assets/CustomRP/Runtime/Lighting.cs using Guid(98ae4963f0b436048990d0bd05810470) Importer(815301076,1909f56bfc062723c751e8b465ee728b)  -> (artifact id: '00000000000000000000000000000000') in 0.000321 seconds
Import Error Code:(4)
Message: Build asset version error: assets/customrp/runtime/lighting.cs in SourceAssetDB has modification time of '2024-09-18T03:50:32.1130814Z' while content on disk has modification time of '2024-09-18T03:50:41.0316514Z'
  ERROR: Build asset version error: assets/customrp/runtime/lighting.cs in SourceAssetDB has modification time of '2024-09-18T03:50:32.1130814Z' while content on disk has modification time of '2024-09-18T03:50:41.0316514Z'
Number of updated asset objects reloaded before import = 0
Number of asset objects unloaded after import = 0
========================================================================
Received Import Request.
  Time since last request: 0.004516 seconds.
  path: Assets/CustomRP/Runtime/Lighting.cs
  artifactKey: Guid(98ae4963f0b436048990d0bd05810470) Importer(815301076,1909f56bfc062723c751e8b465ee728b)
Start importing Assets/CustomRP/Runtime/Lighting.cs using Guid(98ae4963f0b436048990d0bd05810470) Importer(815301076,1909f56bfc062723c751e8b465ee728b)  -> (artifact id: '00000000000000000000000000000000') in 0.000358 seconds
Import Error Code:(4)
Message: Build asset version error: assets/customrp/runtime/lighting.cs in SourceAssetDB has modification time of '2024-09-18T03:50:32.1130814Z' while content on disk has modification time of '2024-09-18T03:50:41.0316514Z'
  ERROR: Build asset version error: assets/customrp/runtime/lighting.cs in SourceAssetDB has modification time of '2024-09-18T03:50:32.1130814Z' while content on disk has modification time of '2024-09-18T03:50:41.0316514Z'
Number of updated asset objects reloaded before import = 0
Number of asset objects unloaded after import = 0
========================================================================
Received Import Request.
  Time since last request: 0.007924 seconds.
  path: Assets/CustomRP/Runtime/Lighting.cs
  artifactKey: Guid(98ae4963f0b436048990d0bd05810470) Importer(815301076,1909f56bfc062723c751e8b465ee728b)
Start importing Assets/CustomRP/Runtime/Lighting.cs using Guid(98ae4963f0b436048990d0bd05810470) Importer(815301076,1909f56bfc062723c751e8b465ee728b)  -> (artifact id: '00000000000000000000000000000000') in 0.000394 seconds
Import Error Code:(4)
Message: Build asset version error: assets/customrp/runtime/lighting.cs in SourceAssetDB has modification time of '2024-09-18T03:50:32.1130814Z' while content on disk has modification time of '2024-09-18T03:50:41.0316514Z'
  ERROR: Build asset version error: assets/customrp/runtime/lighting.cs in SourceAssetDB has modification time of '2024-09-18T03:50:32.1130814Z' while content on disk has modification time of '2024-09-18T03:50:41.0316514Z'
Number of updated asset objects reloaded before import = 0
Number of asset objects unloaded after import = 0
========================================================================
Received Import Request.
  Time since last request: 0.004669 seconds.
  path: Assets/CustomRP/Runtime/Lighting.cs
  artifactKey: Guid(98ae4963f0b436048990d0bd05810470) Importer(815301076,1909f56bfc062723c751e8b465ee728b)
Start importing Assets/CustomRP/Runtime/Lighting.cs using Guid(98ae4963f0b436048990d0bd05810470) Importer(815301076,1909f56bfc062723c751e8b465ee728b)  -> (artifact id: '00000000000000000000000000000000') in 0.000345 seconds
Import Error Code:(4)
Message: Build asset version error: assets/customrp/runtime/lighting.cs in SourceAssetDB has modification time of '2024-09-18T03:50:32.1130814Z' while content on disk has modification time of '2024-09-18T03:50:41.0316514Z'
  ERROR: Build asset version error: assets/customrp/runtime/lighting.cs in SourceAssetDB has modification time of '2024-09-18T03:50:32.1130814Z' while content on disk has modification time of '2024-09-18T03:50:41.0316514Z'
Number of updated asset objects reloaded before import = 0
Number of asset objects unloaded after import = 0
========================================================================
Received Import Request.
  Time since last request: 0.005174 seconds.
  path: Assets/CustomRP/Runtime/Lighting.cs
  artifactKey: Guid(98ae4963f0b436048990d0bd05810470) Importer(815301076,1909f56bfc062723c751e8b465ee728b)
Start importing Assets/CustomRP/Runtime/Lighting.cs using Guid(98ae4963f0b436048990d0bd05810470) Importer(815301076,1909f56bfc062723c751e8b465ee728b)  -> (artifact id: '00000000000000000000000000000000') in 0.000335 seconds
Import Error Code:(4)
Message: Build asset version error: assets/customrp/runtime/lighting.cs in SourceAssetDB has modification time of '2024-09-18T03:50:32.1130814Z' while content on disk has modification time of '2024-09-18T03:50:41.0316514Z'
  ERROR: Build asset version error: assets/customrp/runtime/lighting.cs in SourceAssetDB has modification time of '2024-09-18T03:50:32.1130814Z' while content on disk has modification time of '2024-09-18T03:50:41.0316514Z'
Number of updated asset objects reloaded before import = 0
Number of asset objects unloaded after import = 0
========================================================================
Received Import Request.
  Time since last request: 0.004383 seconds.
  path: Assets/CustomRP/Runtime/Lighting.cs
  artifactKey: Guid(98ae4963f0b436048990d0bd05810470) Importer(815301076,1909f56bfc062723c751e8b465ee728b)
Start importing Assets/CustomRP/Runtime/Lighting.cs using Guid(98ae4963f0b436048990d0bd05810470) Importer(815301076,1909f56bfc062723c751e8b465ee728b)  -> (artifact id: '00000000000000000000000000000000') in 0.000329 seconds
Import Error Code:(4)
Message: Build asset version error: assets/customrp/runtime/lighting.cs in SourceAssetDB has modification time of '2024-09-18T03:50:32.1130814Z' while content on disk has modification time of '2024-09-18T03:50:41.0316514Z'
  ERROR: Build asset version error: assets/customrp/runtime/lighting.cs in SourceAssetDB has modification time of '2024-09-18T03:50:32.1130814Z' while content on disk has modification time of '2024-09-18T03:50:41.0316514Z'
Number of updated asset objects reloaded before import = 0
Number of asset objects unloaded after import = 0
========================================================================
Received Import Request.
  Time since last request: 0.005173 seconds.
  path: Assets/CustomRP/Runtime/Lighting.cs
  artifactKey: Guid(98ae4963f0b436048990d0bd05810470) Importer(815301076,1909f56bfc062723c751e8b465ee728b)
Start importing Assets/CustomRP/Runtime/Lighting.cs using Guid(98ae4963f0b436048990d0bd05810470) Importer(815301076,1909f56bfc062723c751e8b465ee728b)  -> (artifact id: '00000000000000000000000000000000') in 0.000322 seconds
Import Error Code:(4)
Message: Build asset version error: assets/customrp/runtime/lighting.cs in SourceAssetDB has modification time of '2024-09-18T03:50:32.1130814Z' while content on disk has modification time of '2024-09-18T03:50:41.0316514Z'
  ERROR: Build asset version error: assets/customrp/runtime/lighting.cs in SourceAssetDB has modification time of '2024-09-18T03:50:32.1130814Z' while content on disk has modification time of '2024-09-18T03:50:41.0316514Z'
Number of updated asset objects reloaded before import = 0
Number of asset objects unloaded after import = 0
========================================================================
Received Import Request.
  Time since last request: 0.004550 seconds.
  path: Assets/CustomRP/Runtime/Lighting.cs
  artifactKey: Guid(98ae4963f0b436048990d0bd05810470) Importer(815301076,1909f56bfc062723c751e8b465ee728b)
Start importing Assets/CustomRP/Runtime/Lighting.cs using Guid(98ae4963f0b436048990d0bd05810470) Importer(815301076,1909f56bfc062723c751e8b465ee728b)  -> (artifact id: '00000000000000000000000000000000') in 0.000293 seconds
Import Error Code:(4)
Message: Build asset version error: assets/customrp/runtime/lighting.cs in SourceAssetDB has modification time of '2024-09-18T03:50:32.1130814Z' while content on disk has modification time of '2024-09-18T03:50:41.0316514Z'
  ERROR: Build asset version error: assets/customrp/runtime/lighting.cs in SourceAssetDB has modification time of '2024-09-18T03:50:32.1130814Z' while content on disk has modification time of '2024-09-18T03:50:41.0316514Z'
Number of updated asset objects reloaded before import = 0
Number of asset objects unloaded after import = 0
========================================================================
Received Import Request.
  Time since last request: 0.004120 seconds.
  path: Assets/CustomRP/Runtime/Lighting.cs
  artifactKey: Guid(98ae4963f0b436048990d0bd05810470) Importer(815301076,1909f56bfc062723c751e8b465ee728b)
Start importing Assets/CustomRP/Runtime/Lighting.cs using Guid(98ae4963f0b436048990d0bd05810470) Importer(815301076,1909f56bfc062723c751e8b465ee728b)  -> (artifact id: '00000000000000000000000000000000') in 0.000317 seconds
Import Error Code:(4)
Message: Build asset version error: assets/customrp/runtime/lighting.cs in SourceAssetDB has modification time of '2024-09-18T03:50:32.1130814Z' while content on disk has modification time of '2024-09-18T03:50:41.0316514Z'
  ERROR: Build asset version error: assets/customrp/runtime/lighting.cs in SourceAssetDB has modification time of '2024-09-18T03:50:32.1130814Z' while content on disk has modification time of '2024-09-18T03:50:41.0316514Z'
Number of updated asset objects reloaded before import = 0
Number of asset objects unloaded after import = 0
========================================================================
Received Import Request.
  Time since last request: 0.005222 seconds.
  path: Assets/CustomRP/Runtime/Lighting.cs
  artifactKey: Guid(98ae4963f0b436048990d0bd05810470) Importer(815301076,1909f56bfc062723c751e8b465ee728b)
Start importing Assets/CustomRP/Runtime/Lighting.cs using Guid(98ae4963f0b436048990d0bd05810470) Importer(815301076,1909f56bfc062723c751e8b465ee728b)  -> (artifact id: '00000000000000000000000000000000') in 0.000331 seconds
Import Error Code:(4)
Message: Build asset version error: assets/customrp/runtime/lighting.cs in SourceAssetDB has modification time of '2024-09-18T03:50:32.1130814Z' while content on disk has modification time of '2024-09-18T03:50:41.0316514Z'
  ERROR: Build asset version error: assets/customrp/runtime/lighting.cs in SourceAssetDB has modification time of '2024-09-18T03:50:32.1130814Z' while content on disk has modification time of '2024-09-18T03:50:41.0316514Z'
Number of updated asset objects reloaded before import = 0
Number of asset objects unloaded after import = 0
========================================================================
Received Import Request.
  Time since last request: 0.004075 seconds.
  path: Assets/CustomRP/Runtime/Lighting.cs
  artifactKey: Guid(98ae4963f0b436048990d0bd05810470) Importer(815301076,1909f56bfc062723c751e8b465ee728b)
Start importing Assets/CustomRP/Runtime/Lighting.cs using Guid(98ae4963f0b436048990d0bd05810470) Importer(815301076,1909f56bfc062723c751e8b465ee728b)  -> (artifact id: '00000000000000000000000000000000') in 0.000280 seconds
Import Error Code:(4)
Message: Build asset version error: assets/customrp/runtime/lighting.cs in SourceAssetDB has modification time of '2024-09-18T03:50:32.1130814Z' while content on disk has modification time of '2024-09-18T03:50:41.0316514Z'
  ERROR: Build asset version error: assets/customrp/runtime/lighting.cs in SourceAssetDB has modification time of '2024-09-18T03:50:32.1130814Z' while content on disk has modification time of '2024-09-18T03:50:41.0316514Z'
Number of updated asset objects reloaded before import = 0
Number of asset objects unloaded after import = 0
========================================================================
Received Import Request.
  Time since last request: 0.004126 seconds.
  path: Assets/CustomRP/Runtime/Lighting.cs
  artifactKey: Guid(98ae4963f0b436048990d0bd05810470) Importer(815301076,1909f56bfc062723c751e8b465ee728b)
Start importing Assets/CustomRP/Runtime/Lighting.cs using Guid(98ae4963f0b436048990d0bd05810470) Importer(815301076,1909f56bfc062723c751e8b465ee728b)  -> (artifact id: '00000000000000000000000000000000') in 0.000245 seconds
Import Error Code:(4)
Message: Build asset version error: assets/customrp/runtime/lighting.cs in SourceAssetDB has modification time of '2024-09-18T03:50:32.1130814Z' while content on disk has modification time of '2024-09-18T03:50:41.0316514Z'
  ERROR: Build asset version error: assets/customrp/runtime/lighting.cs in SourceAssetDB has modification time of '2024-09-18T03:50:32.1130814Z' while content on disk has modification time of '2024-09-18T03:50:41.0316514Z'
Number of updated asset objects reloaded before import = 0
Number of asset objects unloaded after import = 0
========================================================================
Received Import Request.
  Time since last request: 0.004455 seconds.
  path: Assets/CustomRP/Runtime/Lighting.cs
  artifactKey: Guid(98ae4963f0b436048990d0bd05810470) Importer(815301076,1909f56bfc062723c751e8b465ee728b)
Start importing Assets/CustomRP/Runtime/Lighting.cs using Guid(98ae4963f0b436048990d0bd05810470) Importer(815301076,1909f56bfc062723c751e8b465ee728b)  -> (artifact id: '00000000000000000000000000000000') in 0.000309 seconds
Import Error Code:(4)
Message: Build asset version error: assets/customrp/runtime/lighting.cs in SourceAssetDB has modification time of '2024-09-18T03:50:32.1130814Z' while content on disk has modification time of '2024-09-18T03:50:41.0316514Z'
  ERROR: Build asset version error: assets/customrp/runtime/lighting.cs in SourceAssetDB has modification time of '2024-09-18T03:50:32.1130814Z' while content on disk has modification time of '2024-09-18T03:50:41.0316514Z'
Number of updated asset objects reloaded before import = 0
Number of asset objects unloaded after import = 0
========================================================================
Received Import Request.
  Time since last request: 0.004281 seconds.
  path: Assets/CustomRP/Runtime/Lighting.cs
  artifactKey: Guid(98ae4963f0b436048990d0bd05810470) Importer(815301076,1909f56bfc062723c751e8b465ee728b)
Start importing Assets/CustomRP/Runtime/Lighting.cs using Guid(98ae4963f0b436048990d0bd05810470) Importer(815301076,1909f56bfc062723c751e8b465ee728b)  -> (artifact id: '00000000000000000000000000000000') in 0.000287 seconds
Import Error Code:(4)
Message: Build asset version error: assets/customrp/runtime/lighting.cs in SourceAssetDB has modification time of '2024-09-18T03:50:32.1130814Z' while content on disk has modification time of '2024-09-18T03:50:41.0316514Z'
  ERROR: Build asset version error: assets/customrp/runtime/lighting.cs in SourceAssetDB has modification time of '2024-09-18T03:50:32.1130814Z' while content on disk has modification time of '2024-09-18T03:50:41.0316514Z'
Number of updated asset objects reloaded before import = 0
Number of asset objects unloaded after import = 0
========================================================================
Received Import Request.
  Time since last request: 0.004026 seconds.
  path: Assets/CustomRP/Runtime/Lighting.cs
  artifactKey: Guid(98ae4963f0b436048990d0bd05810470) Importer(815301076,1909f56bfc062723c751e8b465ee728b)
Start importing Assets/CustomRP/Runtime/Lighting.cs using Guid(98ae4963f0b436048990d0bd05810470) Importer(815301076,1909f56bfc062723c751e8b465ee728b)  -> (artifact id: '00000000000000000000000000000000') in 0.000246 seconds
Import Error Code:(4)
Message: Build asset version error: assets/customrp/runtime/lighting.cs in SourceAssetDB has modification time of '2024-09-18T03:50:32.1130814Z' while content on disk has modification time of '2024-09-18T03:50:41.0316514Z'
  ERROR: Build asset version error: assets/customrp/runtime/lighting.cs in SourceAssetDB has modification time of '2024-09-18T03:50:32.1130814Z' while content on disk has modification time of '2024-09-18T03:50:41.0316514Z'
Number of updated asset objects reloaded before import = 0
Number of asset objects unloaded after import = 0
========================================================================
Received Import Request.
  Time since last request: 0.004204 seconds.
  path: Assets/CustomRP/Runtime/Lighting.cs
  artifactKey: Guid(98ae4963f0b436048990d0bd05810470) Importer(815301076,1909f56bfc062723c751e8b465ee728b)
Start importing Assets/CustomRP/Runtime/Lighting.cs using Guid(98ae4963f0b436048990d0bd05810470) Importer(815301076,1909f56bfc062723c751e8b465ee728b)  -> (artifact id: '00000000000000000000000000000000') in 0.000345 seconds
Import Error Code:(4)
Message: Build asset version error: assets/customrp/runtime/lighting.cs in SourceAssetDB has modification time of '2024-09-18T03:50:32.1130814Z' while content on disk has modification time of '2024-09-18T03:50:41.0316514Z'
  ERROR: Build asset version error: assets/customrp/runtime/lighting.cs in SourceAssetDB has modification time of '2024-09-18T03:50:32.1130814Z' while content on disk has modification time of '2024-09-18T03:50:41.0316514Z'
Number of updated asset objects reloaded before import = 0
Number of asset objects unloaded after import = 0
========================================================================
Received Import Request.
  Time since last request: 0.004340 seconds.
  path: Assets/CustomRP/Runtime/Lighting.cs
  artifactKey: Guid(98ae4963f0b436048990d0bd05810470) Importer(815301076,1909f56bfc062723c751e8b465ee728b)
Start importing Assets/CustomRP/Runtime/Lighting.cs using Guid(98ae4963f0b436048990d0bd05810470) Importer(815301076,1909f56bfc062723c751e8b465ee728b)  -> (artifact id: '00000000000000000000000000000000') in 0.000266 seconds
Import Error Code:(4)
Message: Build asset version error: assets/customrp/runtime/lighting.cs in SourceAssetDB has modification time of '2024-09-18T03:50:32.1130814Z' while content on disk has modification time of '2024-09-18T03:50:41.0316514Z'
  ERROR: Build asset version error: assets/customrp/runtime/lighting.cs in SourceAssetDB has modification time of '2024-09-18T03:50:32.1130814Z' while content on disk has modification time of '2024-09-18T03:50:41.0316514Z'
Number of updated asset objects reloaded before import = 0
Number of asset objects unloaded after import = 0
========================================================================
Received Import Request.
  Time since last request: 0.004142 seconds.
  path: Assets/CustomRP/Runtime/Lighting.cs
  artifactKey: Guid(98ae4963f0b436048990d0bd05810470) Importer(815301076,1909f56bfc062723c751e8b465ee728b)
Start importing Assets/CustomRP/Runtime/Lighting.cs using Guid(98ae4963f0b436048990d0bd05810470) Importer(815301076,1909f56bfc062723c751e8b465ee728b)  -> (artifact id: '00000000000000000000000000000000') in 0.000236 seconds
Import Error Code:(4)
Message: Build asset version error: assets/customrp/runtime/lighting.cs in SourceAssetDB has modification time of '2024-09-18T03:50:32.1130814Z' while content on disk has modification time of '2024-09-18T03:50:41.0316514Z'
  ERROR: Build asset version error: assets/customrp/runtime/lighting.cs in SourceAssetDB has modification time of '2024-09-18T03:50:32.1130814Z' while content on disk has modification time of '2024-09-18T03:50:41.0316514Z'
Number of updated asset objects reloaded before import = 0
Number of asset objects unloaded after import = 0
========================================================================
Received Import Request.
  Time since last request: 0.004040 seconds.
  path: Assets/CustomRP/Runtime/Lighting.cs
  artifactKey: Guid(98ae4963f0b436048990d0bd05810470) Importer(815301076,1909f56bfc062723c751e8b465ee728b)
Start importing Assets/CustomRP/Runtime/Lighting.cs using Guid(98ae4963f0b436048990d0bd05810470) Importer(815301076,1909f56bfc062723c751e8b465ee728b)  -> (artifact id: '00000000000000000000000000000000') in 0.000381 seconds
Import Error Code:(4)
Message: Build asset version error: assets/customrp/runtime/lighting.cs in SourceAssetDB has modification time of '2024-09-18T03:50:32.1130814Z' while content on disk has modification time of '2024-09-18T03:50:41.0316514Z'
  ERROR: Build asset version error: assets/customrp/runtime/lighting.cs in SourceAssetDB has modification time of '2024-09-18T03:50:32.1130814Z' while content on disk has modification time of '2024-09-18T03:50:41.0316514Z'
Number of updated asset objects reloaded before import = 0
Number of asset objects unloaded after import = 0
========================================================================
Received Import Request.
  Time since last request: 0.004938 seconds.
  path: Assets/CustomRP/Runtime/Lighting.cs
  artifactKey: Guid(98ae4963f0b436048990d0bd05810470) Importer(815301076,1909f56bfc062723c751e8b465ee728b)
Start importing Assets/CustomRP/Runtime/Lighting.cs using Guid(98ae4963f0b436048990d0bd05810470) Importer(815301076,1909f56bfc062723c751e8b465ee728b)  -> (artifact id: '00000000000000000000000000000000') in 0.000315 seconds
Import Error Code:(4)
Message: Build asset version error: assets/customrp/runtime/lighting.cs in SourceAssetDB has modification time of '2024-09-18T03:50:32.1130814Z' while content on disk has modification time of '2024-09-18T03:50:41.0316514Z'
  ERROR: Build asset version error: assets/customrp/runtime/lighting.cs in SourceAssetDB has modification time of '2024-09-18T03:50:32.1130814Z' while content on disk has modification time of '2024-09-18T03:50:41.0316514Z'
Number of updated asset objects reloaded before import = 0
Number of asset objects unloaded after import = 0
========================================================================
Received Import Request.
  Time since last request: 0.004584 seconds.
  path: Assets/CustomRP/Runtime/Lighting.cs
  artifactKey: Guid(98ae4963f0b436048990d0bd05810470) Importer(815301076,1909f56bfc062723c751e8b465ee728b)
Start importing Assets/CustomRP/Runtime/Lighting.cs using Guid(98ae4963f0b436048990d0bd05810470) Importer(815301076,1909f56bfc062723c751e8b465ee728b)  -> (artifact id: '00000000000000000000000000000000') in 0.000280 seconds
Import Error Code:(4)
Message: Build asset version error: assets/customrp/runtime/lighting.cs in SourceAssetDB has modification time of '2024-09-18T03:50:32.1130814Z' while content on disk has modification time of '2024-09-18T03:50:41.0316514Z'
  ERROR: Build asset version error: assets/customrp/runtime/lighting.cs in SourceAssetDB has modification time of '2024-09-18T03:50:32.1130814Z' while content on disk has modification time of '2024-09-18T03:50:41.0316514Z'
Number of updated asset objects reloaded before import = 0
Number of asset objects unloaded after import = 0
========================================================================
Received Import Request.
  Time since last request: 0.004429 seconds.
  path: Assets/CustomRP/Runtime/Lighting.cs
  artifactKey: Guid(98ae4963f0b436048990d0bd05810470) Importer(815301076,1909f56bfc062723c751e8b465ee728b)
Start importing Assets/CustomRP/Runtime/Lighting.cs using Guid(98ae4963f0b436048990d0bd05810470) Importer(815301076,1909f56bfc062723c751e8b465ee728b)  -> (artifact id: '00000000000000000000000000000000') in 0.000254 seconds
Import Error Code:(4)
Message: Build asset version error: assets/customrp/runtime/lighting.cs in SourceAssetDB has modification time of '2024-09-18T03:50:32.1130814Z' while content on disk has modification time of '2024-09-18T03:50:41.0316514Z'
  ERROR: Build asset version error: assets/customrp/runtime/lighting.cs in SourceAssetDB has modification time of '2024-09-18T03:50:32.1130814Z' while content on disk has modification time of '2024-09-18T03:50:41.0316514Z'
Number of updated asset objects reloaded before import = 0
Number of asset objects unloaded after import = 0
========================================================================
Received Import Request.
  Time since last request: 0.005045 seconds.
  path: Assets/CustomRP/Runtime/Lighting.cs
  artifactKey: Guid(98ae4963f0b436048990d0bd05810470) Importer(815301076,1909f56bfc062723c751e8b465ee728b)
Start importing Assets/CustomRP/Runtime/Lighting.cs using Guid(98ae4963f0b436048990d0bd05810470) Importer(815301076,1909f56bfc062723c751e8b465ee728b)  -> (artifact id: '00000000000000000000000000000000') in 0.000316 seconds
Import Error Code:(4)
Message: Build asset version error: assets/customrp/runtime/lighting.cs in SourceAssetDB has modification time of '2024-09-18T03:50:32.1130814Z' while content on disk has modification time of '2024-09-18T03:50:41.0316514Z'
  ERROR: Build asset version error: assets/customrp/runtime/lighting.cs in SourceAssetDB has modification time of '2024-09-18T03:50:32.1130814Z' while content on disk has modification time of '2024-09-18T03:50:41.0316514Z'
Number of updated asset objects reloaded before import = 0
Number of asset objects unloaded after import = 0
========================================================================
Received Import Request.
  Time since last request: 0.004626 seconds.
  path: Assets/CustomRP/Runtime/Lighting.cs
  artifactKey: Guid(98ae4963f0b436048990d0bd05810470) Importer(815301076,1909f56bfc062723c751e8b465ee728b)
Start importing Assets/CustomRP/Runtime/Lighting.cs using Guid(98ae4963f0b436048990d0bd05810470) Importer(815301076,1909f56bfc062723c751e8b465ee728b)  -> (artifact id: '00000000000000000000000000000000') in 0.000301 seconds
Import Error Code:(4)
Message: Build asset version error: assets/customrp/runtime/lighting.cs in SourceAssetDB has modification time of '2024-09-18T03:50:32.1130814Z' while content on disk has modification time of '2024-09-18T03:50:41.0316514Z'
  ERROR: Build asset version error: assets/customrp/runtime/lighting.cs in SourceAssetDB has modification time of '2024-09-18T03:50:32.1130814Z' while content on disk has modification time of '2024-09-18T03:50:41.0316514Z'
Number of updated asset objects reloaded before import = 0
Number of asset objects unloaded after import = 0
========================================================================
Received Import Request.
  Time since last request: 0.003826 seconds.
  path: Assets/CustomRP/Runtime/Lighting.cs
  artifactKey: Guid(98ae4963f0b436048990d0bd05810470) Importer(815301076,1909f56bfc062723c751e8b465ee728b)
Start importing Assets/CustomRP/Runtime/Lighting.cs using Guid(98ae4963f0b436048990d0bd05810470) Importer(815301076,1909f56bfc062723c751e8b465ee728b)  -> (artifact id: '00000000000000000000000000000000') in 0.000415 seconds
Import Error Code:(4)
Message: Build asset version error: assets/customrp/runtime/lighting.cs in SourceAssetDB has modification time of '2024-09-18T03:50:32.1130814Z' while content on disk has modification time of '2024-09-18T03:50:41.0316514Z'
  ERROR: Build asset version error: assets/customrp/runtime/lighting.cs in SourceAssetDB has modification time of '2024-09-18T03:50:32.1130814Z' while content on disk has modification time of '2024-09-18T03:50:41.0316514Z'
Number of updated asset objects reloaded before import = 0
Number of asset objects unloaded after import = 0
========================================================================
Received Import Request.
  Time since last request: 0.004516 seconds.
  path: Assets/CustomRP/Runtime/Lighting.cs
  artifactKey: Guid(98ae4963f0b436048990d0bd05810470) Importer(815301076,1909f56bfc062723c751e8b465ee728b)
Start importing Assets/CustomRP/Runtime/Lighting.cs using Guid(98ae4963f0b436048990d0bd05810470) Importer(815301076,1909f56bfc062723c751e8b465ee728b)  -> (artifact id: '00000000000000000000000000000000') in 0.000371 seconds
Import Error Code:(4)
Message: Build asset version error: assets/customrp/runtime/lighting.cs in SourceAssetDB has modification time of '2024-09-18T03:50:32.1130814Z' while content on disk has modification time of '2024-09-18T03:50:41.0316514Z'
  ERROR: Build asset version error: assets/customrp/runtime/lighting.cs in SourceAssetDB has modification time of '2024-09-18T03:50:32.1130814Z' while content on disk has modification time of '2024-09-18T03:50:41.0316514Z'
Number of updated asset objects reloaded before import = 0
Number of asset objects unloaded after import = 0
========================================================================
Received Import Request.
  Time since last request: 0.004223 seconds.
  path: Assets/CustomRP/Runtime/Lighting.cs
  artifactKey: Guid(98ae4963f0b436048990d0bd05810470) Importer(815301076,1909f56bfc062723c751e8b465ee728b)
Start importing Assets/CustomRP/Runtime/Lighting.cs using Guid(98ae4963f0b436048990d0bd05810470) Importer(815301076,1909f56bfc062723c751e8b465ee728b)  -> (artifact id: '00000000000000000000000000000000') in 0.000300 seconds
Import Error Code:(4)
Message: Build asset version error: assets/customrp/runtime/lighting.cs in SourceAssetDB has modification time of '2024-09-18T03:50:32.1130814Z' while content on disk has modification time of '2024-09-18T03:50:41.0316514Z'
  ERROR: Build asset version error: assets/customrp/runtime/lighting.cs in SourceAssetDB has modification time of '2024-09-18T03:50:32.1130814Z' while content on disk has modification time of '2024-09-18T03:50:41.0316514Z'
Number of updated asset objects reloaded before import = 0
Number of asset objects unloaded after import = 0
========================================================================
Received Import Request.
  Time since last request: 0.004538 seconds.
  path: Assets/CustomRP/Runtime/Lighting.cs
  artifactKey: Guid(98ae4963f0b436048990d0bd05810470) Importer(815301076,1909f56bfc062723c751e8b465ee728b)
Start importing Assets/CustomRP/Runtime/Lighting.cs using Guid(98ae4963f0b436048990d0bd05810470) Importer(815301076,1909f56bfc062723c751e8b465ee728b)  -> (artifact id: '00000000000000000000000000000000') in 0.000307 seconds
Import Error Code:(4)
Message: Build asset version error: assets/customrp/runtime/lighting.cs in SourceAssetDB has modification time of '2024-09-18T03:50:32.1130814Z' while content on disk has modification time of '2024-09-18T03:50:41.0316514Z'
  ERROR: Build asset version error: assets/customrp/runtime/lighting.cs in SourceAssetDB has modification time of '2024-09-18T03:50:32.1130814Z' while content on disk has modification time of '2024-09-18T03:50:41.0316514Z'
Number of updated asset objects reloaded before import = 0
Number of asset objects unloaded after import = 0
========================================================================
Received Import Request.
  Time since last request: 0.004691 seconds.
  path: Assets/CustomRP/Runtime/Lighting.cs
  artifactKey: Guid(98ae4963f0b436048990d0bd05810470) Importer(815301076,1909f56bfc062723c751e8b465ee728b)
Start importing Assets/CustomRP/Runtime/Lighting.cs using Guid(98ae4963f0b436048990d0bd05810470) Importer(815301076,1909f56bfc062723c751e8b465ee728b)  -> (artifact id: '00000000000000000000000000000000') in 0.000312 seconds
Import Error Code:(4)
Message: Build asset version error: assets/customrp/runtime/lighting.cs in SourceAssetDB has modification time of '2024-09-18T03:50:32.1130814Z' while content on disk has modification time of '2024-09-18T03:50:41.0316514Z'
  ERROR: Build asset version error: assets/customrp/runtime/lighting.cs in SourceAssetDB has modification time of '2024-09-18T03:50:32.1130814Z' while content on disk has modification time of '2024-09-18T03:50:41.0316514Z'
Number of updated asset objects reloaded before import = 0
Number of asset objects unloaded after import = 0
========================================================================
Received Import Request.
  Time since last request: 0.004424 seconds.
  path: Assets/CustomRP/Runtime/Lighting.cs
  artifactKey: Guid(98ae4963f0b436048990d0bd05810470) Importer(815301076,1909f56bfc062723c751e8b465ee728b)
Start importing Assets/CustomRP/Runtime/Lighting.cs using Guid(98ae4963f0b436048990d0bd05810470) Importer(815301076,1909f56bfc062723c751e8b465ee728b)  -> (artifact id: '00000000000000000000000000000000') in 0.000272 seconds
Import Error Code:(4)
Message: Build asset version error: assets/customrp/runtime/lighting.cs in SourceAssetDB has modification time of '2024-09-18T03:50:32.1130814Z' while content on disk has modification time of '2024-09-18T03:50:41.0316514Z'
  ERROR: Build asset version error: assets/customrp/runtime/lighting.cs in SourceAssetDB has modification time of '2024-09-18T03:50:32.1130814Z' while content on disk has modification time of '2024-09-18T03:50:41.0316514Z'
Number of updated asset objects reloaded before import = 0
Number of asset objects unloaded after import = 0
========================================================================
Received Import Request.
  Time since last request: 0.004376 seconds.
  path: Assets/CustomRP/Runtime/Lighting.cs
  artifactKey: Guid(98ae4963f0b436048990d0bd05810470) Importer(815301076,1909f56bfc062723c751e8b465ee728b)
Start importing Assets/CustomRP/Runtime/Lighting.cs using Guid(98ae4963f0b436048990d0bd05810470) Importer(815301076,1909f56bfc062723c751e8b465ee728b)  -> (artifact id: '00000000000000000000000000000000') in 0.000291 seconds
Import Error Code:(4)
Message: Build asset version error: assets/customrp/runtime/lighting.cs in SourceAssetDB has modification time of '2024-09-18T03:50:32.1130814Z' while content on disk has modification time of '2024-09-18T03:50:41.0316514Z'
  ERROR: Build asset version error: assets/customrp/runtime/lighting.cs in SourceAssetDB has modification time of '2024-09-18T03:50:32.1130814Z' while content on disk has modification time of '2024-09-18T03:50:41.0316514Z'
Number of updated asset objects reloaded before import = 0
Number of asset objects unloaded after import = 0
========================================================================
Received Import Request.
  Time since last request: 0.004545 seconds.
  path: Assets/CustomRP/Runtime/Lighting.cs
  artifactKey: Guid(98ae4963f0b436048990d0bd05810470) Importer(815301076,1909f56bfc062723c751e8b465ee728b)
Start importing Assets/CustomRP/Runtime/Lighting.cs using Guid(98ae4963f0b436048990d0bd05810470) Importer(815301076,1909f56bfc062723c751e8b465ee728b)  -> (artifact id: '00000000000000000000000000000000') in 0.000279 seconds
Import Error Code:(4)
Message: Build asset version error: assets/customrp/runtime/lighting.cs in SourceAssetDB has modification time of '2024-09-18T03:50:32.1130814Z' while content on disk has modification time of '2024-09-18T03:50:41.0316514Z'
  ERROR: Build asset version error: assets/customrp/runtime/lighting.cs in SourceAssetDB has modification time of '2024-09-18T03:50:32.1130814Z' while content on disk has modification time of '2024-09-18T03:50:41.0316514Z'
Number of updated asset objects reloaded before import = 0
Number of asset objects unloaded after import = 0
========================================================================
Received Import Request.
  Time since last request: 0.004567 seconds.
  path: Assets/CustomRP/Runtime/Lighting.cs
  artifactKey: Guid(98ae4963f0b436048990d0bd05810470) Importer(815301076,1909f56bfc062723c751e8b465ee728b)
Start importing Assets/CustomRP/Runtime/Lighting.cs using Guid(98ae4963f0b436048990d0bd05810470) Importer(815301076,1909f56bfc062723c751e8b465ee728b)  -> (artifact id: '00000000000000000000000000000000') in 0.000271 seconds
Import Error Code:(4)
Message: Build asset version error: assets/customrp/runtime/lighting.cs in SourceAssetDB has modification time of '2024-09-18T03:50:32.1130814Z' while content on disk has modification time of '2024-09-18T03:50:41.0316514Z'
  ERROR: Build asset version error: assets/customrp/runtime/lighting.cs in SourceAssetDB has modification time of '2024-09-18T03:50:32.1130814Z' while content on disk has modification time of '2024-09-18T03:50:41.0316514Z'
Number of updated asset objects reloaded before import = 0
Number of asset objects unloaded after import = 0
========================================================================
Received Import Request.
  Time since last request: 0.004026 seconds.
  path: Assets/CustomRP/Runtime/Lighting.cs
  artifactKey: Guid(98ae4963f0b436048990d0bd05810470) Importer(815301076,1909f56bfc062723c751e8b465ee728b)
Start importing Assets/CustomRP/Runtime/Lighting.cs using Guid(98ae4963f0b436048990d0bd05810470) Importer(815301076,1909f56bfc062723c751e8b465ee728b)  -> (artifact id: '00000000000000000000000000000000') in 0.000364 seconds
Import Error Code:(4)
Message: Build asset version error: assets/customrp/runtime/lighting.cs in SourceAssetDB has modification time of '2024-09-18T03:50:32.1130814Z' while content on disk has modification time of '2024-09-18T03:50:41.0316514Z'
  ERROR: Build asset version error: assets/customrp/runtime/lighting.cs in SourceAssetDB has modification time of '2024-09-18T03:50:32.1130814Z' while content on disk has modification time of '2024-09-18T03:50:41.0316514Z'
Number of updated asset objects reloaded before import = 0
Number of asset objects unloaded after import = 0
========================================================================
Received Import Request.
  Time since last request: 0.004303 seconds.
  path: Assets/CustomRP/Runtime/Lighting.cs
  artifactKey: Guid(98ae4963f0b436048990d0bd05810470) Importer(815301076,1909f56bfc062723c751e8b465ee728b)
Start importing Assets/CustomRP/Runtime/Lighting.cs using Guid(98ae4963f0b436048990d0bd05810470) Importer(815301076,1909f56bfc062723c751e8b465ee728b)  -> (artifact id: '00000000000000000000000000000000') in 0.000267 seconds
Import Error Code:(4)
Message: Build asset version error: assets/customrp/runtime/lighting.cs in SourceAssetDB has modification time of '2024-09-18T03:50:32.1130814Z' while content on disk has modification time of '2024-09-18T03:50:41.0316514Z'
  ERROR: Build asset version error: assets/customrp/runtime/lighting.cs in SourceAssetDB has modification time of '2024-09-18T03:50:32.1130814Z' while content on disk has modification time of '2024-09-18T03:50:41.0316514Z'
Number of updated asset objects reloaded before import = 0
Number of asset objects unloaded after import = 0
========================================================================
Received Import Request.
  Time since last request: 0.003912 seconds.
  path: Assets/CustomRP/Runtime/Lighting.cs
  artifactKey: Guid(98ae4963f0b436048990d0bd05810470) Importer(815301076,1909f56bfc062723c751e8b465ee728b)
Start importing Assets/CustomRP/Runtime/Lighting.cs using Guid(98ae4963f0b436048990d0bd05810470) Importer(815301076,1909f56bfc062723c751e8b465ee728b)  -> (artifact id: '00000000000000000000000000000000') in 0.000286 seconds
Import Error Code:(4)
Message: Build asset version error: assets/customrp/runtime/lighting.cs in SourceAssetDB has modification time of '2024-09-18T03:50:32.1130814Z' while content on disk has modification time of '2024-09-18T03:50:41.0316514Z'
  ERROR: Build asset version error: assets/customrp/runtime/lighting.cs in SourceAssetDB has modification time of '2024-09-18T03:50:32.1130814Z' while content on disk has modification time of '2024-09-18T03:50:41.0316514Z'
Number of updated asset objects reloaded before import = 0
Number of asset objects unloaded after import = 0
========================================================================
Received Import Request.
  Time since last request: 0.004305 seconds.
  path: Assets/CustomRP/Runtime/Lighting.cs
  artifactKey: Guid(98ae4963f0b436048990d0bd05810470) Importer(815301076,1909f56bfc062723c751e8b465ee728b)
Start importing Assets/CustomRP/Runtime/Lighting.cs using Guid(98ae4963f0b436048990d0bd05810470) Importer(815301076,1909f56bfc062723c751e8b465ee728b)  -> (artifact id: '00000000000000000000000000000000') in 0.000275 seconds
Import Error Code:(4)
Message: Build asset version error: assets/customrp/runtime/lighting.cs in SourceAssetDB has modification time of '2024-09-18T03:50:32.1130814Z' while content on disk has modification time of '2024-09-18T03:50:41.0316514Z'
  ERROR: Build asset version error: assets/customrp/runtime/lighting.cs in SourceAssetDB has modification time of '2024-09-18T03:50:32.1130814Z' while content on disk has modification time of '2024-09-18T03:50:41.0316514Z'
Number of updated asset objects reloaded before import = 0
Number of asset objects unloaded after import = 0
========================================================================
Received Import Request.
  Time since last request: 0.004588 seconds.
  path: Assets/CustomRP/Runtime/Lighting.cs
  artifactKey: Guid(98ae4963f0b436048990d0bd05810470) Importer(815301076,1909f56bfc062723c751e8b465ee728b)
Start importing Assets/CustomRP/Runtime/Lighting.cs using Guid(98ae4963f0b436048990d0bd05810470) Importer(815301076,1909f56bfc062723c751e8b465ee728b)  -> (artifact id: '00000000000000000000000000000000') in 0.000311 seconds
Import Error Code:(4)
Message: Build asset version error: assets/customrp/runtime/lighting.cs in SourceAssetDB has modification time of '2024-09-18T03:50:32.1130814Z' while content on disk has modification time of '2024-09-18T03:50:41.0316514Z'
  ERROR: Build asset version error: assets/customrp/runtime/lighting.cs in SourceAssetDB has modification time of '2024-09-18T03:50:32.1130814Z' while content on disk has modification time of '2024-09-18T03:50:41.0316514Z'
Number of updated asset objects reloaded before import = 0
Number of asset objects unloaded after import = 0
========================================================================
Received Import Request.
  Time since last request: 0.004072 seconds.
  path: Assets/CustomRP/Runtime/Lighting.cs
  artifactKey: Guid(98ae4963f0b436048990d0bd05810470) Importer(815301076,1909f56bfc062723c751e8b465ee728b)
Start importing Assets/CustomRP/Runtime/Lighting.cs using Guid(98ae4963f0b436048990d0bd05810470) Importer(815301076,1909f56bfc062723c751e8b465ee728b)  -> (artifact id: '00000000000000000000000000000000') in 0.000308 seconds
Import Error Code:(4)
Message: Build asset version error: assets/customrp/runtime/lighting.cs in SourceAssetDB has modification time of '2024-09-18T03:50:32.1130814Z' while content on disk has modification time of '2024-09-18T03:50:41.0316514Z'
  ERROR: Build asset version error: assets/customrp/runtime/lighting.cs in SourceAssetDB has modification time of '2024-09-18T03:50:32.1130814Z' while content on disk has modification time of '2024-09-18T03:50:41.0316514Z'
Number of updated asset objects reloaded before import = 0
Number of asset objects unloaded after import = 0
========================================================================
Received Import Request.
  Time since last request: 0.004014 seconds.
  path: Assets/CustomRP/Runtime/Lighting.cs
  artifactKey: Guid(98ae4963f0b436048990d0bd05810470) Importer(815301076,1909f56bfc062723c751e8b465ee728b)
Start importing Assets/CustomRP/Runtime/Lighting.cs using Guid(98ae4963f0b436048990d0bd05810470) Importer(815301076,1909f56bfc062723c751e8b465ee728b)  -> (artifact id: '00000000000000000000000000000000') in 0.000276 seconds
Import Error Code:(4)
Message: Build asset version error: assets/customrp/runtime/lighting.cs in SourceAssetDB has modification time of '2024-09-18T03:50:32.1130814Z' while content on disk has modification time of '2024-09-18T03:50:41.0316514Z'
  ERROR: Build asset version error: assets/customrp/runtime/lighting.cs in SourceAssetDB has modification time of '2024-09-18T03:50:32.1130814Z' while content on disk has modification time of '2024-09-18T03:50:41.0316514Z'
Number of updated asset objects reloaded before import = 0
Number of asset objects unloaded after import = 0
========================================================================
Received Import Request.
  Time since last request: 0.005122 seconds.
  path: Assets/CustomRP/Runtime/Lighting.cs
  artifactKey: Guid(98ae4963f0b436048990d0bd05810470) Importer(815301076,1909f56bfc062723c751e8b465ee728b)
Start importing Assets/CustomRP/Runtime/Lighting.cs using Guid(98ae4963f0b436048990d0bd05810470) Importer(815301076,1909f56bfc062723c751e8b465ee728b)  -> (artifact id: '00000000000000000000000000000000') in 0.000316 seconds
Import Error Code:(4)
Message: Build asset version error: assets/customrp/runtime/lighting.cs in SourceAssetDB has modification time of '2024-09-18T03:50:32.1130814Z' while content on disk has modification time of '2024-09-18T03:50:41.0316514Z'
  ERROR: Build asset version error: assets/customrp/runtime/lighting.cs in SourceAssetDB has modification time of '2024-09-18T03:50:32.1130814Z' while content on disk has modification time of '2024-09-18T03:50:41.0316514Z'
Number of updated asset objects reloaded before import = 0
Number of asset objects unloaded after import = 0
========================================================================
Received Import Request.
  Time since last request: 0.004100 seconds.
  path: Assets/CustomRP/Runtime/Lighting.cs
  artifactKey: Guid(98ae4963f0b436048990d0bd05810470) Importer(815301076,1909f56bfc062723c751e8b465ee728b)
Start importing Assets/CustomRP/Runtime/Lighting.cs using Guid(98ae4963f0b436048990d0bd05810470) Importer(815301076,1909f56bfc062723c751e8b465ee728b)  -> (artifact id: '00000000000000000000000000000000') in 0.000410 seconds
Import Error Code:(4)
Message: Build asset version error: assets/customrp/runtime/lighting.cs in SourceAssetDB has modification time of '2024-09-18T03:50:32.1130814Z' while content on disk has modification time of '2024-09-18T03:50:41.0316514Z'
  ERROR: Build asset version error: assets/customrp/runtime/lighting.cs in SourceAssetDB has modification time of '2024-09-18T03:50:32.1130814Z' while content on disk has modification time of '2024-09-18T03:50:41.0316514Z'
Number of updated asset objects reloaded before import = 0
Number of asset objects unloaded after import = 0
========================================================================
Received Import Request.
  Time since last request: 0.004559 seconds.
  path: Assets/CustomRP/Runtime/Lighting.cs
  artifactKey: Guid(98ae4963f0b436048990d0bd05810470) Importer(815301076,1909f56bfc062723c751e8b465ee728b)
Start importing Assets/CustomRP/Runtime/Lighting.cs using Guid(98ae4963f0b436048990d0bd05810470) Importer(815301076,1909f56bfc062723c751e8b465ee728b)  -> (artifact id: '00000000000000000000000000000000') in 0.000414 seconds
Import Error Code:(4)
Message: Build asset version error: assets/customrp/runtime/lighting.cs in SourceAssetDB has modification time of '2024-09-18T03:50:32.1130814Z' while content on disk has modification time of '2024-09-18T03:50:41.0316514Z'
  ERROR: Build asset version error: assets/customrp/runtime/lighting.cs in SourceAssetDB has modification time of '2024-09-18T03:50:32.1130814Z' while content on disk has modification time of '2024-09-18T03:50:41.0316514Z'
Number of updated asset objects reloaded before import = 0
Number of asset objects unloaded after import = 0
========================================================================
Received Import Request.
  Time since last request: 0.004439 seconds.
  path: Assets/CustomRP/Runtime/Lighting.cs
  artifactKey: Guid(98ae4963f0b436048990d0bd05810470) Importer(815301076,1909f56bfc062723c751e8b465ee728b)
Start importing Assets/CustomRP/Runtime/Lighting.cs using Guid(98ae4963f0b436048990d0bd05810470) Importer(815301076,1909f56bfc062723c751e8b465ee728b)  -> (artifact id: '00000000000000000000000000000000') in 0.000310 seconds
Import Error Code:(4)
Message: Build asset version error: assets/customrp/runtime/lighting.cs in SourceAssetDB has modification time of '2024-09-18T03:50:32.1130814Z' while content on disk has modification time of '2024-09-18T03:50:41.0316514Z'
  ERROR: Build asset version error: assets/customrp/runtime/lighting.cs in SourceAssetDB has modification time of '2024-09-18T03:50:32.1130814Z' while content on disk has modification time of '2024-09-18T03:50:41.0316514Z'
Number of updated asset objects reloaded before import = 0
Number of asset objects unloaded after import = 0
========================================================================
Received Import Request.
  Time since last request: 0.004235 seconds.
  path: Assets/CustomRP/Runtime/Lighting.cs
  artifactKey: Guid(98ae4963f0b436048990d0bd05810470) Importer(815301076,1909f56bfc062723c751e8b465ee728b)
Start importing Assets/CustomRP/Runtime/Lighting.cs using Guid(98ae4963f0b436048990d0bd05810470) Importer(815301076,1909f56bfc062723c751e8b465ee728b)  -> (artifact id: '00000000000000000000000000000000') in 0.000297 seconds
Import Error Code:(4)
Message: Build asset version error: assets/customrp/runtime/lighting.cs in SourceAssetDB has modification time of '2024-09-18T03:50:32.1130814Z' while content on disk has modification time of '2024-09-18T03:50:41.0316514Z'
  ERROR: Build asset version error: assets/customrp/runtime/lighting.cs in SourceAssetDB has modification time of '2024-09-18T03:50:32.1130814Z' while content on disk has modification time of '2024-09-18T03:50:41.0316514Z'
Number of updated asset objects reloaded before import = 0
Number of asset objects unloaded after import = 0
========================================================================
Received Import Request.
  Time since last request: 0.004694 seconds.
  path: Assets/CustomRP/Runtime/Lighting.cs
  artifactKey: Guid(98ae4963f0b436048990d0bd05810470) Importer(815301076,1909f56bfc062723c751e8b465ee728b)
Start importing Assets/CustomRP/Runtime/Lighting.cs using Guid(98ae4963f0b436048990d0bd05810470) Importer(815301076,1909f56bfc062723c751e8b465ee728b)  -> (artifact id: '00000000000000000000000000000000') in 0.000374 seconds
Import Error Code:(4)
Message: Build asset version error: assets/customrp/runtime/lighting.cs in SourceAssetDB has modification time of '2024-09-18T03:50:32.1130814Z' while content on disk has modification time of '2024-09-18T03:50:41.0316514Z'
  ERROR: Build asset version error: assets/customrp/runtime/lighting.cs in SourceAssetDB has modification time of '2024-09-18T03:50:32.1130814Z' while content on disk has modification time of '2024-09-18T03:50:41.0316514Z'
Number of updated asset objects reloaded before import = 0
Number of asset objects unloaded after import = 0
========================================================================
Received Import Request.
  Time since last request: 0.004976 seconds.
  path: Assets/CustomRP/Runtime/Lighting.cs
  artifactKey: Guid(98ae4963f0b436048990d0bd05810470) Importer(815301076,1909f56bfc062723c751e8b465ee728b)
Start importing Assets/CustomRP/Runtime/Lighting.cs using Guid(98ae4963f0b436048990d0bd05810470) Importer(815301076,1909f56bfc062723c751e8b465ee728b)  -> (artifact id: '00000000000000000000000000000000') in 0.000345 seconds
Import Error Code:(4)
Message: Build asset version error: assets/customrp/runtime/lighting.cs in SourceAssetDB has modification time of '2024-09-18T03:50:32.1130814Z' while content on disk has modification time of '2024-09-18T03:50:41.0316514Z'
  ERROR: Build asset version error: assets/customrp/runtime/lighting.cs in SourceAssetDB has modification time of '2024-09-18T03:50:32.1130814Z' while content on disk has modification time of '2024-09-18T03:50:41.0316514Z'
Number of updated asset objects reloaded before import = 0
Number of asset objects unloaded after import = 0
========================================================================
Received Import Request.
  Time since last request: 0.004835 seconds.
  path: Assets/CustomRP/Runtime/Lighting.cs
  artifactKey: Guid(98ae4963f0b436048990d0bd05810470) Importer(815301076,1909f56bfc062723c751e8b465ee728b)
Start importing Assets/CustomRP/Runtime/Lighting.cs using Guid(98ae4963f0b436048990d0bd05810470) Importer(815301076,1909f56bfc062723c751e8b465ee728b)  -> (artifact id: '00000000000000000000000000000000') in 0.000394 seconds
Import Error Code:(4)
Message: Build asset version error: assets/customrp/runtime/lighting.cs in SourceAssetDB has modification time of '2024-09-18T03:50:32.1130814Z' while content on disk has modification time of '2024-09-18T03:50:41.0316514Z'
  ERROR: Build asset version error: assets/customrp/runtime/lighting.cs in SourceAssetDB has modification time of '2024-09-18T03:50:32.1130814Z' while content on disk has modification time of '2024-09-18T03:50:41.0316514Z'
Number of updated asset objects reloaded before import = 0
Number of asset objects unloaded after import = 0
========================================================================
Received Import Request.
  Time since last request: 0.005143 seconds.
  path: Assets/CustomRP/Runtime/Lighting.cs
  artifactKey: Guid(98ae4963f0b436048990d0bd05810470) Importer(815301076,1909f56bfc062723c751e8b465ee728b)
Start importing Assets/CustomRP/Runtime/Lighting.cs using Guid(98ae4963f0b436048990d0bd05810470) Importer(815301076,1909f56bfc062723c751e8b465ee728b)  -> (artifact id: '00000000000000000000000000000000') in 0.000350 seconds
Import Error Code:(4)
Message: Build asset version error: assets/customrp/runtime/lighting.cs in SourceAssetDB has modification time of '2024-09-18T03:50:32.1130814Z' while content on disk has modification time of '2024-09-18T03:50:41.0316514Z'
  ERROR: Build asset version error: assets/customrp/runtime/lighting.cs in SourceAssetDB has modification time of '2024-09-18T03:50:32.1130814Z' while content on disk has modification time of '2024-09-18T03:50:41.0316514Z'
Number of updated asset objects reloaded before import = 0
Number of asset objects unloaded after import = 0
========================================================================
Received Import Request.
  Time since last request: 0.004535 seconds.
  path: Assets/CustomRP/Runtime/Lighting.cs
  artifactKey: Guid(98ae4963f0b436048990d0bd05810470) Importer(815301076,1909f56bfc062723c751e8b465ee728b)
Start importing Assets/CustomRP/Runtime/Lighting.cs using Guid(98ae4963f0b436048990d0bd05810470) Importer(815301076,1909f56bfc062723c751e8b465ee728b)  -> (artifact id: '00000000000000000000000000000000') in 0.000325 seconds
Import Error Code:(4)
Message: Build asset version error: assets/customrp/runtime/lighting.cs in SourceAssetDB has modification time of '2024-09-18T03:50:32.1130814Z' while content on disk has modification time of '2024-09-18T03:50:41.0316514Z'
  ERROR: Build asset version error: assets/customrp/runtime/lighting.cs in SourceAssetDB has modification time of '2024-09-18T03:50:32.1130814Z' while content on disk has modification time of '2024-09-18T03:50:41.0316514Z'
Number of updated asset objects reloaded before import = 0
Number of asset objects unloaded after import = 0
========================================================================
Received Import Request.
  Time since last request: 0.004748 seconds.
  path: Assets/CustomRP/Runtime/Lighting.cs
  artifactKey: Guid(98ae4963f0b436048990d0bd05810470) Importer(815301076,1909f56bfc062723c751e8b465ee728b)
Start importing Assets/CustomRP/Runtime/Lighting.cs using Guid(98ae4963f0b436048990d0bd05810470) Importer(815301076,1909f56bfc062723c751e8b465ee728b)  -> (artifact id: '00000000000000000000000000000000') in 0.000317 seconds
Import Error Code:(4)
Message: Build asset version error: assets/customrp/runtime/lighting.cs in SourceAssetDB has modification time of '2024-09-18T03:50:32.1130814Z' while content on disk has modification time of '2024-09-18T03:50:41.0316514Z'
  ERROR: Build asset version error: assets/customrp/runtime/lighting.cs in SourceAssetDB has modification time of '2024-09-18T03:50:32.1130814Z' while content on disk has modification time of '2024-09-18T03:50:41.0316514Z'
Number of updated asset objects reloaded before import = 0
Number of asset objects unloaded after import = 0
========================================================================
Received Import Request.
  Time since last request: 0.004807 seconds.
  path: Assets/CustomRP/Runtime/Lighting.cs
  artifactKey: Guid(98ae4963f0b436048990d0bd05810470) Importer(815301076,1909f56bfc062723c751e8b465ee728b)
Start importing Assets/CustomRP/Runtime/Lighting.cs using Guid(98ae4963f0b436048990d0bd05810470) Importer(815301076,1909f56bfc062723c751e8b465ee728b)  -> (artifact id: '00000000000000000000000000000000') in 0.000354 seconds
Import Error Code:(4)
Message: Build asset version error: assets/customrp/runtime/lighting.cs in SourceAssetDB has modification time of '2024-09-18T03:50:32.1130814Z' while content on disk has modification time of '2024-09-18T03:50:41.0316514Z'
  ERROR: Build asset version error: assets/customrp/runtime/lighting.cs in SourceAssetDB has modification time of '2024-09-18T03:50:32.1130814Z' while content on disk has modification time of '2024-09-18T03:50:41.0316514Z'
Number of updated asset objects reloaded before import = 0
Number of asset objects unloaded after import = 0
========================================================================
Received Import Request.
  Time since last request: 0.003197 seconds.
  path: Assets/CustomRP/Runtime/Lighting.cs
  artifactKey: Guid(98ae4963f0b436048990d0bd05810470) Importer(815301076,1909f56bfc062723c751e8b465ee728b)
Start importing Assets/CustomRP/Runtime/Lighting.cs using Guid(98ae4963f0b436048990d0bd05810470) Importer(815301076,1909f56bfc062723c751e8b465ee728b)  -> (artifact id: '00000000000000000000000000000000') in 0.000349 seconds
Import Error Code:(4)
Message: Build asset version error: assets/customrp/runtime/lighting.cs in SourceAssetDB has modification time of '2024-09-18T03:50:32.1130814Z' while content on disk has modification time of '2024-09-18T03:50:41.0316514Z'
  ERROR: Build asset version error: assets/customrp/runtime/lighting.cs in SourceAssetDB has modification time of '2024-09-18T03:50:32.1130814Z' while content on disk has modification time of '2024-09-18T03:50:41.0316514Z'
Number of updated asset objects reloaded before import = 0
Number of asset objects unloaded after import = 0
========================================================================
Received Import Request.
  Time since last request: 0.004336 seconds.
  path: Assets/CustomRP/Runtime/Lighting.cs
  artifactKey: Guid(98ae4963f0b436048990d0bd05810470) Importer(815301076,1909f56bfc062723c751e8b465ee728b)
Start importing Assets/CustomRP/Runtime/Lighting.cs using Guid(98ae4963f0b436048990d0bd05810470) Importer(815301076,1909f56bfc062723c751e8b465ee728b)  -> (artifact id: '00000000000000000000000000000000') in 0.000284 seconds
Import Error Code:(4)
Message: Build asset version error: assets/customrp/runtime/lighting.cs in SourceAssetDB has modification time of '2024-09-18T03:50:32.1130814Z' while content on disk has modification time of '2024-09-18T03:50:41.0316514Z'
  ERROR: Build asset version error: assets/customrp/runtime/lighting.cs in SourceAssetDB has modification time of '2024-09-18T03:50:32.1130814Z' while content on disk has modification time of '2024-09-18T03:50:41.0316514Z'
Number of updated asset objects reloaded before import = 0
Number of asset objects unloaded after import = 0
========================================================================
Received Import Request.
  Time since last request: 0.004612 seconds.
  path: Assets/CustomRP/Runtime/Lighting.cs
  artifactKey: Guid(98ae4963f0b436048990d0bd05810470) Importer(815301076,1909f56bfc062723c751e8b465ee728b)
Start importing Assets/CustomRP/Runtime/Lighting.cs using Guid(98ae4963f0b436048990d0bd05810470) Importer(815301076,1909f56bfc062723c751e8b465ee728b)  -> (artifact id: '00000000000000000000000000000000') in 0.000354 seconds
Import Error Code:(4)
Message: Build asset version error: assets/customrp/runtime/lighting.cs in SourceAssetDB has modification time of '2024-09-18T03:50:32.1130814Z' while content on disk has modification time of '2024-09-18T03:50:41.0316514Z'
  ERROR: Build asset version error: assets/customrp/runtime/lighting.cs in SourceAssetDB has modification time of '2024-09-18T03:50:32.1130814Z' while content on disk has modification time of '2024-09-18T03:50:41.0316514Z'
Number of updated asset objects reloaded before import = 0
Number of asset objects unloaded after import = 0
========================================================================
Received Import Request.
  Time since last request: 0.004611 seconds.
  path: Assets/CustomRP/Runtime/Lighting.cs
  artifactKey: Guid(98ae4963f0b436048990d0bd05810470) Importer(815301076,1909f56bfc062723c751e8b465ee728b)
Start importing Assets/CustomRP/Runtime/Lighting.cs using Guid(98ae4963f0b436048990d0bd05810470) Importer(815301076,1909f56bfc062723c751e8b465ee728b)  -> (artifact id: '00000000000000000000000000000000') in 0.000291 seconds
Import Error Code:(4)
Message: Build asset version error: assets/customrp/runtime/lighting.cs in SourceAssetDB has modification time of '2024-09-18T03:50:32.1130814Z' while content on disk has modification time of '2024-09-18T03:50:41.0316514Z'
  ERROR: Build asset version error: assets/customrp/runtime/lighting.cs in SourceAssetDB has modification time of '2024-09-18T03:50:32.1130814Z' while content on disk has modification time of '2024-09-18T03:50:41.0316514Z'
Number of updated asset objects reloaded before import = 0
Number of asset objects unloaded after import = 0
========================================================================
Received Import Request.
  Time since last request: 0.004745 seconds.
  path: Assets/CustomRP/Runtime/Lighting.cs
  artifactKey: Guid(98ae4963f0b436048990d0bd05810470) Importer(815301076,1909f56bfc062723c751e8b465ee728b)
Start importing Assets/CustomRP/Runtime/Lighting.cs using Guid(98ae4963f0b436048990d0bd05810470) Importer(815301076,1909f56bfc062723c751e8b465ee728b)  -> (artifact id: '00000000000000000000000000000000') in 0.000511 seconds
Import Error Code:(4)
Message: Build asset version error: assets/customrp/runtime/lighting.cs in SourceAssetDB has modification time of '2024-09-18T03:50:32.1130814Z' while content on disk has modification time of '2024-09-18T03:50:41.0316514Z'
  ERROR: Build asset version error: assets/customrp/runtime/lighting.cs in SourceAssetDB has modification time of '2024-09-18T03:50:32.1130814Z' while content on disk has modification time of '2024-09-18T03:50:41.0316514Z'
Number of updated asset objects reloaded before import = 0
Number of asset objects unloaded after import = 0
========================================================================
Received Import Request.
  Time since last request: 0.004994 seconds.
  path: Assets/CustomRP/Runtime/Lighting.cs
  artifactKey: Guid(98ae4963f0b436048990d0bd05810470) Importer(815301076,1909f56bfc062723c751e8b465ee728b)
Start importing Assets/CustomRP/Runtime/Lighting.cs using Guid(98ae4963f0b436048990d0bd05810470) Importer(815301076,1909f56bfc062723c751e8b465ee728b)  -> (artifact id: '00000000000000000000000000000000') in 0.000332 seconds
Import Error Code:(4)
Message: Build asset version error: assets/customrp/runtime/lighting.cs in SourceAssetDB has modification time of '2024-09-18T03:50:32.1130814Z' while content on disk has modification time of '2024-09-18T03:50:41.0316514Z'
  ERROR: Build asset version error: assets/customrp/runtime/lighting.cs in SourceAssetDB has modification time of '2024-09-18T03:50:32.1130814Z' while content on disk has modification time of '2024-09-18T03:50:41.0316514Z'
Number of updated asset objects reloaded before import = 0
Number of asset objects unloaded after import = 0
========================================================================
Received Import Request.
  Time since last request: 0.018951 seconds.
  path: Assets/CustomRP/Runtime/Lighting.cs
  artifactKey: Guid(98ae4963f0b436048990d0bd05810470) Importer(815301076,1909f56bfc062723c751e8b465ee728b)
Start importing Assets/CustomRP/Runtime/Lighting.cs using Guid(98ae4963f0b436048990d0bd05810470) Importer(815301076,1909f56bfc062723c751e8b465ee728b)  -> (artifact id: '00000000000000000000000000000000') in 0.000330 seconds
Import Error Code:(4)
Message: Build asset version error: assets/customrp/runtime/lighting.cs in SourceAssetDB has modification time of '2024-09-18T03:50:32.1130814Z' while content on disk has modification time of '2024-09-18T03:50:41.0316514Z'
  ERROR: Build asset version error: assets/customrp/runtime/lighting.cs in SourceAssetDB has modification time of '2024-09-18T03:50:32.1130814Z' while content on disk has modification time of '2024-09-18T03:50:41.0316514Z'
Number of updated asset objects reloaded before import = 0
Number of asset objects unloaded after import = 0
========================================================================
Received Import Request.
  Time since last request: 0.004337 seconds.
  path: Assets/CustomRP/Runtime/Lighting.cs
  artifactKey: Guid(98ae4963f0b436048990d0bd05810470) Importer(815301076,1909f56bfc062723c751e8b465ee728b)
Start importing Assets/CustomRP/Runtime/Lighting.cs using Guid(98ae4963f0b436048990d0bd05810470) Importer(815301076,1909f56bfc062723c751e8b465ee728b)  -> (artifact id: '00000000000000000000000000000000') in 0.000324 seconds
Import Error Code:(4)
Message: Build asset version error: assets/customrp/runtime/lighting.cs in SourceAssetDB has modification time of '2024-09-18T03:50:32.1130814Z' while content on disk has modification time of '2024-09-18T03:50:41.0316514Z'
  ERROR: Build asset version error: assets/customrp/runtime/lighting.cs in SourceAssetDB has modification time of '2024-09-18T03:50:32.1130814Z' while content on disk has modification time of '2024-09-18T03:50:41.0316514Z'
Number of updated asset objects reloaded before import = 0
Number of asset objects unloaded after import = 0
========================================================================
Received Import Request.
  Time since last request: 0.004214 seconds.
  path: Assets/CustomRP/Runtime/Lighting.cs
  artifactKey: Guid(98ae4963f0b436048990d0bd05810470) Importer(815301076,1909f56bfc062723c751e8b465ee728b)
Start importing Assets/CustomRP/Runtime/Lighting.cs using Guid(98ae4963f0b436048990d0bd05810470) Importer(815301076,1909f56bfc062723c751e8b465ee728b)  -> (artifact id: '00000000000000000000000000000000') in 0.000257 seconds
Import Error Code:(4)
Message: Build asset version error: assets/customrp/runtime/lighting.cs in SourceAssetDB has modification time of '2024-09-18T03:50:32.1130814Z' while content on disk has modification time of '2024-09-18T03:50:41.0316514Z'
  ERROR: Build asset version error: assets/customrp/runtime/lighting.cs in SourceAssetDB has modification time of '2024-09-18T03:50:32.1130814Z' while content on disk has modification time of '2024-09-18T03:50:41.0316514Z'
Number of updated asset objects reloaded before import = 0
Number of asset objects unloaded after import = 0
========================================================================
Received Import Request.
  Time since last request: 0.004508 seconds.
  path: Assets/CustomRP/Runtime/Lighting.cs
  artifactKey: Guid(98ae4963f0b436048990d0bd05810470) Importer(815301076,1909f56bfc062723c751e8b465ee728b)
Start importing Assets/CustomRP/Runtime/Lighting.cs using Guid(98ae4963f0b436048990d0bd05810470) Importer(815301076,1909f56bfc062723c751e8b465ee728b)  -> (artifact id: '00000000000000000000000000000000') in 0.000310 seconds
Import Error Code:(4)
Message: Build asset version error: assets/customrp/runtime/lighting.cs in SourceAssetDB has modification time of '2024-09-18T03:50:32.1130814Z' while content on disk has modification time of '2024-09-18T03:50:41.0316514Z'
  ERROR: Build asset version error: assets/customrp/runtime/lighting.cs in SourceAssetDB has modification time of '2024-09-18T03:50:32.1130814Z' while content on disk has modification time of '2024-09-18T03:50:41.0316514Z'
Number of updated asset objects reloaded before import = 0
Number of asset objects unloaded after import = 0
========================================================================
Received Import Request.
  Time since last request: 0.003858 seconds.
  path: Assets/CustomRP/Runtime/Lighting.cs
  artifactKey: Guid(98ae4963f0b436048990d0bd05810470) Importer(815301076,1909f56bfc062723c751e8b465ee728b)
Start importing Assets/CustomRP/Runtime/Lighting.cs using Guid(98ae4963f0b436048990d0bd05810470) Importer(815301076,1909f56bfc062723c751e8b465ee728b)  -> (artifact id: '00000000000000000000000000000000') in 0.000504 seconds
Import Error Code:(4)
Message: Build asset version error: assets/customrp/runtime/lighting.cs in SourceAssetDB has modification time of '2024-09-18T03:50:32.1130814Z' while content on disk has modification time of '2024-09-18T03:50:41.0316514Z'
  ERROR: Build asset version error: assets/customrp/runtime/lighting.cs in SourceAssetDB has modification time of '2024-09-18T03:50:32.1130814Z' while content on disk has modification time of '2024-09-18T03:50:41.0316514Z'
Number of updated asset objects reloaded before import = 0
Number of asset objects unloaded after import = 0
========================================================================
Received Import Request.
  Time since last request: 0.004645 seconds.
  path: Assets/CustomRP/Runtime/Lighting.cs
  artifactKey: Guid(98ae4963f0b436048990d0bd05810470) Importer(815301076,1909f56bfc062723c751e8b465ee728b)
Start importing Assets/CustomRP/Runtime/Lighting.cs using Guid(98ae4963f0b436048990d0bd05810470) Importer(815301076,1909f56bfc062723c751e8b465ee728b)  -> (artifact id: '00000000000000000000000000000000') in 0.000300 seconds
Import Error Code:(4)
Message: Build asset version error: assets/customrp/runtime/lighting.cs in SourceAssetDB has modification time of '2024-09-18T03:50:32.1130814Z' while content on disk has modification time of '2024-09-18T03:50:41.0316514Z'
  ERROR: Build asset version error: assets/customrp/runtime/lighting.cs in SourceAssetDB has modification time of '2024-09-18T03:50:32.1130814Z' while content on disk has modification time of '2024-09-18T03:50:41.0316514Z'
Number of updated asset objects reloaded before import = 0
Number of asset objects unloaded after import = 0
========================================================================
Received Import Request.
  Time since last request: 0.004403 seconds.
  path: Assets/CustomRP/Runtime/Lighting.cs
  artifactKey: Guid(98ae4963f0b436048990d0bd05810470) Importer(815301076,1909f56bfc062723c751e8b465ee728b)
Start importing Assets/CustomRP/Runtime/Lighting.cs using Guid(98ae4963f0b436048990d0bd05810470) Importer(815301076,1909f56bfc062723c751e8b465ee728b)  -> (artifact id: '00000000000000000000000000000000') in 0.000295 seconds
Import Error Code:(4)
Message: Build asset version error: assets/customrp/runtime/lighting.cs in SourceAssetDB has modification time of '2024-09-18T03:50:32.1130814Z' while content on disk has modification time of '2024-09-18T03:50:41.0316514Z'
  ERROR: Build asset version error: assets/customrp/runtime/lighting.cs in SourceAssetDB has modification time of '2024-09-18T03:50:32.1130814Z' while content on disk has modification time of '2024-09-18T03:50:41.0316514Z'
Number of updated asset objects reloaded before import = 0
Number of asset objects unloaded after import = 0
========================================================================
Received Import Request.
  Time since last request: 0.004353 seconds.
  path: Assets/CustomRP/Runtime/Lighting.cs
  artifactKey: Guid(98ae4963f0b436048990d0bd05810470) Importer(815301076,1909f56bfc062723c751e8b465ee728b)
Start importing Assets/CustomRP/Runtime/Lighting.cs using Guid(98ae4963f0b436048990d0bd05810470) Importer(815301076,1909f56bfc062723c751e8b465ee728b)  -> (artifact id: '00000000000000000000000000000000') in 0.000316 seconds
Import Error Code:(4)
Message: Build asset version error: assets/customrp/runtime/lighting.cs in SourceAssetDB has modification time of '2024-09-18T03:50:32.1130814Z' while content on disk has modification time of '2024-09-18T03:50:41.0316514Z'
  ERROR: Build asset version error: assets/customrp/runtime/lighting.cs in SourceAssetDB has modification time of '2024-09-18T03:50:32.1130814Z' while content on disk has modification time of '2024-09-18T03:50:41.0316514Z'
Number of updated asset objects reloaded before import = 0
Number of asset objects unloaded after import = 0
========================================================================
Received Import Request.
  Time since last request: 0.004391 seconds.
  path: Assets/CustomRP/Runtime/Lighting.cs
  artifactKey: Guid(98ae4963f0b436048990d0bd05810470) Importer(815301076,1909f56bfc062723c751e8b465ee728b)
Start importing Assets/CustomRP/Runtime/Lighting.cs using Guid(98ae4963f0b436048990d0bd05810470) Importer(815301076,1909f56bfc062723c751e8b465ee728b)  -> (artifact id: '00000000000000000000000000000000') in 0.000309 seconds
Import Error Code:(4)
Message: Build asset version error: assets/customrp/runtime/lighting.cs in SourceAssetDB has modification time of '2024-09-18T03:50:32.1130814Z' while content on disk has modification time of '2024-09-18T03:50:41.0316514Z'
  ERROR: Build asset version error: assets/customrp/runtime/lighting.cs in SourceAssetDB has modification time of '2024-09-18T03:50:32.1130814Z' while content on disk has modification time of '2024-09-18T03:50:41.0316514Z'
Number of updated asset objects reloaded before import = 0
Number of asset objects unloaded after import = 0
========================================================================
Received Import Request.
  Time since last request: 0.004212 seconds.
  path: Assets/CustomRP/Runtime/Lighting.cs
  artifactKey: Guid(98ae4963f0b436048990d0bd05810470) Importer(815301076,1909f56bfc062723c751e8b465ee728b)
Start importing Assets/CustomRP/Runtime/Lighting.cs using Guid(98ae4963f0b436048990d0bd05810470) Importer(815301076,1909f56bfc062723c751e8b465ee728b)  -> (artifact id: '00000000000000000000000000000000') in 0.000313 seconds
Import Error Code:(4)
Message: Build asset version error: assets/customrp/runtime/lighting.cs in SourceAssetDB has modification time of '2024-09-18T03:50:32.1130814Z' while content on disk has modification time of '2024-09-18T03:50:41.0316514Z'
  ERROR: Build asset version error: assets/customrp/runtime/lighting.cs in SourceAssetDB has modification time of '2024-09-18T03:50:32.1130814Z' while content on disk has modification time of '2024-09-18T03:50:41.0316514Z'
Number of updated asset objects reloaded before import = 0
Number of asset objects unloaded after import = 0
========================================================================
Received Import Request.
  Time since last request: 0.004085 seconds.
  path: Assets/CustomRP/Runtime/Lighting.cs
  artifactKey: Guid(98ae4963f0b436048990d0bd05810470) Importer(815301076,1909f56bfc062723c751e8b465ee728b)
Start importing Assets/CustomRP/Runtime/Lighting.cs using Guid(98ae4963f0b436048990d0bd05810470) Importer(815301076,1909f56bfc062723c751e8b465ee728b)  -> (artifact id: '00000000000000000000000000000000') in 0.000555 seconds
Import Error Code:(4)
Message: Build asset version error: assets/customrp/runtime/lighting.cs in SourceAssetDB has modification time of '2024-09-18T03:50:32.1130814Z' while content on disk has modification time of '2024-09-18T03:50:41.0316514Z'
  ERROR: Build asset version error: assets/customrp/runtime/lighting.cs in SourceAssetDB has modification time of '2024-09-18T03:50:32.1130814Z' while content on disk has modification time of '2024-09-18T03:50:41.0316514Z'
Number of updated asset objects reloaded before import = 0
Number of asset objects unloaded after import = 0
========================================================================
Received Import Request.
  Time since last request: 0.003950 seconds.
  path: Assets/CustomRP/Runtime/Lighting.cs
  artifactKey: Guid(98ae4963f0b436048990d0bd05810470) Importer(815301076,1909f56bfc062723c751e8b465ee728b)
Start importing Assets/CustomRP/Runtime/Lighting.cs using Guid(98ae4963f0b436048990d0bd05810470) Importer(815301076,1909f56bfc062723c751e8b465ee728b)  -> (artifact id: '00000000000000000000000000000000') in 0.000276 seconds
Import Error Code:(4)
Message: Build asset version error: assets/customrp/runtime/lighting.cs in SourceAssetDB has modification time of '2024-09-18T03:50:32.1130814Z' while content on disk has modification time of '2024-09-18T03:50:41.0316514Z'
  ERROR: Build asset version error: assets/customrp/runtime/lighting.cs in SourceAssetDB has modification time of '2024-09-18T03:50:32.1130814Z' while content on disk has modification time of '2024-09-18T03:50:41.0316514Z'
Number of updated asset objects reloaded before import = 0
Number of asset objects unloaded after import = 0
========================================================================
Received Import Request.
  Time since last request: 0.003874 seconds.
  path: Assets/CustomRP/Runtime/Lighting.cs
  artifactKey: Guid(98ae4963f0b436048990d0bd05810470) Importer(815301076,1909f56bfc062723c751e8b465ee728b)
Start importing Assets/CustomRP/Runtime/Lighting.cs using Guid(98ae4963f0b436048990d0bd05810470) Importer(815301076,1909f56bfc062723c751e8b465ee728b)  -> (artifact id: '00000000000000000000000000000000') in 0.000242 seconds
Import Error Code:(4)
Message: Build asset version error: assets/customrp/runtime/lighting.cs in SourceAssetDB has modification time of '2024-09-18T03:50:32.1130814Z' while content on disk has modification time of '2024-09-18T03:50:41.0316514Z'
  ERROR: Build asset version error: assets/customrp/runtime/lighting.cs in SourceAssetDB has modification time of '2024-09-18T03:50:32.1130814Z' while content on disk has modification time of '2024-09-18T03:50:41.0316514Z'
Number of updated asset objects reloaded before import = 0
Number of asset objects unloaded after import = 0
========================================================================
Received Import Request.
  Time since last request: 0.004002 seconds.
  path: Assets/CustomRP/Runtime/Lighting.cs
  artifactKey: Guid(98ae4963f0b436048990d0bd05810470) Importer(815301076,1909f56bfc062723c751e8b465ee728b)
Start importing Assets/CustomRP/Runtime/Lighting.cs using Guid(98ae4963f0b436048990d0bd05810470) Importer(815301076,1909f56bfc062723c751e8b465ee728b)  -> (artifact id: '00000000000000000000000000000000') in 0.000276 seconds
Import Error Code:(4)
Message: Build asset version error: assets/customrp/runtime/lighting.cs in SourceAssetDB has modification time of '2024-09-18T03:50:32.1130814Z' while content on disk has modification time of '2024-09-18T03:50:41.0316514Z'
  ERROR: Build asset version error: assets/customrp/runtime/lighting.cs in SourceAssetDB has modification time of '2024-09-18T03:50:32.1130814Z' while content on disk has modification time of '2024-09-18T03:50:41.0316514Z'
Number of updated asset objects reloaded before import = 0
Number of asset objects unloaded after import = 0
========================================================================
Received Import Request.
  Time since last request: 0.004372 seconds.
  path: Assets/CustomRP/Runtime/Lighting.cs
  artifactKey: Guid(98ae4963f0b436048990d0bd05810470) Importer(815301076,1909f56bfc062723c751e8b465ee728b)
Start importing Assets/CustomRP/Runtime/Lighting.cs using Guid(98ae4963f0b436048990d0bd05810470) Importer(815301076,1909f56bfc062723c751e8b465ee728b)  -> (artifact id: '00000000000000000000000000000000') in 0.000290 seconds
Import Error Code:(4)
Message: Build asset version error: assets/customrp/runtime/lighting.cs in SourceAssetDB has modification time of '2024-09-18T03:50:32.1130814Z' while content on disk has modification time of '2024-09-18T03:50:41.0316514Z'
  ERROR: Build asset version error: assets/customrp/runtime/lighting.cs in SourceAssetDB has modification time of '2024-09-18T03:50:32.1130814Z' while content on disk has modification time of '2024-09-18T03:50:41.0316514Z'
Number of updated asset objects reloaded before import = 0
Number of asset objects unloaded after import = 0
========================================================================
Received Import Request.
  Time since last request: 0.004159 seconds.
  path: Assets/CustomRP/Runtime/Lighting.cs
  artifactKey: Guid(98ae4963f0b436048990d0bd05810470) Importer(815301076,1909f56bfc062723c751e8b465ee728b)
Start importing Assets/CustomRP/Runtime/Lighting.cs using Guid(98ae4963f0b436048990d0bd05810470) Importer(815301076,1909f56bfc062723c751e8b465ee728b)  -> (artifact id: '00000000000000000000000000000000') in 0.000285 seconds
Import Error Code:(4)
Message: Build asset version error: assets/customrp/runtime/lighting.cs in SourceAssetDB has modification time of '2024-09-18T03:50:32.1130814Z' while content on disk has modification time of '2024-09-18T03:50:41.0316514Z'
  ERROR: Build asset version error: assets/customrp/runtime/lighting.cs in SourceAssetDB has modification time of '2024-09-18T03:50:32.1130814Z' while content on disk has modification time of '2024-09-18T03:50:41.0316514Z'
Number of updated asset objects reloaded before import = 0
Number of asset objects unloaded after import = 0
========================================================================
Received Import Request.
  Time since last request: 0.004625 seconds.
  path: Assets/CustomRP/Runtime/Lighting.cs
  artifactKey: Guid(98ae4963f0b436048990d0bd05810470) Importer(815301076,1909f56bfc062723c751e8b465ee728b)
Start importing Assets/CustomRP/Runtime/Lighting.cs using Guid(98ae4963f0b436048990d0bd05810470) Importer(815301076,1909f56bfc062723c751e8b465ee728b)  -> (artifact id: '00000000000000000000000000000000') in 0.000313 seconds
Import Error Code:(4)
Message: Build asset version error: assets/customrp/runtime/lighting.cs in SourceAssetDB has modification time of '2024-09-18T03:50:32.1130814Z' while content on disk has modification time of '2024-09-18T03:50:41.0316514Z'
  ERROR: Build asset version error: assets/customrp/runtime/lighting.cs in SourceAssetDB has modification time of '2024-09-18T03:50:32.1130814Z' while content on disk has modification time of '2024-09-18T03:50:41.0316514Z'
Number of updated asset objects reloaded before import = 0
Number of asset objects unloaded after import = 0
========================================================================
Received Import Request.
  Time since last request: 0.004969 seconds.
  path: Assets/CustomRP/Runtime/Lighting.cs
  artifactKey: Guid(98ae4963f0b436048990d0bd05810470) Importer(815301076,1909f56bfc062723c751e8b465ee728b)
Start importing Assets/CustomRP/Runtime/Lighting.cs using Guid(98ae4963f0b436048990d0bd05810470) Importer(815301076,1909f56bfc062723c751e8b465ee728b)  -> (artifact id: '00000000000000000000000000000000') in 0.000320 seconds
Import Error Code:(4)
Message: Build asset version error: assets/customrp/runtime/lighting.cs in SourceAssetDB has modification time of '2024-09-18T03:50:32.1130814Z' while content on disk has modification time of '2024-09-18T03:50:41.0316514Z'
  ERROR: Build asset version error: assets/customrp/runtime/lighting.cs in SourceAssetDB has modification time of '2024-09-18T03:50:32.1130814Z' while content on disk has modification time of '2024-09-18T03:50:41.0316514Z'
Number of updated asset objects reloaded before import = 0
Number of asset objects unloaded after import = 0
========================================================================
Received Import Request.
  Time since last request: 0.004255 seconds.
  path: Assets/CustomRP/Runtime/Lighting.cs
  artifactKey: Guid(98ae4963f0b436048990d0bd05810470) Importer(815301076,1909f56bfc062723c751e8b465ee728b)
Start importing Assets/CustomRP/Runtime/Lighting.cs using Guid(98ae4963f0b436048990d0bd05810470) Importer(815301076,1909f56bfc062723c751e8b465ee728b)  -> (artifact id: '00000000000000000000000000000000') in 0.000273 seconds
Import Error Code:(4)
Message: Build asset version error: assets/customrp/runtime/lighting.cs in SourceAssetDB has modification time of '2024-09-18T03:50:32.1130814Z' while content on disk has modification time of '2024-09-18T03:50:41.0316514Z'
  ERROR: Build asset version error: assets/customrp/runtime/lighting.cs in SourceAssetDB has modification time of '2024-09-18T03:50:32.1130814Z' while content on disk has modification time of '2024-09-18T03:50:41.0316514Z'
Number of updated asset objects reloaded before import = 0
Number of asset objects unloaded after import = 0
========================================================================
Received Import Request.
  Time since last request: 0.004657 seconds.
  path: Assets/CustomRP/Runtime/Lighting.cs
  artifactKey: Guid(98ae4963f0b436048990d0bd05810470) Importer(815301076,1909f56bfc062723c751e8b465ee728b)
Start importing Assets/CustomRP/Runtime/Lighting.cs using Guid(98ae4963f0b436048990d0bd05810470) Importer(815301076,1909f56bfc062723c751e8b465ee728b)  -> (artifact id: '00000000000000000000000000000000') in 0.000362 seconds
Import Error Code:(4)
Message: Build asset version error: assets/customrp/runtime/lighting.cs in SourceAssetDB has modification time of '2024-09-18T03:50:32.1130814Z' while content on disk has modification time of '2024-09-18T03:50:41.0316514Z'
  ERROR: Build asset version error: assets/customrp/runtime/lighting.cs in SourceAssetDB has modification time of '2024-09-18T03:50:32.1130814Z' while content on disk has modification time of '2024-09-18T03:50:41.0316514Z'
Number of updated asset objects reloaded before import = 0
Number of asset objects unloaded after import = 0
========================================================================
Received Import Request.
  Time since last request: 0.004433 seconds.
  path: Assets/CustomRP/Runtime/Lighting.cs
  artifactKey: Guid(98ae4963f0b436048990d0bd05810470) Importer(815301076,1909f56bfc062723c751e8b465ee728b)
Start importing Assets/CustomRP/Runtime/Lighting.cs using Guid(98ae4963f0b436048990d0bd05810470) Importer(815301076,1909f56bfc062723c751e8b465ee728b)  -> (artifact id: '00000000000000000000000000000000') in 0.000342 seconds
Import Error Code:(4)
Message: Build asset version error: assets/customrp/runtime/lighting.cs in SourceAssetDB has modification time of '2024-09-18T03:50:32.1130814Z' while content on disk has modification time of '2024-09-18T03:50:41.0316514Z'
  ERROR: Build asset version error: assets/customrp/runtime/lighting.cs in SourceAssetDB has modification time of '2024-09-18T03:50:32.1130814Z' while content on disk has modification time of '2024-09-18T03:50:41.0316514Z'
Number of updated asset objects reloaded before import = 0
Number of asset objects unloaded after import = 0
========================================================================
Received Import Request.
  Time since last request: 0.003855 seconds.
  path: Assets/CustomRP/Runtime/Lighting.cs
  artifactKey: Guid(98ae4963f0b436048990d0bd05810470) Importer(815301076,1909f56bfc062723c751e8b465ee728b)
Start importing Assets/CustomRP/Runtime/Lighting.cs using Guid(98ae4963f0b436048990d0bd05810470) Importer(815301076,1909f56bfc062723c751e8b465ee728b)  -> (artifact id: '00000000000000000000000000000000') in 0.000285 seconds
Import Error Code:(4)
Message: Build asset version error: assets/customrp/runtime/lighting.cs in SourceAssetDB has modification time of '2024-09-18T03:50:32.1130814Z' while content on disk has modification time of '2024-09-18T03:50:41.0316514Z'
  ERROR: Build asset version error: assets/customrp/runtime/lighting.cs in SourceAssetDB has modification time of '2024-09-18T03:50:32.1130814Z' while content on disk has modification time of '2024-09-18T03:50:41.0316514Z'
Number of updated asset objects reloaded before import = 0
Number of asset objects unloaded after import = 0
========================================================================
Received Import Request.
  Time since last request: 0.003855 seconds.
  path: Assets/CustomRP/Runtime/Lighting.cs
  artifactKey: Guid(98ae4963f0b436048990d0bd05810470) Importer(815301076,1909f56bfc062723c751e8b465ee728b)
Start importing Assets/CustomRP/Runtime/Lighting.cs using Guid(98ae4963f0b436048990d0bd05810470) Importer(815301076,1909f56bfc062723c751e8b465ee728b)  -> (artifact id: '00000000000000000000000000000000') in 0.000242 seconds
Import Error Code:(4)
Message: Build asset version error: assets/customrp/runtime/lighting.cs in SourceAssetDB has modification time of '2024-09-18T03:50:32.1130814Z' while content on disk has modification time of '2024-09-18T03:50:41.0316514Z'
  ERROR: Build asset version error: assets/customrp/runtime/lighting.cs in SourceAssetDB has modification time of '2024-09-18T03:50:32.1130814Z' while content on disk has modification time of '2024-09-18T03:50:41.0316514Z'
Number of updated asset objects reloaded before import = 0
Number of asset objects unloaded after import = 0
========================================================================
Received Import Request.
  Time since last request: 0.004637 seconds.
  path: Assets/CustomRP/Runtime/Lighting.cs
  artifactKey: Guid(98ae4963f0b436048990d0bd05810470) Importer(815301076,1909f56bfc062723c751e8b465ee728b)
Start importing Assets/CustomRP/Runtime/Lighting.cs using Guid(98ae4963f0b436048990d0bd05810470) Importer(815301076,1909f56bfc062723c751e8b465ee728b)  -> (artifact id: '00000000000000000000000000000000') in 0.000315 seconds
Import Error Code:(4)
Message: Build asset version error: assets/customrp/runtime/lighting.cs in SourceAssetDB has modification time of '2024-09-18T03:50:32.1130814Z' while content on disk has modification time of '2024-09-18T03:50:41.0316514Z'
  ERROR: Build asset version error: assets/customrp/runtime/lighting.cs in SourceAssetDB has modification time of '2024-09-18T03:50:32.1130814Z' while content on disk has modification time of '2024-09-18T03:50:41.0316514Z'
Number of updated asset objects reloaded before import = 0
Number of asset objects unloaded after import = 0
========================================================================
Received Import Request.
  Time since last request: 0.003726 seconds.
  path: Assets/CustomRP/Runtime/Lighting.cs
  artifactKey: Guid(98ae4963f0b436048990d0bd05810470) Importer(815301076,1909f56bfc062723c751e8b465ee728b)
Start importing Assets/CustomRP/Runtime/Lighting.cs using Guid(98ae4963f0b436048990d0bd05810470) Importer(815301076,1909f56bfc062723c751e8b465ee728b)  -> (artifact id: '00000000000000000000000000000000') in 0.000246 seconds
Import Error Code:(4)
Message: Build asset version error: assets/customrp/runtime/lighting.cs in SourceAssetDB has modification time of '2024-09-18T03:50:32.1130814Z' while content on disk has modification time of '2024-09-18T03:50:41.0316514Z'
  ERROR: Build asset version error: assets/customrp/runtime/lighting.cs in SourceAssetDB has modification time of '2024-09-18T03:50:32.1130814Z' while content on disk has modification time of '2024-09-18T03:50:41.0316514Z'
Number of updated asset objects reloaded before import = 0
Number of asset objects unloaded after import = 0
========================================================================
Received Import Request.
  Time since last request: 0.004032 seconds.
  path: Assets/CustomRP/Runtime/Lighting.cs
  artifactKey: Guid(98ae4963f0b436048990d0bd05810470) Importer(815301076,1909f56bfc062723c751e8b465ee728b)
Start importing Assets/CustomRP/Runtime/Lighting.cs using Guid(98ae4963f0b436048990d0bd05810470) Importer(815301076,1909f56bfc062723c751e8b465ee728b)  -> (artifact id: '00000000000000000000000000000000') in 0.000245 seconds
Import Error Code:(4)
Message: Build asset version error: assets/customrp/runtime/lighting.cs in SourceAssetDB has modification time of '2024-09-18T03:50:32.1130814Z' while content on disk has modification time of '2024-09-18T03:50:41.0316514Z'
  ERROR: Build asset version error: assets/customrp/runtime/lighting.cs in SourceAssetDB has modification time of '2024-09-18T03:50:32.1130814Z' while content on disk has modification time of '2024-09-18T03:50:41.0316514Z'
Number of updated asset objects reloaded before import = 0
Number of asset objects unloaded after import = 0
========================================================================
Received Import Request.
  Time since last request: 0.004548 seconds.
  path: Assets/CustomRP/Runtime/Lighting.cs
  artifactKey: Guid(98ae4963f0b436048990d0bd05810470) Importer(815301076,1909f56bfc062723c751e8b465ee728b)
Start importing Assets/CustomRP/Runtime/Lighting.cs using Guid(98ae4963f0b436048990d0bd05810470) Importer(815301076,1909f56bfc062723c751e8b465ee728b)  -> (artifact id: '00000000000000000000000000000000') in 0.000338 seconds
Import Error Code:(4)
Message: Build asset version error: assets/customrp/runtime/lighting.cs in SourceAssetDB has modification time of '2024-09-18T03:50:32.1130814Z' while content on disk has modification time of '2024-09-18T03:50:41.0316514Z'
  ERROR: Build asset version error: assets/customrp/runtime/lighting.cs in SourceAssetDB has modification time of '2024-09-18T03:50:32.1130814Z' while content on disk has modification time of '2024-09-18T03:50:41.0316514Z'
Number of updated asset objects reloaded before import = 0
Number of asset objects unloaded after import = 0
========================================================================
Received Import Request.
  Time since last request: 0.004379 seconds.
  path: Assets/CustomRP/Runtime/Lighting.cs
  artifactKey: Guid(98ae4963f0b436048990d0bd05810470) Importer(815301076,1909f56bfc062723c751e8b465ee728b)
Start importing Assets/CustomRP/Runtime/Lighting.cs using Guid(98ae4963f0b436048990d0bd05810470) Importer(815301076,1909f56bfc062723c751e8b465ee728b)  -> (artifact id: '00000000000000000000000000000000') in 0.000353 seconds
Import Error Code:(4)
Message: Build asset version error: assets/customrp/runtime/lighting.cs in SourceAssetDB has modification time of '2024-09-18T03:50:32.1130814Z' while content on disk has modification time of '2024-09-18T03:50:41.0316514Z'
  ERROR: Build asset version error: assets/customrp/runtime/lighting.cs in SourceAssetDB has modification time of '2024-09-18T03:50:32.1130814Z' while content on disk has modification time of '2024-09-18T03:50:41.0316514Z'
Number of updated asset objects reloaded before import = 0
Number of asset objects unloaded after import = 0
========================================================================
Received Import Request.
  Time since last request: 0.004304 seconds.
  path: Assets/CustomRP/Runtime/Lighting.cs
  artifactKey: Guid(98ae4963f0b436048990d0bd05810470) Importer(815301076,1909f56bfc062723c751e8b465ee728b)
Start importing Assets/CustomRP/Runtime/Lighting.cs using Guid(98ae4963f0b436048990d0bd05810470) Importer(815301076,1909f56bfc062723c751e8b465ee728b)  -> (artifact id: '00000000000000000000000000000000') in 0.000301 seconds
Import Error Code:(4)
Message: Build asset version error: assets/customrp/runtime/lighting.cs in SourceAssetDB has modification time of '2024-09-18T03:50:32.1130814Z' while content on disk has modification time of '2024-09-18T03:50:41.0316514Z'
  ERROR: Build asset version error: assets/customrp/runtime/lighting.cs in SourceAssetDB has modification time of '2024-09-18T03:50:32.1130814Z' while content on disk has modification time of '2024-09-18T03:50:41.0316514Z'
Number of updated asset objects reloaded before import = 0
Number of asset objects unloaded after import = 0
========================================================================
Received Import Request.
  Time since last request: 0.004601 seconds.
  path: Assets/CustomRP/Runtime/Lighting.cs
  artifactKey: Guid(98ae4963f0b436048990d0bd05810470) Importer(815301076,1909f56bfc062723c751e8b465ee728b)
Start importing Assets/CustomRP/Runtime/Lighting.cs using Guid(98ae4963f0b436048990d0bd05810470) Importer(815301076,1909f56bfc062723c751e8b465ee728b)  -> (artifact id: '00000000000000000000000000000000') in 0.000332 seconds
Import Error Code:(4)
Message: Build asset version error: assets/customrp/runtime/lighting.cs in SourceAssetDB has modification time of '2024-09-18T03:50:32.1130814Z' while content on disk has modification time of '2024-09-18T03:50:41.0316514Z'
  ERROR: Build asset version error: assets/customrp/runtime/lighting.cs in SourceAssetDB has modification time of '2024-09-18T03:50:32.1130814Z' while content on disk has modification time of '2024-09-18T03:50:41.0316514Z'
Number of updated asset objects reloaded before import = 0
Number of asset objects unloaded after import = 0
========================================================================
Received Import Request.
  Time since last request: 0.005228 seconds.
  path: Assets/CustomRP/Runtime/Lighting.cs
  artifactKey: Guid(98ae4963f0b436048990d0bd05810470) Importer(815301076,1909f56bfc062723c751e8b465ee728b)
Start importing Assets/CustomRP/Runtime/Lighting.cs using Guid(98ae4963f0b436048990d0bd05810470) Importer(815301076,1909f56bfc062723c751e8b465ee728b)  -> (artifact id: '00000000000000000000000000000000') in 0.000336 seconds
Import Error Code:(4)
Message: Build asset version error: assets/customrp/runtime/lighting.cs in SourceAssetDB has modification time of '2024-09-18T03:50:32.1130814Z' while content on disk has modification time of '2024-09-18T03:50:41.0316514Z'
  ERROR: Build asset version error: assets/customrp/runtime/lighting.cs in SourceAssetDB has modification time of '2024-09-18T03:50:32.1130814Z' while content on disk has modification time of '2024-09-18T03:50:41.0316514Z'
Number of updated asset objects reloaded before import = 0
Number of asset objects unloaded after import = 0
========================================================================
Received Import Request.
  Time since last request: 0.004232 seconds.
  path: Assets/CustomRP/Runtime/Lighting.cs
  artifactKey: Guid(98ae4963f0b436048990d0bd05810470) Importer(815301076,1909f56bfc062723c751e8b465ee728b)
Start importing Assets/CustomRP/Runtime/Lighting.cs using Guid(98ae4963f0b436048990d0bd05810470) Importer(815301076,1909f56bfc062723c751e8b465ee728b)  -> (artifact id: '00000000000000000000000000000000') in 0.000376 seconds
Import Error Code:(4)
Message: Build asset version error: assets/customrp/runtime/lighting.cs in SourceAssetDB has modification time of '2024-09-18T03:50:32.1130814Z' while content on disk has modification time of '2024-09-18T03:50:41.0316514Z'
  ERROR: Build asset version error: assets/customrp/runtime/lighting.cs in SourceAssetDB has modification time of '2024-09-18T03:50:32.1130814Z' while content on disk has modification time of '2024-09-18T03:50:41.0316514Z'
Number of updated asset objects reloaded before import = 0
Number of asset objects unloaded after import = 0
========================================================================
Received Import Request.
  Time since last request: 0.004813 seconds.
  path: Assets/CustomRP/Runtime/Lighting.cs
  artifactKey: Guid(98ae4963f0b436048990d0bd05810470) Importer(815301076,1909f56bfc062723c751e8b465ee728b)
Start importing Assets/CustomRP/Runtime/Lighting.cs using Guid(98ae4963f0b436048990d0bd05810470) Importer(815301076,1909f56bfc062723c751e8b465ee728b)  -> (artifact id: '00000000000000000000000000000000') in 0.000360 seconds
Import Error Code:(4)
Message: Build asset version error: assets/customrp/runtime/lighting.cs in SourceAssetDB has modification time of '2024-09-18T03:50:32.1130814Z' while content on disk has modification time of '2024-09-18T03:50:41.0316514Z'
  ERROR: Build asset version error: assets/customrp/runtime/lighting.cs in SourceAssetDB has modification time of '2024-09-18T03:50:32.1130814Z' while content on disk has modification time of '2024-09-18T03:50:41.0316514Z'
Number of updated asset objects reloaded before import = 0
Number of asset objects unloaded after import = 0
========================================================================
Received Import Request.
  Time since last request: 0.005007 seconds.
  path: Assets/CustomRP/Runtime/Lighting.cs
  artifactKey: Guid(98ae4963f0b436048990d0bd05810470) Importer(815301076,1909f56bfc062723c751e8b465ee728b)
Start importing Assets/CustomRP/Runtime/Lighting.cs using Guid(98ae4963f0b436048990d0bd05810470) Importer(815301076,1909f56bfc062723c751e8b465ee728b)  -> (artifact id: '00000000000000000000000000000000') in 0.000322 seconds
Import Error Code:(4)
Message: Build asset version error: assets/customrp/runtime/lighting.cs in SourceAssetDB has modification time of '2024-09-18T03:50:32.1130814Z' while content on disk has modification time of '2024-09-18T03:50:41.0316514Z'
  ERROR: Build asset version error: assets/customrp/runtime/lighting.cs in SourceAssetDB has modification time of '2024-09-18T03:50:32.1130814Z' while content on disk has modification time of '2024-09-18T03:50:41.0316514Z'
Number of updated asset objects reloaded before import = 0
Number of asset objects unloaded after import = 0
========================================================================
Received Import Request.
  Time since last request: 0.003944 seconds.
  path: Assets/CustomRP/Runtime/Lighting.cs
  artifactKey: Guid(98ae4963f0b436048990d0bd05810470) Importer(815301076,1909f56bfc062723c751e8b465ee728b)
Start importing Assets/CustomRP/Runtime/Lighting.cs using Guid(98ae4963f0b436048990d0bd05810470) Importer(815301076,1909f56bfc062723c751e8b465ee728b)  -> (artifact id: '00000000000000000000000000000000') in 0.000274 seconds
Import Error Code:(4)
Message: Build asset version error: assets/customrp/runtime/lighting.cs in SourceAssetDB has modification time of '2024-09-18T03:50:32.1130814Z' while content on disk has modification time of '2024-09-18T03:50:41.0316514Z'
  ERROR: Build asset version error: assets/customrp/runtime/lighting.cs in SourceAssetDB has modification time of '2024-09-18T03:50:32.1130814Z' while content on disk has modification time of '2024-09-18T03:50:41.0316514Z'
Number of updated asset objects reloaded before import = 0
Number of asset objects unloaded after import = 0
========================================================================
Received Import Request.
  Time since last request: 0.004339 seconds.
  path: Assets/CustomRP/Runtime/Lighting.cs
  artifactKey: Guid(98ae4963f0b436048990d0bd05810470) Importer(815301076,1909f56bfc062723c751e8b465ee728b)
Start importing Assets/CustomRP/Runtime/Lighting.cs using Guid(98ae4963f0b436048990d0bd05810470) Importer(815301076,1909f56bfc062723c751e8b465ee728b)  -> (artifact id: '00000000000000000000000000000000') in 0.000317 seconds
Import Error Code:(4)
Message: Build asset version error: assets/customrp/runtime/lighting.cs in SourceAssetDB has modification time of '2024-09-18T03:50:32.1130814Z' while content on disk has modification time of '2024-09-18T03:50:41.0316514Z'
  ERROR: Build asset version error: assets/customrp/runtime/lighting.cs in SourceAssetDB has modification time of '2024-09-18T03:50:32.1130814Z' while content on disk has modification time of '2024-09-18T03:50:41.0316514Z'
Number of updated asset objects reloaded before import = 0
Number of asset objects unloaded after import = 0
========================================================================
Received Import Request.
  Time since last request: 0.004439 seconds.
  path: Assets/CustomRP/Runtime/Lighting.cs
  artifactKey: Guid(98ae4963f0b436048990d0bd05810470) Importer(815301076,1909f56bfc062723c751e8b465ee728b)
Start importing Assets/CustomRP/Runtime/Lighting.cs using Guid(98ae4963f0b436048990d0bd05810470) Importer(815301076,1909f56bfc062723c751e8b465ee728b)  -> (artifact id: '00000000000000000000000000000000') in 0.000309 seconds
Import Error Code:(4)
Message: Build asset version error: assets/customrp/runtime/lighting.cs in SourceAssetDB has modification time of '2024-09-18T03:50:32.1130814Z' while content on disk has modification time of '2024-09-18T03:50:41.0316514Z'
  ERROR: Build asset version error: assets/customrp/runtime/lighting.cs in SourceAssetDB has modification time of '2024-09-18T03:50:32.1130814Z' while content on disk has modification time of '2024-09-18T03:50:41.0316514Z'
Number of updated asset objects reloaded before import = 0
Number of asset objects unloaded after import = 0
========================================================================
Received Import Request.
  Time since last request: 0.004145 seconds.
  path: Assets/CustomRP/Runtime/Lighting.cs
  artifactKey: Guid(98ae4963f0b436048990d0bd05810470) Importer(815301076,1909f56bfc062723c751e8b465ee728b)
Start importing Assets/CustomRP/Runtime/Lighting.cs using Guid(98ae4963f0b436048990d0bd05810470) Importer(815301076,1909f56bfc062723c751e8b465ee728b)  -> (artifact id: '00000000000000000000000000000000') in 0.000267 seconds
Import Error Code:(4)
Message: Build asset version error: assets/customrp/runtime/lighting.cs in SourceAssetDB has modification time of '2024-09-18T03:50:32.1130814Z' while content on disk has modification time of '2024-09-18T03:50:41.0316514Z'
  ERROR: Build asset version error: assets/customrp/runtime/lighting.cs in SourceAssetDB has modification time of '2024-09-18T03:50:32.1130814Z' while content on disk has modification time of '2024-09-18T03:50:41.0316514Z'
Number of updated asset objects reloaded before import = 0
Number of asset objects unloaded after import = 0
========================================================================
Received Import Request.
  Time since last request: 0.004357 seconds.
  path: Assets/CustomRP/Runtime/Lighting.cs
  artifactKey: Guid(98ae4963f0b436048990d0bd05810470) Importer(815301076,1909f56bfc062723c751e8b465ee728b)
Start importing Assets/CustomRP/Runtime/Lighting.cs using Guid(98ae4963f0b436048990d0bd05810470) Importer(815301076,1909f56bfc062723c751e8b465ee728b)  -> (artifact id: '00000000000000000000000000000000') in 0.000326 seconds
Import Error Code:(4)
Message: Build asset version error: assets/customrp/runtime/lighting.cs in SourceAssetDB has modification time of '2024-09-18T03:50:32.1130814Z' while content on disk has modification time of '2024-09-18T03:50:41.0316514Z'
  ERROR: Build asset version error: assets/customrp/runtime/lighting.cs in SourceAssetDB has modification time of '2024-09-18T03:50:32.1130814Z' while content on disk has modification time of '2024-09-18T03:50:41.0316514Z'
Number of updated asset objects reloaded before import = 0
Number of asset objects unloaded after import = 0
========================================================================
Received Import Request.
  Time since last request: 0.004216 seconds.
  path: Assets/CustomRP/Runtime/Lighting.cs
  artifactKey: Guid(98ae4963f0b436048990d0bd05810470) Importer(815301076,1909f56bfc062723c751e8b465ee728b)
Start importing Assets/CustomRP/Runtime/Lighting.cs using Guid(98ae4963f0b436048990d0bd05810470) Importer(815301076,1909f56bfc062723c751e8b465ee728b)  -> (artifact id: '00000000000000000000000000000000') in 0.000275 seconds
Import Error Code:(4)
Message: Build asset version error: assets/customrp/runtime/lighting.cs in SourceAssetDB has modification time of '2024-09-18T03:50:32.1130814Z' while content on disk has modification time of '2024-09-18T03:50:41.0316514Z'
  ERROR: Build asset version error: assets/customrp/runtime/lighting.cs in SourceAssetDB has modification time of '2024-09-18T03:50:32.1130814Z' while content on disk has modification time of '2024-09-18T03:50:41.0316514Z'
Number of updated asset objects reloaded before import = 0
Number of asset objects unloaded after import = 0
========================================================================
Received Import Request.
  Time since last request: 0.004416 seconds.
  path: Assets/CustomRP/Runtime/Lighting.cs
  artifactKey: Guid(98ae4963f0b436048990d0bd05810470) Importer(815301076,1909f56bfc062723c751e8b465ee728b)
Start importing Assets/CustomRP/Runtime/Lighting.cs using Guid(98ae4963f0b436048990d0bd05810470) Importer(815301076,1909f56bfc062723c751e8b465ee728b)  -> (artifact id: '00000000000000000000000000000000') in 0.000263 seconds
Import Error Code:(4)
Message: Build asset version error: assets/customrp/runtime/lighting.cs in SourceAssetDB has modification time of '2024-09-18T03:50:32.1130814Z' while content on disk has modification time of '2024-09-18T03:50:41.0316514Z'
  ERROR: Build asset version error: assets/customrp/runtime/lighting.cs in SourceAssetDB has modification time of '2024-09-18T03:50:32.1130814Z' while content on disk has modification time of '2024-09-18T03:50:41.0316514Z'
Number of updated asset objects reloaded before import = 0
Number of asset objects unloaded after import = 0
========================================================================
Received Import Request.
  Time since last request: 0.004010 seconds.
  path: Assets/CustomRP/Runtime/Lighting.cs
  artifactKey: Guid(98ae4963f0b436048990d0bd05810470) Importer(815301076,1909f56bfc062723c751e8b465ee728b)
Start importing Assets/CustomRP/Runtime/Lighting.cs using Guid(98ae4963f0b436048990d0bd05810470) Importer(815301076,1909f56bfc062723c751e8b465ee728b)  -> (artifact id: '00000000000000000000000000000000') in 0.000275 seconds
Import Error Code:(4)
Message: Build asset version error: assets/customrp/runtime/lighting.cs in SourceAssetDB has modification time of '2024-09-18T03:50:32.1130814Z' while content on disk has modification time of '2024-09-18T03:50:41.0316514Z'
  ERROR: Build asset version error: assets/customrp/runtime/lighting.cs in SourceAssetDB has modification time of '2024-09-18T03:50:32.1130814Z' while content on disk has modification time of '2024-09-18T03:50:41.0316514Z'
Number of updated asset objects reloaded before import = 0
Number of asset objects unloaded after import = 0
========================================================================
Received Import Request.
  Time since last request: 0.004155 seconds.
  path: Assets/CustomRP/Runtime/Lighting.cs
  artifactKey: Guid(98ae4963f0b436048990d0bd05810470) Importer(815301076,1909f56bfc062723c751e8b465ee728b)
Start importing Assets/CustomRP/Runtime/Lighting.cs using Guid(98ae4963f0b436048990d0bd05810470) Importer(815301076,1909f56bfc062723c751e8b465ee728b)  -> (artifact id: '00000000000000000000000000000000') in 0.000241 seconds
Import Error Code:(4)
Message: Build asset version error: assets/customrp/runtime/lighting.cs in SourceAssetDB has modification time of '2024-09-18T03:50:32.1130814Z' while content on disk has modification time of '2024-09-18T03:50:41.0316514Z'
  ERROR: Build asset version error: assets/customrp/runtime/lighting.cs in SourceAssetDB has modification time of '2024-09-18T03:50:32.1130814Z' while content on disk has modification time of '2024-09-18T03:50:41.0316514Z'
Number of updated asset objects reloaded before import = 0
Number of asset objects unloaded after import = 0
========================================================================
Received Import Request.
  Time since last request: 0.004069 seconds.
  path: Assets/CustomRP/Runtime/Lighting.cs
  artifactKey: Guid(98ae4963f0b436048990d0bd05810470) Importer(815301076,1909f56bfc062723c751e8b465ee728b)
Start importing Assets/CustomRP/Runtime/Lighting.cs using Guid(98ae4963f0b436048990d0bd05810470) Importer(815301076,1909f56bfc062723c751e8b465ee728b)  -> (artifact id: '00000000000000000000000000000000') in 0.000289 seconds
Import Error Code:(4)
Message: Build asset version error: assets/customrp/runtime/lighting.cs in SourceAssetDB has modification time of '2024-09-18T03:50:32.1130814Z' while content on disk has modification time of '2024-09-18T03:50:41.0316514Z'
  ERROR: Build asset version error: assets/customrp/runtime/lighting.cs in SourceAssetDB has modification time of '2024-09-18T03:50:32.1130814Z' while content on disk has modification time of '2024-09-18T03:50:41.0316514Z'
Number of updated asset objects reloaded before import = 0
Number of asset objects unloaded after import = 0
========================================================================
Received Import Request.
  Time since last request: 0.003940 seconds.
  path: Assets/CustomRP/Runtime/Lighting.cs
  artifactKey: Guid(98ae4963f0b436048990d0bd05810470) Importer(815301076,1909f56bfc062723c751e8b465ee728b)
Start importing Assets/CustomRP/Runtime/Lighting.cs using Guid(98ae4963f0b436048990d0bd05810470) Importer(815301076,1909f56bfc062723c751e8b465ee728b)  -> (artifact id: '00000000000000000000000000000000') in 0.000288 seconds
Import Error Code:(4)
Message: Build asset version error: assets/customrp/runtime/lighting.cs in SourceAssetDB has modification time of '2024-09-18T03:50:32.1130814Z' while content on disk has modification time of '2024-09-18T03:50:41.0316514Z'
  ERROR: Build asset version error: assets/customrp/runtime/lighting.cs in SourceAssetDB has modification time of '2024-09-18T03:50:32.1130814Z' while content on disk has modification time of '2024-09-18T03:50:41.0316514Z'
Number of updated asset objects reloaded before import = 0
Number of asset objects unloaded after import = 0
========================================================================
Received Import Request.
  Time since last request: 0.004263 seconds.
  path: Assets/CustomRP/Runtime/Lighting.cs
  artifactKey: Guid(98ae4963f0b436048990d0bd05810470) Importer(815301076,1909f56bfc062723c751e8b465ee728b)
Start importing Assets/CustomRP/Runtime/Lighting.cs using Guid(98ae4963f0b436048990d0bd05810470) Importer(815301076,1909f56bfc062723c751e8b465ee728b)  -> (artifact id: '00000000000000000000000000000000') in 0.000306 seconds
Import Error Code:(4)
Message: Build asset version error: assets/customrp/runtime/lighting.cs in SourceAssetDB has modification time of '2024-09-18T03:50:32.1130814Z' while content on disk has modification time of '2024-09-18T03:50:41.0316514Z'
  ERROR: Build asset version error: assets/customrp/runtime/lighting.cs in SourceAssetDB has modification time of '2024-09-18T03:50:32.1130814Z' while content on disk has modification time of '2024-09-18T03:50:41.0316514Z'
Number of updated asset objects reloaded before import = 0
Number of asset objects unloaded after import = 0
========================================================================
Received Import Request.
  Time since last request: 0.004147 seconds.
  path: Assets/CustomRP/Runtime/Lighting.cs
  artifactKey: Guid(98ae4963f0b436048990d0bd05810470) Importer(815301076,1909f56bfc062723c751e8b465ee728b)
Start importing Assets/CustomRP/Runtime/Lighting.cs using Guid(98ae4963f0b436048990d0bd05810470) Importer(815301076,1909f56bfc062723c751e8b465ee728b)  -> (artifact id: '00000000000000000000000000000000') in 0.000258 seconds
Import Error Code:(4)
Message: Build asset version error: assets/customrp/runtime/lighting.cs in SourceAssetDB has modification time of '2024-09-18T03:50:32.1130814Z' while content on disk has modification time of '2024-09-18T03:50:41.0316514Z'
  ERROR: Build asset version error: assets/customrp/runtime/lighting.cs in SourceAssetDB has modification time of '2024-09-18T03:50:32.1130814Z' while content on disk has modification time of '2024-09-18T03:50:41.0316514Z'
Number of updated asset objects reloaded before import = 0
Number of asset objects unloaded after import = 0
========================================================================
Received Import Request.
  Time since last request: 0.004151 seconds.
  path: Assets/CustomRP/Runtime/Lighting.cs
  artifactKey: Guid(98ae4963f0b436048990d0bd05810470) Importer(815301076,1909f56bfc062723c751e8b465ee728b)
Start importing Assets/CustomRP/Runtime/Lighting.cs using Guid(98ae4963f0b436048990d0bd05810470) Importer(815301076,1909f56bfc062723c751e8b465ee728b)  -> (artifact id: '00000000000000000000000000000000') in 0.000418 seconds
Import Error Code:(4)
Message: Build asset version error: assets/customrp/runtime/lighting.cs in SourceAssetDB has modification time of '2024-09-18T03:50:32.1130814Z' while content on disk has modification time of '2024-09-18T03:50:41.0316514Z'
  ERROR: Build asset version error: assets/customrp/runtime/lighting.cs in SourceAssetDB has modification time of '2024-09-18T03:50:32.1130814Z' while content on disk has modification time of '2024-09-18T03:50:41.0316514Z'
Number of updated asset objects reloaded before import = 0
Number of asset objects unloaded after import = 0
========================================================================
Received Import Request.
  Time since last request: 0.004042 seconds.
  path: Assets/CustomRP/Runtime/Lighting.cs
  artifactKey: Guid(98ae4963f0b436048990d0bd05810470) Importer(815301076,1909f56bfc062723c751e8b465ee728b)
Start importing Assets/CustomRP/Runtime/Lighting.cs using Guid(98ae4963f0b436048990d0bd05810470) Importer(815301076,1909f56bfc062723c751e8b465ee728b)  -> (artifact id: '00000000000000000000000000000000') in 0.000264 seconds
Import Error Code:(4)
Message: Build asset version error: assets/customrp/runtime/lighting.cs in SourceAssetDB has modification time of '2024-09-18T03:50:32.1130814Z' while content on disk has modification time of '2024-09-18T03:50:41.0316514Z'
  ERROR: Build asset version error: assets/customrp/runtime/lighting.cs in SourceAssetDB has modification time of '2024-09-18T03:50:32.1130814Z' while content on disk has modification time of '2024-09-18T03:50:41.0316514Z'
Number of updated asset objects reloaded before import = 0
Number of asset objects unloaded after import = 0
========================================================================
Received Import Request.
  Time since last request: 0.008197 seconds.
  path: Assets/CustomRP/Runtime/Lighting.cs
  artifactKey: Guid(98ae4963f0b436048990d0bd05810470) Importer(815301076,1909f56bfc062723c751e8b465ee728b)
Start importing Assets/CustomRP/Runtime/Lighting.cs using Guid(98ae4963f0b436048990d0bd05810470) Importer(815301076,1909f56bfc062723c751e8b465ee728b)  -> (artifact id: '00000000000000000000000000000000') in 0.000319 seconds
Import Error Code:(4)
Message: Build asset version error: assets/customrp/runtime/lighting.cs in SourceAssetDB has modification time of '2024-09-18T03:50:32.1130814Z' while content on disk has modification time of '2024-09-18T03:50:41.0316514Z'
  ERROR: Build asset version error: assets/customrp/runtime/lighting.cs in SourceAssetDB has modification time of '2024-09-18T03:50:32.1130814Z' while content on disk has modification time of '2024-09-18T03:50:41.0316514Z'
Number of updated asset objects reloaded before import = 0
Number of asset objects unloaded after import = 0
========================================================================
Received Import Request.
  Time since last request: 0.004672 seconds.
  path: Assets/CustomRP/Runtime/Lighting.cs
  artifactKey: Guid(98ae4963f0b436048990d0bd05810470) Importer(815301076,1909f56bfc062723c751e8b465ee728b)
Start importing Assets/CustomRP/Runtime/Lighting.cs using Guid(98ae4963f0b436048990d0bd05810470) Importer(815301076,1909f56bfc062723c751e8b465ee728b)  -> (artifact id: '00000000000000000000000000000000') in 0.000315 seconds
Import Error Code:(4)
Message: Build asset version error: assets/customrp/runtime/lighting.cs in SourceAssetDB has modification time of '2024-09-18T03:50:32.1130814Z' while content on disk has modification time of '2024-09-18T03:50:41.0316514Z'
  ERROR: Build asset version error: assets/customrp/runtime/lighting.cs in SourceAssetDB has modification time of '2024-09-18T03:50:32.1130814Z' while content on disk has modification time of '2024-09-18T03:50:41.0316514Z'
Number of updated asset objects reloaded before import = 0
Number of asset objects unloaded after import = 0
========================================================================
Received Import Request.
  Time since last request: 0.004497 seconds.
  path: Assets/CustomRP/Runtime/Lighting.cs
  artifactKey: Guid(98ae4963f0b436048990d0bd05810470) Importer(815301076,1909f56bfc062723c751e8b465ee728b)
Start importing Assets/CustomRP/Runtime/Lighting.cs using Guid(98ae4963f0b436048990d0bd05810470) Importer(815301076,1909f56bfc062723c751e8b465ee728b)  -> (artifact id: '00000000000000000000000000000000') in 0.000315 seconds
Import Error Code:(4)
Message: Build asset version error: assets/customrp/runtime/lighting.cs in SourceAssetDB has modification time of '2024-09-18T03:50:32.1130814Z' while content on disk has modification time of '2024-09-18T03:50:41.0316514Z'
  ERROR: Build asset version error: assets/customrp/runtime/lighting.cs in SourceAssetDB has modification time of '2024-09-18T03:50:32.1130814Z' while content on disk has modification time of '2024-09-18T03:50:41.0316514Z'
Number of updated asset objects reloaded before import = 0
Number of asset objects unloaded after import = 0
========================================================================
Received Import Request.
  Time since last request: 0.003914 seconds.
  path: Assets/CustomRP/Runtime/Lighting.cs
  artifactKey: Guid(98ae4963f0b436048990d0bd05810470) Importer(815301076,1909f56bfc062723c751e8b465ee728b)
Start importing Assets/CustomRP/Runtime/Lighting.cs using Guid(98ae4963f0b436048990d0bd05810470) Importer(815301076,1909f56bfc062723c751e8b465ee728b)  -> (artifact id: '00000000000000000000000000000000') in 0.000284 seconds
Import Error Code:(4)
Message: Build asset version error: assets/customrp/runtime/lighting.cs in SourceAssetDB has modification time of '2024-09-18T03:50:32.1130814Z' while content on disk has modification time of '2024-09-18T03:50:41.0316514Z'
  ERROR: Build asset version error: assets/customrp/runtime/lighting.cs in SourceAssetDB has modification time of '2024-09-18T03:50:32.1130814Z' while content on disk has modification time of '2024-09-18T03:50:41.0316514Z'
Number of updated asset objects reloaded before import = 0
Number of asset objects unloaded after import = 0
========================================================================
Received Import Request.
  Time since last request: 0.004198 seconds.
  path: Assets/CustomRP/Runtime/Lighting.cs
  artifactKey: Guid(98ae4963f0b436048990d0bd05810470) Importer(815301076,1909f56bfc062723c751e8b465ee728b)
Start importing Assets/CustomRP/Runtime/Lighting.cs using Guid(98ae4963f0b436048990d0bd05810470) Importer(815301076,1909f56bfc062723c751e8b465ee728b)  -> (artifact id: '00000000000000000000000000000000') in 0.000347 seconds
Import Error Code:(4)
Message: Build asset version error: assets/customrp/runtime/lighting.cs in SourceAssetDB has modification time of '2024-09-18T03:50:32.1130814Z' while content on disk has modification time of '2024-09-18T03:50:41.0316514Z'
  ERROR: Build asset version error: assets/customrp/runtime/lighting.cs in SourceAssetDB has modification time of '2024-09-18T03:50:32.1130814Z' while content on disk has modification time of '2024-09-18T03:50:41.0316514Z'
Number of updated asset objects reloaded before import = 0
Number of asset objects unloaded after import = 0
========================================================================
Received Import Request.
  Time since last request: 0.004205 seconds.
  path: Assets/CustomRP/Runtime/Lighting.cs
  artifactKey: Guid(98ae4963f0b436048990d0bd05810470) Importer(815301076,1909f56bfc062723c751e8b465ee728b)
Start importing Assets/CustomRP/Runtime/Lighting.cs using Guid(98ae4963f0b436048990d0bd05810470) Importer(815301076,1909f56bfc062723c751e8b465ee728b)  -> (artifact id: '00000000000000000000000000000000') in 0.000248 seconds
Import Error Code:(4)
Message: Build asset version error: assets/customrp/runtime/lighting.cs in SourceAssetDB has modification time of '2024-09-18T03:50:32.1130814Z' while content on disk has modification time of '2024-09-18T03:50:41.0316514Z'
  ERROR: Build asset version error: assets/customrp/runtime/lighting.cs in SourceAssetDB has modification time of '2024-09-18T03:50:32.1130814Z' while content on disk has modification time of '2024-09-18T03:50:41.0316514Z'
Number of updated asset objects reloaded before import = 0
Number of asset objects unloaded after import = 0
========================================================================
Received Import Request.
  Time since last request: 0.003810 seconds.
  path: Assets/CustomRP/Runtime/Lighting.cs
  artifactKey: Guid(98ae4963f0b436048990d0bd05810470) Importer(815301076,1909f56bfc062723c751e8b465ee728b)
Start importing Assets/CustomRP/Runtime/Lighting.cs using Guid(98ae4963f0b436048990d0bd05810470) Importer(815301076,1909f56bfc062723c751e8b465ee728b)  -> (artifact id: '00000000000000000000000000000000') in 0.000239 seconds
Import Error Code:(4)
Message: Build asset version error: assets/customrp/runtime/lighting.cs in SourceAssetDB has modification time of '2024-09-18T03:50:32.1130814Z' while content on disk has modification time of '2024-09-18T03:50:41.0316514Z'
  ERROR: Build asset version error: assets/customrp/runtime/lighting.cs in SourceAssetDB has modification time of '2024-09-18T03:50:32.1130814Z' while content on disk has modification time of '2024-09-18T03:50:41.0316514Z'
Number of updated asset objects reloaded before import = 0
Number of asset objects unloaded after import = 0
========================================================================
Received Import Request.
  Time since last request: 0.004558 seconds.
  path: Assets/CustomRP/Runtime/Lighting.cs
  artifactKey: Guid(98ae4963f0b436048990d0bd05810470) Importer(815301076,1909f56bfc062723c751e8b465ee728b)
Start importing Assets/CustomRP/Runtime/Lighting.cs using Guid(98ae4963f0b436048990d0bd05810470) Importer(815301076,1909f56bfc062723c751e8b465ee728b)  -> (artifact id: '00000000000000000000000000000000') in 0.000341 seconds
Import Error Code:(4)
Message: Build asset version error: assets/customrp/runtime/lighting.cs in SourceAssetDB has modification time of '2024-09-18T03:50:32.1130814Z' while content on disk has modification time of '2024-09-18T03:50:41.0316514Z'
  ERROR: Build asset version error: assets/customrp/runtime/lighting.cs in SourceAssetDB has modification time of '2024-09-18T03:50:32.1130814Z' while content on disk has modification time of '2024-09-18T03:50:41.0316514Z'
Number of updated asset objects reloaded before import = 0
Number of asset objects unloaded after import = 0
========================================================================
Received Import Request.
  Time since last request: 0.008079 seconds.
  path: Assets/CustomRP/Runtime/Lighting.cs
  artifactKey: Guid(98ae4963f0b436048990d0bd05810470) Importer(815301076,1909f56bfc062723c751e8b465ee728b)
Start importing Assets/CustomRP/Runtime/Lighting.cs using Guid(98ae4963f0b436048990d0bd05810470) Importer(815301076,1909f56bfc062723c751e8b465ee728b)  -> (artifact id: '00000000000000000000000000000000') in 0.000326 seconds
Import Error Code:(4)
Message: Build asset version error: assets/customrp/runtime/lighting.cs in SourceAssetDB has modification time of '2024-09-18T03:50:32.1130814Z' while content on disk has modification time of '2024-09-18T03:50:41.0316514Z'
  ERROR: Build asset version error: assets/customrp/runtime/lighting.cs in SourceAssetDB has modification time of '2024-09-18T03:50:32.1130814Z' while content on disk has modification time of '2024-09-18T03:50:41.0316514Z'
Number of updated asset objects reloaded before import = 0
Number of asset objects unloaded after import = 0
========================================================================
Received Import Request.
  Time since last request: 0.007600 seconds.
  path: Assets/CustomRP/Runtime/Lighting.cs
  artifactKey: Guid(98ae4963f0b436048990d0bd05810470) Importer(815301076,1909f56bfc062723c751e8b465ee728b)
Start importing Assets/CustomRP/Runtime/Lighting.cs using Guid(98ae4963f0b436048990d0bd05810470) Importer(815301076,1909f56bfc062723c751e8b465ee728b)  -> (artifact id: '00000000000000000000000000000000') in 0.000445 seconds
Import Error Code:(4)
Message: Build asset version error: assets/customrp/runtime/lighting.cs in SourceAssetDB has modification time of '2024-09-18T03:50:32.1130814Z' while content on disk has modification time of '2024-09-18T03:50:41.0316514Z'
  ERROR: Build asset version error: assets/customrp/runtime/lighting.cs in SourceAssetDB has modification time of '2024-09-18T03:50:32.1130814Z' while content on disk has modification time of '2024-09-18T03:50:41.0316514Z'
Number of updated asset objects reloaded before import = 0
Number of asset objects unloaded after import = 0
========================================================================
Received Import Request.
  Time since last request: 0.009224 seconds.
  path: Assets/CustomRP/Runtime/Lighting.cs
  artifactKey: Guid(98ae4963f0b436048990d0bd05810470) Importer(815301076,1909f56bfc062723c751e8b465ee728b)
Start importing Assets/CustomRP/Runtime/Lighting.cs using Guid(98ae4963f0b436048990d0bd05810470) Importer(815301076,1909f56bfc062723c751e8b465ee728b)  -> (artifact id: '00000000000000000000000000000000') in 0.000433 seconds
Import Error Code:(4)
Message: Build asset version error: assets/customrp/runtime/lighting.cs in SourceAssetDB has modification time of '2024-09-18T03:50:32.1130814Z' while content on disk has modification time of '2024-09-18T03:50:41.0316514Z'
  ERROR: Build asset version error: assets/customrp/runtime/lighting.cs in SourceAssetDB has modification time of '2024-09-18T03:50:32.1130814Z' while content on disk has modification time of '2024-09-18T03:50:41.0316514Z'
Number of updated asset objects reloaded before import = 0
Number of asset objects unloaded after import = 0
========================================================================
Received Import Request.
  Time since last request: 0.006390 seconds.
  path: Assets/CustomRP/Runtime/Lighting.cs
  artifactKey: Guid(98ae4963f0b436048990d0bd05810470) Importer(815301076,1909f56bfc062723c751e8b465ee728b)
Start importing Assets/CustomRP/Runtime/Lighting.cs using Guid(98ae4963f0b436048990d0bd05810470) Importer(815301076,1909f56bfc062723c751e8b465ee728b)  -> (artifact id: '00000000000000000000000000000000') in 0.000444 seconds
Import Error Code:(4)
Message: Build asset version error: assets/customrp/runtime/lighting.cs in SourceAssetDB has modification time of '2024-09-18T03:50:32.1130814Z' while content on disk has modification time of '2024-09-18T03:50:41.0316514Z'
  ERROR: Build asset version error: assets/customrp/runtime/lighting.cs in SourceAssetDB has modification time of '2024-09-18T03:50:32.1130814Z' while content on disk has modification time of '2024-09-18T03:50:41.0316514Z'
Number of updated asset objects reloaded before import = 0
Number of asset objects unloaded after import = 0
========================================================================
Received Import Request.
  Time since last request: 0.004933 seconds.
  path: Assets/CustomRP/Runtime/Lighting.cs
  artifactKey: Guid(98ae4963f0b436048990d0bd05810470) Importer(815301076,1909f56bfc062723c751e8b465ee728b)
Start importing Assets/CustomRP/Runtime/Lighting.cs using Guid(98ae4963f0b436048990d0bd05810470) Importer(815301076,1909f56bfc062723c751e8b465ee728b)  -> (artifact id: '00000000000000000000000000000000') in 0.000315 seconds
Import Error Code:(4)
Message: Build asset version error: assets/customrp/runtime/lighting.cs in SourceAssetDB has modification time of '2024-09-18T03:50:32.1130814Z' while content on disk has modification time of '2024-09-18T03:50:41.0316514Z'
  ERROR: Build asset version error: assets/customrp/runtime/lighting.cs in SourceAssetDB has modification time of '2024-09-18T03:50:32.1130814Z' while content on disk has modification time of '2024-09-18T03:50:41.0316514Z'
Number of updated asset objects reloaded before import = 0
Number of asset objects unloaded after import = 0
========================================================================
Received Import Request.
  Time since last request: 0.003882 seconds.
  path: Assets/CustomRP/Runtime/Lighting.cs
  artifactKey: Guid(98ae4963f0b436048990d0bd05810470) Importer(815301076,1909f56bfc062723c751e8b465ee728b)
Start importing Assets/CustomRP/Runtime/Lighting.cs using Guid(98ae4963f0b436048990d0bd05810470) Importer(815301076,1909f56bfc062723c751e8b465ee728b)  -> (artifact id: '00000000000000000000000000000000') in 0.000295 seconds
Import Error Code:(4)
Message: Build asset version error: assets/customrp/runtime/lighting.cs in SourceAssetDB has modification time of '2024-09-18T03:50:32.1130814Z' while content on disk has modification time of '2024-09-18T03:50:41.0316514Z'
  ERROR: Build asset version error: assets/customrp/runtime/lighting.cs in SourceAssetDB has modification time of '2024-09-18T03:50:32.1130814Z' while content on disk has modification time of '2024-09-18T03:50:41.0316514Z'
Number of updated asset objects reloaded before import = 0
Number of asset objects unloaded after import = 0
========================================================================
Received Import Request.
  Time since last request: 0.004145 seconds.
  path: Assets/CustomRP/Runtime/Lighting.cs
  artifactKey: Guid(98ae4963f0b436048990d0bd05810470) Importer(815301076,1909f56bfc062723c751e8b465ee728b)
Start importing Assets/CustomRP/Runtime/Lighting.cs using Guid(98ae4963f0b436048990d0bd05810470) Importer(815301076,1909f56bfc062723c751e8b465ee728b)  -> (artifact id: '00000000000000000000000000000000') in 0.000306 seconds
Import Error Code:(4)
Message: Build asset version error: assets/customrp/runtime/lighting.cs in SourceAssetDB has modification time of '2024-09-18T03:50:32.1130814Z' while content on disk has modification time of '2024-09-18T03:50:41.0316514Z'
  ERROR: Build asset version error: assets/customrp/runtime/lighting.cs in SourceAssetDB has modification time of '2024-09-18T03:50:32.1130814Z' while content on disk has modification time of '2024-09-18T03:50:41.0316514Z'
Number of updated asset objects reloaded before import = 0
Number of asset objects unloaded after import = 0
========================================================================
Received Import Request.
  Time since last request: 0.003954 seconds.
  path: Assets/CustomRP/Runtime/Lighting.cs
  artifactKey: Guid(98ae4963f0b436048990d0bd05810470) Importer(815301076,1909f56bfc062723c751e8b465ee728b)
Start importing Assets/CustomRP/Runtime/Lighting.cs using Guid(98ae4963f0b436048990d0bd05810470) Importer(815301076,1909f56bfc062723c751e8b465ee728b)  -> (artifact id: '00000000000000000000000000000000') in 0.000256 seconds
Import Error Code:(4)
Message: Build asset version error: assets/customrp/runtime/lighting.cs in SourceAssetDB has modification time of '2024-09-18T03:50:32.1130814Z' while content on disk has modification time of '2024-09-18T03:50:41.0316514Z'
  ERROR: Build asset version error: assets/customrp/runtime/lighting.cs in SourceAssetDB has modification time of '2024-09-18T03:50:32.1130814Z' while content on disk has modification time of '2024-09-18T03:50:41.0316514Z'
Number of updated asset objects reloaded before import = 0
Number of asset objects unloaded after import = 0
========================================================================
Received Import Request.
  Time since last request: 0.004217 seconds.
  path: Assets/CustomRP/Runtime/Lighting.cs
  artifactKey: Guid(98ae4963f0b436048990d0bd05810470) Importer(815301076,1909f56bfc062723c751e8b465ee728b)
Start importing Assets/CustomRP/Runtime/Lighting.cs using Guid(98ae4963f0b436048990d0bd05810470) Importer(815301076,1909f56bfc062723c751e8b465ee728b)  -> (artifact id: '00000000000000000000000000000000') in 0.000333 seconds
Import Error Code:(4)
Message: Build asset version error: assets/customrp/runtime/lighting.cs in SourceAssetDB has modification time of '2024-09-18T03:50:32.1130814Z' while content on disk has modification time of '2024-09-18T03:50:41.0316514Z'
  ERROR: Build asset version error: assets/customrp/runtime/lighting.cs in SourceAssetDB has modification time of '2024-09-18T03:50:32.1130814Z' while content on disk has modification time of '2024-09-18T03:50:41.0316514Z'
Number of updated asset objects reloaded before import = 0
Number of asset objects unloaded after import = 0
========================================================================
Received Import Request.
  Time since last request: 0.004655 seconds.
  path: Assets/CustomRP/Runtime/Lighting.cs
  artifactKey: Guid(98ae4963f0b436048990d0bd05810470) Importer(815301076,1909f56bfc062723c751e8b465ee728b)
Start importing Assets/CustomRP/Runtime/Lighting.cs using Guid(98ae4963f0b436048990d0bd05810470) Importer(815301076,1909f56bfc062723c751e8b465ee728b)  -> (artifact id: '00000000000000000000000000000000') in 0.000343 seconds
Import Error Code:(4)
Message: Build asset version error: assets/customrp/runtime/lighting.cs in SourceAssetDB has modification time of '2024-09-18T03:50:32.1130814Z' while content on disk has modification time of '2024-09-18T03:50:41.0316514Z'
  ERROR: Build asset version error: assets/customrp/runtime/lighting.cs in SourceAssetDB has modification time of '2024-09-18T03:50:32.1130814Z' while content on disk has modification time of '2024-09-18T03:50:41.0316514Z'
Number of updated asset objects reloaded before import = 0
Number of asset objects unloaded after import = 0
========================================================================
Received Import Request.
  Time since last request: 0.004756 seconds.
  path: Assets/CustomRP/Runtime/Lighting.cs
  artifactKey: Guid(98ae4963f0b436048990d0bd05810470) Importer(815301076,1909f56bfc062723c751e8b465ee728b)
Start importing Assets/CustomRP/Runtime/Lighting.cs using Guid(98ae4963f0b436048990d0bd05810470) Importer(815301076,1909f56bfc062723c751e8b465ee728b)  -> (artifact id: '00000000000000000000000000000000') in 0.000316 seconds
Import Error Code:(4)
Message: Build asset version error: assets/customrp/runtime/lighting.cs in SourceAssetDB has modification time of '2024-09-18T03:50:32.1130814Z' while content on disk has modification time of '2024-09-18T03:50:41.0316514Z'
  ERROR: Build asset version error: assets/customrp/runtime/lighting.cs in SourceAssetDB has modification time of '2024-09-18T03:50:32.1130814Z' while content on disk has modification time of '2024-09-18T03:50:41.0316514Z'
Number of updated asset objects reloaded before import = 0
Number of asset objects unloaded after import = 0
========================================================================
Received Import Request.
  Time since last request: 0.004940 seconds.
  path: Assets/CustomRP/Runtime/Lighting.cs
  artifactKey: Guid(98ae4963f0b436048990d0bd05810470) Importer(815301076,1909f56bfc062723c751e8b465ee728b)
Start importing Assets/CustomRP/Runtime/Lighting.cs using Guid(98ae4963f0b436048990d0bd05810470) Importer(815301076,1909f56bfc062723c751e8b465ee728b)  -> (artifact id: '00000000000000000000000000000000') in 0.000321 seconds
Import Error Code:(4)
Message: Build asset version error: assets/customrp/runtime/lighting.cs in SourceAssetDB has modification time of '2024-09-18T03:50:32.1130814Z' while content on disk has modification time of '2024-09-18T03:50:41.0316514Z'
  ERROR: Build asset version error: assets/customrp/runtime/lighting.cs in SourceAssetDB has modification time of '2024-09-18T03:50:32.1130814Z' while content on disk has modification time of '2024-09-18T03:50:41.0316514Z'
Number of updated asset objects reloaded before import = 0
Number of asset objects unloaded after import = 0
========================================================================
Received Import Request.
  Time since last request: 0.004391 seconds.
  path: Assets/CustomRP/Runtime/Lighting.cs
  artifactKey: Guid(98ae4963f0b436048990d0bd05810470) Importer(815301076,1909f56bfc062723c751e8b465ee728b)
Start importing Assets/CustomRP/Runtime/Lighting.cs using Guid(98ae4963f0b436048990d0bd05810470) Importer(815301076,1909f56bfc062723c751e8b465ee728b)  -> (artifact id: '00000000000000000000000000000000') in 0.000317 seconds
Import Error Code:(4)
Message: Build asset version error: assets/customrp/runtime/lighting.cs in SourceAssetDB has modification time of '2024-09-18T03:50:32.1130814Z' while content on disk has modification time of '2024-09-18T03:50:41.0316514Z'
  ERROR: Build asset version error: assets/customrp/runtime/lighting.cs in SourceAssetDB has modification time of '2024-09-18T03:50:32.1130814Z' while content on disk has modification time of '2024-09-18T03:50:41.0316514Z'
Number of updated asset objects reloaded before import = 0
Number of asset objects unloaded after import = 0
========================================================================
Received Import Request.
  Time since last request: 0.004725 seconds.
  path: Assets/CustomRP/Runtime/Lighting.cs
  artifactKey: Guid(98ae4963f0b436048990d0bd05810470) Importer(815301076,1909f56bfc062723c751e8b465ee728b)
Start importing Assets/CustomRP/Runtime/Lighting.cs using Guid(98ae4963f0b436048990d0bd05810470) Importer(815301076,1909f56bfc062723c751e8b465ee728b)  -> (artifact id: '00000000000000000000000000000000') in 0.000291 seconds
Import Error Code:(4)
Message: Build asset version error: assets/customrp/runtime/lighting.cs in SourceAssetDB has modification time of '2024-09-18T03:50:32.1130814Z' while content on disk has modification time of '2024-09-18T03:50:41.0316514Z'
  ERROR: Build asset version error: assets/customrp/runtime/lighting.cs in SourceAssetDB has modification time of '2024-09-18T03:50:32.1130814Z' while content on disk has modification time of '2024-09-18T03:50:41.0316514Z'
Number of updated asset objects reloaded before import = 0
Number of asset objects unloaded after import = 0
========================================================================
Received Import Request.
  Time since last request: 0.004333 seconds.
  path: Assets/CustomRP/Runtime/Lighting.cs
  artifactKey: Guid(98ae4963f0b436048990d0bd05810470) Importer(815301076,1909f56bfc062723c751e8b465ee728b)
Start importing Assets/CustomRP/Runtime/Lighting.cs using Guid(98ae4963f0b436048990d0bd05810470) Importer(815301076,1909f56bfc062723c751e8b465ee728b)  -> (artifact id: '00000000000000000000000000000000') in 0.000371 seconds
Import Error Code:(4)
Message: Build asset version error: assets/customrp/runtime/lighting.cs in SourceAssetDB has modification time of '2024-09-18T03:50:32.1130814Z' while content on disk has modification time of '2024-09-18T03:50:41.0316514Z'
  ERROR: Build asset version error: assets/customrp/runtime/lighting.cs in SourceAssetDB has modification time of '2024-09-18T03:50:32.1130814Z' while content on disk has modification time of '2024-09-18T03:50:41.0316514Z'
Number of updated asset objects reloaded before import = 0
Number of asset objects unloaded after import = 0
========================================================================
Received Import Request.
  Time since last request: 0.004613 seconds.
  path: Assets/CustomRP/Runtime/Lighting.cs
  artifactKey: Guid(98ae4963f0b436048990d0bd05810470) Importer(815301076,1909f56bfc062723c751e8b465ee728b)
Start importing Assets/CustomRP/Runtime/Lighting.cs using Guid(98ae4963f0b436048990d0bd05810470) Importer(815301076,1909f56bfc062723c751e8b465ee728b)  -> (artifact id: '00000000000000000000000000000000') in 0.000402 seconds
Import Error Code:(4)
Message: Build asset version error: assets/customrp/runtime/lighting.cs in SourceAssetDB has modification time of '2024-09-18T03:50:32.1130814Z' while content on disk has modification time of '2024-09-18T03:50:41.0316514Z'
  ERROR: Build asset version error: assets/customrp/runtime/lighting.cs in SourceAssetDB has modification time of '2024-09-18T03:50:32.1130814Z' while content on disk has modification time of '2024-09-18T03:50:41.0316514Z'
Number of updated asset objects reloaded before import = 0
Number of asset objects unloaded after import = 0
========================================================================
Received Import Request.
  Time since last request: 0.004915 seconds.
  path: Assets/CustomRP/Runtime/Lighting.cs
  artifactKey: Guid(98ae4963f0b436048990d0bd05810470) Importer(815301076,1909f56bfc062723c751e8b465ee728b)
Start importing Assets/CustomRP/Runtime/Lighting.cs using Guid(98ae4963f0b436048990d0bd05810470) Importer(815301076,1909f56bfc062723c751e8b465ee728b)  -> (artifact id: '00000000000000000000000000000000') in 0.000330 seconds
Import Error Code:(4)
Message: Build asset version error: assets/customrp/runtime/lighting.cs in SourceAssetDB has modification time of '2024-09-18T03:50:32.1130814Z' while content on disk has modification time of '2024-09-18T03:50:41.0316514Z'
  ERROR: Build asset version error: assets/customrp/runtime/lighting.cs in SourceAssetDB has modification time of '2024-09-18T03:50:32.1130814Z' while content on disk has modification time of '2024-09-18T03:50:41.0316514Z'
Number of updated asset objects reloaded before import = 0
Number of asset objects unloaded after import = 0
========================================================================
Received Import Request.
  Time since last request: 0.004080 seconds.
  path: Assets/CustomRP/Runtime/Lighting.cs
  artifactKey: Guid(98ae4963f0b436048990d0bd05810470) Importer(815301076,1909f56bfc062723c751e8b465ee728b)
Start importing Assets/CustomRP/Runtime/Lighting.cs using Guid(98ae4963f0b436048990d0bd05810470) Importer(815301076,1909f56bfc062723c751e8b465ee728b)  -> (artifact id: '00000000000000000000000000000000') in 0.000309 seconds
Import Error Code:(4)
Message: Build asset version error: assets/customrp/runtime/lighting.cs in SourceAssetDB has modification time of '2024-09-18T03:50:32.1130814Z' while content on disk has modification time of '2024-09-18T03:50:41.0316514Z'
  ERROR: Build asset version error: assets/customrp/runtime/lighting.cs in SourceAssetDB has modification time of '2024-09-18T03:50:32.1130814Z' while content on disk has modification time of '2024-09-18T03:50:41.0316514Z'
Number of updated asset objects reloaded before import = 0
Number of asset objects unloaded after import = 0
========================================================================
Received Import Request.
  Time since last request: 0.004305 seconds.
  path: Assets/CustomRP/Runtime/Lighting.cs
  artifactKey: Guid(98ae4963f0b436048990d0bd05810470) Importer(815301076,1909f56bfc062723c751e8b465ee728b)
Start importing Assets/CustomRP/Runtime/Lighting.cs using Guid(98ae4963f0b436048990d0bd05810470) Importer(815301076,1909f56bfc062723c751e8b465ee728b)  -> (artifact id: '00000000000000000000000000000000') in 0.000281 seconds
Import Error Code:(4)
Message: Build asset version error: assets/customrp/runtime/lighting.cs in SourceAssetDB has modification time of '2024-09-18T03:50:32.1130814Z' while content on disk has modification time of '2024-09-18T03:50:41.0316514Z'
  ERROR: Build asset version error: assets/customrp/runtime/lighting.cs in SourceAssetDB has modification time of '2024-09-18T03:50:32.1130814Z' while content on disk has modification time of '2024-09-18T03:50:41.0316514Z'
Number of updated asset objects reloaded before import = 0
Number of asset objects unloaded after import = 0
========================================================================
Received Import Request.
  Time since last request: 0.005147 seconds.
  path: Assets/CustomRP/Runtime/Lighting.cs
  artifactKey: Guid(98ae4963f0b436048990d0bd05810470) Importer(815301076,1909f56bfc062723c751e8b465ee728b)
Start importing Assets/CustomRP/Runtime/Lighting.cs using Guid(98ae4963f0b436048990d0bd05810470) Importer(815301076,1909f56bfc062723c751e8b465ee728b)  -> (artifact id: '00000000000000000000000000000000') in 0.000328 seconds
Import Error Code:(4)
Message: Build asset version error: assets/customrp/runtime/lighting.cs in SourceAssetDB has modification time of '2024-09-18T03:50:32.1130814Z' while content on disk has modification time of '2024-09-18T03:50:41.0316514Z'
  ERROR: Build asset version error: assets/customrp/runtime/lighting.cs in SourceAssetDB has modification time of '2024-09-18T03:50:32.1130814Z' while content on disk has modification time of '2024-09-18T03:50:41.0316514Z'
Number of updated asset objects reloaded before import = 0
Number of asset objects unloaded after import = 0
========================================================================
Received Import Request.
  Time since last request: 0.004659 seconds.
  path: Assets/CustomRP/Runtime/Lighting.cs
  artifactKey: Guid(98ae4963f0b436048990d0bd05810470) Importer(815301076,1909f56bfc062723c751e8b465ee728b)
Start importing Assets/CustomRP/Runtime/Lighting.cs using Guid(98ae4963f0b436048990d0bd05810470) Importer(815301076,1909f56bfc062723c751e8b465ee728b)  -> (artifact id: '00000000000000000000000000000000') in 0.000305 seconds
Import Error Code:(4)
Message: Build asset version error: assets/customrp/runtime/lighting.cs in SourceAssetDB has modification time of '2024-09-18T03:50:32.1130814Z' while content on disk has modification time of '2024-09-18T03:50:41.0316514Z'
  ERROR: Build asset version error: assets/customrp/runtime/lighting.cs in SourceAssetDB has modification time of '2024-09-18T03:50:32.1130814Z' while content on disk has modification time of '2024-09-18T03:50:41.0316514Z'
Number of updated asset objects reloaded before import = 0
Number of asset objects unloaded after import = 0
========================================================================
Received Import Request.
  Time since last request: 0.004209 seconds.
  path: Assets/CustomRP/Runtime/Lighting.cs
  artifactKey: Guid(98ae4963f0b436048990d0bd05810470) Importer(815301076,1909f56bfc062723c751e8b465ee728b)
Start importing Assets/CustomRP/Runtime/Lighting.cs using Guid(98ae4963f0b436048990d0bd05810470) Importer(815301076,1909f56bfc062723c751e8b465ee728b)  -> (artifact id: '00000000000000000000000000000000') in 0.000272 seconds
Import Error Code:(4)
Message: Build asset version error: assets/customrp/runtime/lighting.cs in SourceAssetDB has modification time of '2024-09-18T03:50:32.1130814Z' while content on disk has modification time of '2024-09-18T03:50:41.0316514Z'
  ERROR: Build asset version error: assets/customrp/runtime/lighting.cs in SourceAssetDB has modification time of '2024-09-18T03:50:32.1130814Z' while content on disk has modification time of '2024-09-18T03:50:41.0316514Z'
Number of updated asset objects reloaded before import = 0
Number of asset objects unloaded after import = 0
========================================================================
Received Import Request.
  Time since last request: 0.005200 seconds.
  path: Assets/CustomRP/Runtime/Lighting.cs
  artifactKey: Guid(98ae4963f0b436048990d0bd05810470) Importer(815301076,1909f56bfc062723c751e8b465ee728b)
Start importing Assets/CustomRP/Runtime/Lighting.cs using Guid(98ae4963f0b436048990d0bd05810470) Importer(815301076,1909f56bfc062723c751e8b465ee728b)  -> (artifact id: '00000000000000000000000000000000') in 0.000326 seconds
Import Error Code:(4)
Message: Build asset version error: assets/customrp/runtime/lighting.cs in SourceAssetDB has modification time of '2024-09-18T03:50:32.1130814Z' while content on disk has modification time of '2024-09-18T03:50:41.0316514Z'
  ERROR: Build asset version error: assets/customrp/runtime/lighting.cs in SourceAssetDB has modification time of '2024-09-18T03:50:32.1130814Z' while content on disk has modification time of '2024-09-18T03:50:41.0316514Z'
Number of updated asset objects reloaded before import = 0
Number of asset objects unloaded after import = 0
========================================================================
Received Import Request.
  Time since last request: 0.004753 seconds.
  path: Assets/CustomRP/Runtime/Lighting.cs
  artifactKey: Guid(98ae4963f0b436048990d0bd05810470) Importer(815301076,1909f56bfc062723c751e8b465ee728b)
Start importing Assets/CustomRP/Runtime/Lighting.cs using Guid(98ae4963f0b436048990d0bd05810470) Importer(815301076,1909f56bfc062723c751e8b465ee728b)  -> (artifact id: '00000000000000000000000000000000') in 0.000329 seconds
Import Error Code:(4)
Message: Build asset version error: assets/customrp/runtime/lighting.cs in SourceAssetDB has modification time of '2024-09-18T03:50:32.1130814Z' while content on disk has modification time of '2024-09-18T03:50:41.0316514Z'
  ERROR: Build asset version error: assets/customrp/runtime/lighting.cs in SourceAssetDB has modification time of '2024-09-18T03:50:32.1130814Z' while content on disk has modification time of '2024-09-18T03:50:41.0316514Z'
Number of updated asset objects reloaded before import = 0
Number of asset objects unloaded after import = 0
========================================================================
Received Import Request.
  Time since last request: 0.004556 seconds.
  path: Assets/CustomRP/Runtime/Lighting.cs
  artifactKey: Guid(98ae4963f0b436048990d0bd05810470) Importer(815301076,1909f56bfc062723c751e8b465ee728b)
Start importing Assets/CustomRP/Runtime/Lighting.cs using Guid(98ae4963f0b436048990d0bd05810470) Importer(815301076,1909f56bfc062723c751e8b465ee728b)  -> (artifact id: '00000000000000000000000000000000') in 0.000319 seconds
Import Error Code:(4)
Message: Build asset version error: assets/customrp/runtime/lighting.cs in SourceAssetDB has modification time of '2024-09-18T03:50:32.1130814Z' while content on disk has modification time of '2024-09-18T03:50:41.0316514Z'
  ERROR: Build asset version error: assets/customrp/runtime/lighting.cs in SourceAssetDB has modification time of '2024-09-18T03:50:32.1130814Z' while content on disk has modification time of '2024-09-18T03:50:41.0316514Z'
Number of updated asset objects reloaded before import = 0
Number of asset objects unloaded after import = 0
========================================================================
Received Import Request.
  Time since last request: 0.005108 seconds.
  path: Assets/CustomRP/Runtime/Lighting.cs
  artifactKey: Guid(98ae4963f0b436048990d0bd05810470) Importer(815301076,1909f56bfc062723c751e8b465ee728b)
Start importing Assets/CustomRP/Runtime/Lighting.cs using Guid(98ae4963f0b436048990d0bd05810470) Importer(815301076,1909f56bfc062723c751e8b465ee728b)  -> (artifact id: '00000000000000000000000000000000') in 0.000367 seconds
Import Error Code:(4)
Message: Build asset version error: assets/customrp/runtime/lighting.cs in SourceAssetDB has modification time of '2024-09-18T03:50:32.1130814Z' while content on disk has modification time of '2024-09-18T03:50:41.0316514Z'
  ERROR: Build asset version error: assets/customrp/runtime/lighting.cs in SourceAssetDB has modification time of '2024-09-18T03:50:32.1130814Z' while content on disk has modification time of '2024-09-18T03:50:41.0316514Z'
Number of updated asset objects reloaded before import = 0
Number of asset objects unloaded after import = 0
========================================================================
Received Import Request.
  Time since last request: 0.004590 seconds.
  path: Assets/CustomRP/Runtime/Lighting.cs
  artifactKey: Guid(98ae4963f0b436048990d0bd05810470) Importer(815301076,1909f56bfc062723c751e8b465ee728b)
Start importing Assets/CustomRP/Runtime/Lighting.cs using Guid(98ae4963f0b436048990d0bd05810470) Importer(815301076,1909f56bfc062723c751e8b465ee728b)  -> (artifact id: '00000000000000000000000000000000') in 0.000318 seconds
Import Error Code:(4)
Message: Build asset version error: assets/customrp/runtime/lighting.cs in SourceAssetDB has modification time of '2024-09-18T03:50:32.1130814Z' while content on disk has modification time of '2024-09-18T03:50:41.0316514Z'
  ERROR: Build asset version error: assets/customrp/runtime/lighting.cs in SourceAssetDB has modification time of '2024-09-18T03:50:32.1130814Z' while content on disk has modification time of '2024-09-18T03:50:41.0316514Z'
Number of updated asset objects reloaded before import = 0
Number of asset objects unloaded after import = 0
========================================================================
Received Import Request.
  Time since last request: 0.004158 seconds.
  path: Assets/CustomRP/Runtime/Lighting.cs
  artifactKey: Guid(98ae4963f0b436048990d0bd05810470) Importer(815301076,1909f56bfc062723c751e8b465ee728b)
Start importing Assets/CustomRP/Runtime/Lighting.cs using Guid(98ae4963f0b436048990d0bd05810470) Importer(815301076,1909f56bfc062723c751e8b465ee728b)  -> (artifact id: '00000000000000000000000000000000') in 0.000281 seconds
Import Error Code:(4)
Message: Build asset version error: assets/customrp/runtime/lighting.cs in SourceAssetDB has modification time of '2024-09-18T03:50:32.1130814Z' while content on disk has modification time of '2024-09-18T03:50:41.0316514Z'
  ERROR: Build asset version error: assets/customrp/runtime/lighting.cs in SourceAssetDB has modification time of '2024-09-18T03:50:32.1130814Z' while content on disk has modification time of '2024-09-18T03:50:41.0316514Z'
Number of updated asset objects reloaded before import = 0
Number of asset objects unloaded after import = 0
========================================================================
Received Import Request.
  Time since last request: 0.003941 seconds.
  path: Assets/CustomRP/Runtime/Lighting.cs
  artifactKey: Guid(98ae4963f0b436048990d0bd05810470) Importer(815301076,1909f56bfc062723c751e8b465ee728b)
Start importing Assets/CustomRP/Runtime/Lighting.cs using Guid(98ae4963f0b436048990d0bd05810470) Importer(815301076,1909f56bfc062723c751e8b465ee728b)  -> (artifact id: '00000000000000000000000000000000') in 0.000326 seconds
Import Error Code:(4)
Message: Build asset version error: assets/customrp/runtime/lighting.cs in SourceAssetDB has modification time of '2024-09-18T03:50:32.1130814Z' while content on disk has modification time of '2024-09-18T03:50:41.0316514Z'
  ERROR: Build asset version error: assets/customrp/runtime/lighting.cs in SourceAssetDB has modification time of '2024-09-18T03:50:32.1130814Z' while content on disk has modification time of '2024-09-18T03:50:41.0316514Z'
Number of updated asset objects reloaded before import = 0
Number of asset objects unloaded after import = 0
========================================================================
Received Import Request.
  Time since last request: 0.005040 seconds.
  path: Assets/CustomRP/Runtime/Lighting.cs
  artifactKey: Guid(98ae4963f0b436048990d0bd05810470) Importer(815301076,1909f56bfc062723c751e8b465ee728b)
Start importing Assets/CustomRP/Runtime/Lighting.cs using Guid(98ae4963f0b436048990d0bd05810470) Importer(815301076,1909f56bfc062723c751e8b465ee728b)  -> (artifact id: '00000000000000000000000000000000') in 0.000319 seconds
Import Error Code:(4)
Message: Build asset version error: assets/customrp/runtime/lighting.cs in SourceAssetDB has modification time of '2024-09-18T03:50:32.1130814Z' while content on disk has modification time of '2024-09-18T03:50:41.0316514Z'
  ERROR: Build asset version error: assets/customrp/runtime/lighting.cs in SourceAssetDB has modification time of '2024-09-18T03:50:32.1130814Z' while content on disk has modification time of '2024-09-18T03:50:41.0316514Z'
Number of updated asset objects reloaded before import = 0
Number of asset objects unloaded after import = 0
========================================================================
Received Import Request.
  Time since last request: 0.004681 seconds.
  path: Assets/CustomRP/Runtime/Lighting.cs
  artifactKey: Guid(98ae4963f0b436048990d0bd05810470) Importer(815301076,1909f56bfc062723c751e8b465ee728b)
Start importing Assets/CustomRP/Runtime/Lighting.cs using Guid(98ae4963f0b436048990d0bd05810470) Importer(815301076,1909f56bfc062723c751e8b465ee728b)  -> (artifact id: '00000000000000000000000000000000') in 0.000294 seconds
Import Error Code:(4)
Message: Build asset version error: assets/customrp/runtime/lighting.cs in SourceAssetDB has modification time of '2024-09-18T03:50:32.1130814Z' while content on disk has modification time of '2024-09-18T03:50:41.0316514Z'
  ERROR: Build asset version error: assets/customrp/runtime/lighting.cs in SourceAssetDB has modification time of '2024-09-18T03:50:32.1130814Z' while content on disk has modification time of '2024-09-18T03:50:41.0316514Z'
Number of updated asset objects reloaded before import = 0
Number of asset objects unloaded after import = 0
========================================================================
Received Import Request.
  Time since last request: 0.004682 seconds.
  path: Assets/CustomRP/Runtime/Lighting.cs
  artifactKey: Guid(98ae4963f0b436048990d0bd05810470) Importer(815301076,1909f56bfc062723c751e8b465ee728b)
Start importing Assets/CustomRP/Runtime/Lighting.cs using Guid(98ae4963f0b436048990d0bd05810470) Importer(815301076,1909f56bfc062723c751e8b465ee728b)  -> (artifact id: '00000000000000000000000000000000') in 0.000364 seconds
Import Error Code:(4)
Message: Build asset version error: assets/customrp/runtime/lighting.cs in SourceAssetDB has modification time of '2024-09-18T03:50:32.1130814Z' while content on disk has modification time of '2024-09-18T03:50:41.0316514Z'
  ERROR: Build asset version error: assets/customrp/runtime/lighting.cs in SourceAssetDB has modification time of '2024-09-18T03:50:32.1130814Z' while content on disk has modification time of '2024-09-18T03:50:41.0316514Z'
Number of updated asset objects reloaded before import = 0
Number of asset objects unloaded after import = 0
========================================================================
Received Import Request.
  Time since last request: 0.004688 seconds.
  path: Assets/CustomRP/Runtime/Lighting.cs
  artifactKey: Guid(98ae4963f0b436048990d0bd05810470) Importer(815301076,1909f56bfc062723c751e8b465ee728b)
Start importing Assets/CustomRP/Runtime/Lighting.cs using Guid(98ae4963f0b436048990d0bd05810470) Importer(815301076,1909f56bfc062723c751e8b465ee728b)  -> (artifact id: '00000000000000000000000000000000') in 0.000293 seconds
Import Error Code:(4)
Message: Build asset version error: assets/customrp/runtime/lighting.cs in SourceAssetDB has modification time of '2024-09-18T03:50:32.1130814Z' while content on disk has modification time of '2024-09-18T03:50:41.0316514Z'
  ERROR: Build asset version error: assets/customrp/runtime/lighting.cs in SourceAssetDB has modification time of '2024-09-18T03:50:32.1130814Z' while content on disk has modification time of '2024-09-18T03:50:41.0316514Z'
Number of updated asset objects reloaded before import = 0
Number of asset objects unloaded after import = 0
========================================================================
Received Import Request.
  Time since last request: 0.004222 seconds.
  path: Assets/CustomRP/Runtime/Lighting.cs
  artifactKey: Guid(98ae4963f0b436048990d0bd05810470) Importer(815301076,1909f56bfc062723c751e8b465ee728b)
Start importing Assets/CustomRP/Runtime/Lighting.cs using Guid(98ae4963f0b436048990d0bd05810470) Importer(815301076,1909f56bfc062723c751e8b465ee728b)  -> (artifact id: '00000000000000000000000000000000') in 0.000273 seconds
Import Error Code:(4)
Message: Build asset version error: assets/customrp/runtime/lighting.cs in SourceAssetDB has modification time of '2024-09-18T03:50:32.1130814Z' while content on disk has modification time of '2024-09-18T03:50:41.0316514Z'
  ERROR: Build asset version error: assets/customrp/runtime/lighting.cs in SourceAssetDB has modification time of '2024-09-18T03:50:32.1130814Z' while content on disk has modification time of '2024-09-18T03:50:41.0316514Z'
Number of updated asset objects reloaded before import = 0
Number of asset objects unloaded after import = 0
========================================================================
Received Import Request.
  Time since last request: 0.004724 seconds.
  path: Assets/CustomRP/Runtime/Lighting.cs
  artifactKey: Guid(98ae4963f0b436048990d0bd05810470) Importer(815301076,1909f56bfc062723c751e8b465ee728b)
Start importing Assets/CustomRP/Runtime/Lighting.cs using Guid(98ae4963f0b436048990d0bd05810470) Importer(815301076,1909f56bfc062723c751e8b465ee728b)  -> (artifact id: '00000000000000000000000000000000') in 0.000331 seconds
Import Error Code:(4)
Message: Build asset version error: assets/customrp/runtime/lighting.cs in SourceAssetDB has modification time of '2024-09-18T03:50:32.1130814Z' while content on disk has modification time of '2024-09-18T03:50:41.0316514Z'
  ERROR: Build asset version error: assets/customrp/runtime/lighting.cs in SourceAssetDB has modification time of '2024-09-18T03:50:32.1130814Z' while content on disk has modification time of '2024-09-18T03:50:41.0316514Z'
Number of updated asset objects reloaded before import = 0
Number of asset objects unloaded after import = 0
========================================================================
Received Import Request.
  Time since last request: 0.004357 seconds.
  path: Assets/CustomRP/Runtime/Lighting.cs
  artifactKey: Guid(98ae4963f0b436048990d0bd05810470) Importer(815301076,1909f56bfc062723c751e8b465ee728b)
Start importing Assets/CustomRP/Runtime/Lighting.cs using Guid(98ae4963f0b436048990d0bd05810470) Importer(815301076,1909f56bfc062723c751e8b465ee728b)  -> (artifact id: '00000000000000000000000000000000') in 0.000318 seconds
Import Error Code:(4)
Message: Build asset version error: assets/customrp/runtime/lighting.cs in SourceAssetDB has modification time of '2024-09-18T03:50:32.1130814Z' while content on disk has modification time of '2024-09-18T03:50:41.0316514Z'
  ERROR: Build asset version error: assets/customrp/runtime/lighting.cs in SourceAssetDB has modification time of '2024-09-18T03:50:32.1130814Z' while content on disk has modification time of '2024-09-18T03:50:41.0316514Z'
Number of updated asset objects reloaded before import = 0
Number of asset objects unloaded after import = 0
========================================================================
Received Import Request.
  Time since last request: 0.004548 seconds.
  path: Assets/CustomRP/Runtime/Lighting.cs
  artifactKey: Guid(98ae4963f0b436048990d0bd05810470) Importer(815301076,1909f56bfc062723c751e8b465ee728b)
Start importing Assets/CustomRP/Runtime/Lighting.cs using Guid(98ae4963f0b436048990d0bd05810470) Importer(815301076,1909f56bfc062723c751e8b465ee728b)  -> (artifact id: '00000000000000000000000000000000') in 0.000296 seconds
Import Error Code:(4)
Message: Build asset version error: assets/customrp/runtime/lighting.cs in SourceAssetDB has modification time of '2024-09-18T03:50:32.1130814Z' while content on disk has modification time of '2024-09-18T03:50:41.0316514Z'
  ERROR: Build asset version error: assets/customrp/runtime/lighting.cs in SourceAssetDB has modification time of '2024-09-18T03:50:32.1130814Z' while content on disk has modification time of '2024-09-18T03:50:41.0316514Z'
Number of updated asset objects reloaded before import = 0
Number of asset objects unloaded after import = 0
========================================================================
Received Import Request.
  Time since last request: 0.003760 seconds.
  path: Assets/CustomRP/Runtime/Lighting.cs
  artifactKey: Guid(98ae4963f0b436048990d0bd05810470) Importer(815301076,1909f56bfc062723c751e8b465ee728b)
Start importing Assets/CustomRP/Runtime/Lighting.cs using Guid(98ae4963f0b436048990d0bd05810470) Importer(815301076,1909f56bfc062723c751e8b465ee728b)  -> (artifact id: '00000000000000000000000000000000') in 0.000350 seconds
Import Error Code:(4)
Message: Build asset version error: assets/customrp/runtime/lighting.cs in SourceAssetDB has modification time of '2024-09-18T03:50:32.1130814Z' while content on disk has modification time of '2024-09-18T03:50:41.0316514Z'
  ERROR: Build asset version error: assets/customrp/runtime/lighting.cs in SourceAssetDB has modification time of '2024-09-18T03:50:32.1130814Z' while content on disk has modification time of '2024-09-18T03:50:41.0316514Z'
Number of updated asset objects reloaded before import = 0
Number of asset objects unloaded after import = 0
========================================================================
Received Import Request.
  Time since last request: 0.004625 seconds.
  path: Assets/CustomRP/Runtime/Lighting.cs
  artifactKey: Guid(98ae4963f0b436048990d0bd05810470) Importer(815301076,1909f56bfc062723c751e8b465ee728b)
Start importing Assets/CustomRP/Runtime/Lighting.cs using Guid(98ae4963f0b436048990d0bd05810470) Importer(815301076,1909f56bfc062723c751e8b465ee728b)  -> (artifact id: '00000000000000000000000000000000') in 0.000330 seconds
Import Error Code:(4)
Message: Build asset version error: assets/customrp/runtime/lighting.cs in SourceAssetDB has modification time of '2024-09-18T03:50:32.1130814Z' while content on disk has modification time of '2024-09-18T03:50:41.0316514Z'
  ERROR: Build asset version error: assets/customrp/runtime/lighting.cs in SourceAssetDB has modification time of '2024-09-18T03:50:32.1130814Z' while content on disk has modification time of '2024-09-18T03:50:41.0316514Z'
Number of updated asset objects reloaded before import = 0
Number of asset objects unloaded after import = 0
========================================================================
Received Import Request.
  Time since last request: 0.003976 seconds.
  path: Assets/CustomRP/Runtime/Lighting.cs
  artifactKey: Guid(98ae4963f0b436048990d0bd05810470) Importer(815301076,1909f56bfc062723c751e8b465ee728b)
Start importing Assets/CustomRP/Runtime/Lighting.cs using Guid(98ae4963f0b436048990d0bd05810470) Importer(815301076,1909f56bfc062723c751e8b465ee728b)  -> (artifact id: '00000000000000000000000000000000') in 0.000279 seconds
Import Error Code:(4)
Message: Build asset version error: assets/customrp/runtime/lighting.cs in SourceAssetDB has modification time of '2024-09-18T03:50:32.1130814Z' while content on disk has modification time of '2024-09-18T03:50:41.0316514Z'
  ERROR: Build asset version error: assets/customrp/runtime/lighting.cs in SourceAssetDB has modification time of '2024-09-18T03:50:32.1130814Z' while content on disk has modification time of '2024-09-18T03:50:41.0316514Z'
Number of updated asset objects reloaded before import = 0
Number of asset objects unloaded after import = 0
========================================================================
Received Import Request.
  Time since last request: 0.004470 seconds.
  path: Assets/CustomRP/Runtime/Lighting.cs
  artifactKey: Guid(98ae4963f0b436048990d0bd05810470) Importer(815301076,1909f56bfc062723c751e8b465ee728b)
Start importing Assets/CustomRP/Runtime/Lighting.cs using Guid(98ae4963f0b436048990d0bd05810470) Importer(815301076,1909f56bfc062723c751e8b465ee728b)  -> (artifact id: '00000000000000000000000000000000') in 0.000328 seconds
Import Error Code:(4)
Message: Build asset version error: assets/customrp/runtime/lighting.cs in SourceAssetDB has modification time of '2024-09-18T03:50:32.1130814Z' while content on disk has modification time of '2024-09-18T03:50:41.0316514Z'
  ERROR: Build asset version error: assets/customrp/runtime/lighting.cs in SourceAssetDB has modification time of '2024-09-18T03:50:32.1130814Z' while content on disk has modification time of '2024-09-18T03:50:41.0316514Z'
Number of updated asset objects reloaded before import = 0
Number of asset objects unloaded after import = 0
========================================================================
Received Import Request.
  Time since last request: 0.004361 seconds.
  path: Assets/CustomRP/Runtime/Lighting.cs
  artifactKey: Guid(98ae4963f0b436048990d0bd05810470) Importer(815301076,1909f56bfc062723c751e8b465ee728b)
Start importing Assets/CustomRP/Runtime/Lighting.cs using Guid(98ae4963f0b436048990d0bd05810470) Importer(815301076,1909f56bfc062723c751e8b465ee728b)  -> (artifact id: '00000000000000000000000000000000') in 0.000328 seconds
Import Error Code:(4)
Message: Build asset version error: assets/customrp/runtime/lighting.cs in SourceAssetDB has modification time of '2024-09-18T03:50:32.1130814Z' while content on disk has modification time of '2024-09-18T03:50:41.0316514Z'
  ERROR: Build asset version error: assets/customrp/runtime/lighting.cs in SourceAssetDB has modification time of '2024-09-18T03:50:32.1130814Z' while content on disk has modification time of '2024-09-18T03:50:41.0316514Z'
Number of updated asset objects reloaded before import = 0
Number of asset objects unloaded after import = 0
========================================================================
Received Import Request.
  Time since last request: 0.004429 seconds.
  path: Assets/CustomRP/Runtime/Lighting.cs
  artifactKey: Guid(98ae4963f0b436048990d0bd05810470) Importer(815301076,1909f56bfc062723c751e8b465ee728b)
Start importing Assets/CustomRP/Runtime/Lighting.cs using Guid(98ae4963f0b436048990d0bd05810470) Importer(815301076,1909f56bfc062723c751e8b465ee728b)  -> (artifact id: '00000000000000000000000000000000') in 0.000294 seconds
Import Error Code:(4)
Message: Build asset version error: assets/customrp/runtime/lighting.cs in SourceAssetDB has modification time of '2024-09-18T03:50:32.1130814Z' while content on disk has modification time of '2024-09-18T03:50:41.0316514Z'
  ERROR: Build asset version error: assets/customrp/runtime/lighting.cs in SourceAssetDB has modification time of '2024-09-18T03:50:32.1130814Z' while content on disk has modification time of '2024-09-18T03:50:41.0316514Z'
Number of updated asset objects reloaded before import = 0
Number of asset objects unloaded after import = 0
========================================================================
Received Import Request.
  Time since last request: 0.003767 seconds.
  path: Assets/CustomRP/Runtime/Lighting.cs
  artifactKey: Guid(98ae4963f0b436048990d0bd05810470) Importer(815301076,1909f56bfc062723c751e8b465ee728b)
Start importing Assets/CustomRP/Runtime/Lighting.cs using Guid(98ae4963f0b436048990d0bd05810470) Importer(815301076,1909f56bfc062723c751e8b465ee728b)  -> (artifact id: '00000000000000000000000000000000') in 0.000361 seconds
Import Error Code:(4)
Message: Build asset version error: assets/customrp/runtime/lighting.cs in SourceAssetDB has modification time of '2024-09-18T03:50:32.1130814Z' while content on disk has modification time of '2024-09-18T03:50:41.0316514Z'
  ERROR: Build asset version error: assets/customrp/runtime/lighting.cs in SourceAssetDB has modification time of '2024-09-18T03:50:32.1130814Z' while content on disk has modification time of '2024-09-18T03:50:41.0316514Z'
Number of updated asset objects reloaded before import = 0
Number of asset objects unloaded after import = 0
========================================================================
Received Import Request.
  Time since last request: 0.004548 seconds.
  path: Assets/CustomRP/Runtime/Lighting.cs
  artifactKey: Guid(98ae4963f0b436048990d0bd05810470) Importer(815301076,1909f56bfc062723c751e8b465ee728b)
Start importing Assets/CustomRP/Runtime/Lighting.cs using Guid(98ae4963f0b436048990d0bd05810470) Importer(815301076,1909f56bfc062723c751e8b465ee728b)  -> (artifact id: '00000000000000000000000000000000') in 0.000344 seconds
Import Error Code:(4)
Message: Build asset version error: assets/customrp/runtime/lighting.cs in SourceAssetDB has modification time of '2024-09-18T03:50:32.1130814Z' while content on disk has modification time of '2024-09-18T03:50:41.0316514Z'
  ERROR: Build asset version error: assets/customrp/runtime/lighting.cs in SourceAssetDB has modification time of '2024-09-18T03:50:32.1130814Z' while content on disk has modification time of '2024-09-18T03:50:41.0316514Z'
Number of updated asset objects reloaded before import = 0
Number of asset objects unloaded after import = 0
========================================================================
Received Import Request.
  Time since last request: 0.004512 seconds.
  path: Assets/CustomRP/Runtime/Lighting.cs
  artifactKey: Guid(98ae4963f0b436048990d0bd05810470) Importer(815301076,1909f56bfc062723c751e8b465ee728b)
Start importing Assets/CustomRP/Runtime/Lighting.cs using Guid(98ae4963f0b436048990d0bd05810470) Importer(815301076,1909f56bfc062723c751e8b465ee728b)  -> (artifact id: '00000000000000000000000000000000') in 0.000328 seconds
Import Error Code:(4)
Message: Build asset version error: assets/customrp/runtime/lighting.cs in SourceAssetDB has modification time of '2024-09-18T03:50:32.1130814Z' while content on disk has modification time of '2024-09-18T03:50:41.0316514Z'
  ERROR: Build asset version error: assets/customrp/runtime/lighting.cs in SourceAssetDB has modification time of '2024-09-18T03:50:32.1130814Z' while content on disk has modification time of '2024-09-18T03:50:41.0316514Z'
Number of updated asset objects reloaded before import = 0
Number of asset objects unloaded after import = 0
========================================================================
Received Import Request.
  Time since last request: 0.004563 seconds.
  path: Assets/CustomRP/Runtime/Lighting.cs
  artifactKey: Guid(98ae4963f0b436048990d0bd05810470) Importer(815301076,1909f56bfc062723c751e8b465ee728b)
Start importing Assets/CustomRP/Runtime/Lighting.cs using Guid(98ae4963f0b436048990d0bd05810470) Importer(815301076,1909f56bfc062723c751e8b465ee728b)  -> (artifact id: '00000000000000000000000000000000') in 0.000362 seconds
Import Error Code:(4)
Message: Build asset version error: assets/customrp/runtime/lighting.cs in SourceAssetDB has modification time of '2024-09-18T03:50:32.1130814Z' while content on disk has modification time of '2024-09-18T03:50:41.0316514Z'
  ERROR: Build asset version error: assets/customrp/runtime/lighting.cs in SourceAssetDB has modification time of '2024-09-18T03:50:32.1130814Z' while content on disk has modification time of '2024-09-18T03:50:41.0316514Z'
Number of updated asset objects reloaded before import = 0
Number of asset objects unloaded after import = 0
========================================================================
Received Import Request.
  Time since last request: 0.004895 seconds.
  path: Assets/CustomRP/Runtime/Lighting.cs
  artifactKey: Guid(98ae4963f0b436048990d0bd05810470) Importer(815301076,1909f56bfc062723c751e8b465ee728b)
Start importing Assets/CustomRP/Runtime/Lighting.cs using Guid(98ae4963f0b436048990d0bd05810470) Importer(815301076,1909f56bfc062723c751e8b465ee728b)  -> (artifact id: '00000000000000000000000000000000') in 0.000385 seconds
Import Error Code:(4)
Message: Build asset version error: assets/customrp/runtime/lighting.cs in SourceAssetDB has modification time of '2024-09-18T03:50:32.1130814Z' while content on disk has modification time of '2024-09-18T03:50:41.0316514Z'
  ERROR: Build asset version error: assets/customrp/runtime/lighting.cs in SourceAssetDB has modification time of '2024-09-18T03:50:32.1130814Z' while content on disk has modification time of '2024-09-18T03:50:41.0316514Z'
Number of updated asset objects reloaded before import = 0
Number of asset objects unloaded after import = 0
========================================================================
Received Import Request.
  Time since last request: 0.008764 seconds.
  path: Assets/CustomRP/Runtime/Lighting.cs
  artifactKey: Guid(98ae4963f0b436048990d0bd05810470) Importer(815301076,1909f56bfc062723c751e8b465ee728b)
Start importing Assets/CustomRP/Runtime/Lighting.cs using Guid(98ae4963f0b436048990d0bd05810470) Importer(815301076,1909f56bfc062723c751e8b465ee728b)  -> (artifact id: '00000000000000000000000000000000') in 0.000490 seconds
Import Error Code:(4)
Message: Build asset version error: assets/customrp/runtime/lighting.cs in SourceAssetDB has modification time of '2024-09-18T03:50:32.1130814Z' while content on disk has modification time of '2024-09-18T03:50:41.0316514Z'
  ERROR: Build asset version error: assets/customrp/runtime/lighting.cs in SourceAssetDB has modification time of '2024-09-18T03:50:32.1130814Z' while content on disk has modification time of '2024-09-18T03:50:41.0316514Z'
Number of updated asset objects reloaded before import = 0
Number of asset objects unloaded after import = 0
========================================================================
Received Import Request.
  Time since last request: 0.004462 seconds.
  path: Assets/CustomRP/Runtime/Lighting.cs
  artifactKey: Guid(98ae4963f0b436048990d0bd05810470) Importer(815301076,1909f56bfc062723c751e8b465ee728b)
Start importing Assets/CustomRP/Runtime/Lighting.cs using Guid(98ae4963f0b436048990d0bd05810470) Importer(815301076,1909f56bfc062723c751e8b465ee728b)  -> (artifact id: '00000000000000000000000000000000') in 0.000353 seconds
Import Error Code:(4)
Message: Build asset version error: assets/customrp/runtime/lighting.cs in SourceAssetDB has modification time of '2024-09-18T03:50:32.1130814Z' while content on disk has modification time of '2024-09-18T03:50:41.0316514Z'
  ERROR: Build asset version error: assets/customrp/runtime/lighting.cs in SourceAssetDB has modification time of '2024-09-18T03:50:32.1130814Z' while content on disk has modification time of '2024-09-18T03:50:41.0316514Z'
Number of updated asset objects reloaded before import = 0
Number of asset objects unloaded after import = 0
========================================================================
Received Import Request.
  Time since last request: 0.004424 seconds.
  path: Assets/CustomRP/Runtime/Lighting.cs
  artifactKey: Guid(98ae4963f0b436048990d0bd05810470) Importer(815301076,1909f56bfc062723c751e8b465ee728b)
Start importing Assets/CustomRP/Runtime/Lighting.cs using Guid(98ae4963f0b436048990d0bd05810470) Importer(815301076,1909f56bfc062723c751e8b465ee728b)  -> (artifact id: '00000000000000000000000000000000') in 0.000346 seconds
Import Error Code:(4)
Message: Build asset version error: assets/customrp/runtime/lighting.cs in SourceAssetDB has modification time of '2024-09-18T03:50:32.1130814Z' while content on disk has modification time of '2024-09-18T03:50:41.0316514Z'
  ERROR: Build asset version error: assets/customrp/runtime/lighting.cs in SourceAssetDB has modification time of '2024-09-18T03:50:32.1130814Z' while content on disk has modification time of '2024-09-18T03:50:41.0316514Z'
Number of updated asset objects reloaded before import = 0
Number of asset objects unloaded after import = 0
========================================================================
Received Import Request.
  Time since last request: 0.004900 seconds.
  path: Assets/CustomRP/Runtime/Lighting.cs
  artifactKey: Guid(98ae4963f0b436048990d0bd05810470) Importer(815301076,1909f56bfc062723c751e8b465ee728b)
Start importing Assets/CustomRP/Runtime/Lighting.cs using Guid(98ae4963f0b436048990d0bd05810470) Importer(815301076,1909f56bfc062723c751e8b465ee728b)  -> (artifact id: '00000000000000000000000000000000') in 0.000340 seconds
Import Error Code:(4)
Message: Build asset version error: assets/customrp/runtime/lighting.cs in SourceAssetDB has modification time of '2024-09-18T03:50:32.1130814Z' while content on disk has modification time of '2024-09-18T03:50:41.0316514Z'
  ERROR: Build asset version error: assets/customrp/runtime/lighting.cs in SourceAssetDB has modification time of '2024-09-18T03:50:32.1130814Z' while content on disk has modification time of '2024-09-18T03:50:41.0316514Z'
Number of updated asset objects reloaded before import = 0
Number of asset objects unloaded after import = 0
========================================================================
Received Import Request.
  Time since last request: 0.018288 seconds.
  path: Assets/CustomRP/Runtime/Lighting.cs
  artifactKey: Guid(98ae4963f0b436048990d0bd05810470) Importer(815301076,1909f56bfc062723c751e8b465ee728b)
Start importing Assets/CustomRP/Runtime/Lighting.cs using Guid(98ae4963f0b436048990d0bd05810470) Importer(815301076,1909f56bfc062723c751e8b465ee728b)  -> (artifact id: '00000000000000000000000000000000') in 0.000332 seconds
Import Error Code:(4)
Message: Build asset version error: assets/customrp/runtime/lighting.cs in SourceAssetDB has modification time of '2024-09-18T03:50:32.1130814Z' while content on disk has modification time of '2024-09-18T03:50:41.0316514Z'
  ERROR: Build asset version error: assets/customrp/runtime/lighting.cs in SourceAssetDB has modification time of '2024-09-18T03:50:32.1130814Z' while content on disk has modification time of '2024-09-18T03:50:41.0316514Z'
Number of updated asset objects reloaded before import = 0
Number of asset objects unloaded after import = 0
========================================================================
Received Import Request.
  Time since last request: 0.005234 seconds.
  path: Assets/CustomRP/Runtime/Lighting.cs
  artifactKey: Guid(98ae4963f0b436048990d0bd05810470) Importer(815301076,1909f56bfc062723c751e8b465ee728b)
Start importing Assets/CustomRP/Runtime/Lighting.cs using Guid(98ae4963f0b436048990d0bd05810470) Importer(815301076,1909f56bfc062723c751e8b465ee728b)  -> (artifact id: '00000000000000000000000000000000') in 0.000369 seconds
Import Error Code:(4)
Message: Build asset version error: assets/customrp/runtime/lighting.cs in SourceAssetDB has modification time of '2024-09-18T03:50:32.1130814Z' while content on disk has modification time of '2024-09-18T03:50:41.0316514Z'
  ERROR: Build asset version error: assets/customrp/runtime/lighting.cs in SourceAssetDB has modification time of '2024-09-18T03:50:32.1130814Z' while content on disk has modification time of '2024-09-18T03:50:41.0316514Z'
Number of updated asset objects reloaded before import = 0
Number of asset objects unloaded after import = 0
========================================================================
Received Import Request.
  Time since last request: 0.005197 seconds.
  path: Assets/CustomRP/Runtime/Lighting.cs
  artifactKey: Guid(98ae4963f0b436048990d0bd05810470) Importer(815301076,1909f56bfc062723c751e8b465ee728b)
Start importing Assets/CustomRP/Runtime/Lighting.cs using Guid(98ae4963f0b436048990d0bd05810470) Importer(815301076,1909f56bfc062723c751e8b465ee728b)  -> (artifact id: '00000000000000000000000000000000') in 0.000417 seconds
Import Error Code:(4)
Message: Build asset version error: assets/customrp/runtime/lighting.cs in SourceAssetDB has modification time of '2024-09-18T03:50:32.1130814Z' while content on disk has modification time of '2024-09-18T03:50:41.0316514Z'
  ERROR: Build asset version error: assets/customrp/runtime/lighting.cs in SourceAssetDB has modification time of '2024-09-18T03:50:32.1130814Z' while content on disk has modification time of '2024-09-18T03:50:41.0316514Z'
Number of updated asset objects reloaded before import = 0
Number of asset objects unloaded after import = 0
========================================================================
Received Import Request.
  Time since last request: 0.005228 seconds.
  path: Assets/CustomRP/Runtime/Lighting.cs
  artifactKey: Guid(98ae4963f0b436048990d0bd05810470) Importer(815301076,1909f56bfc062723c751e8b465ee728b)
Start importing Assets/CustomRP/Runtime/Lighting.cs using Guid(98ae4963f0b436048990d0bd05810470) Importer(815301076,1909f56bfc062723c751e8b465ee728b)  -> (artifact id: '00000000000000000000000000000000') in 0.000360 seconds
Import Error Code:(4)
Message: Build asset version error: assets/customrp/runtime/lighting.cs in SourceAssetDB has modification time of '2024-09-18T03:50:32.1130814Z' while content on disk has modification time of '2024-09-18T03:50:41.0316514Z'
  ERROR: Build asset version error: assets/customrp/runtime/lighting.cs in SourceAssetDB has modification time of '2024-09-18T03:50:32.1130814Z' while content on disk has modification time of '2024-09-18T03:50:41.0316514Z'
Number of updated asset objects reloaded before import = 0
Number of asset objects unloaded after import = 0
========================================================================
Received Import Request.
  Time since last request: 0.004780 seconds.
  path: Assets/CustomRP/Runtime/Lighting.cs
  artifactKey: Guid(98ae4963f0b436048990d0bd05810470) Importer(815301076,1909f56bfc062723c751e8b465ee728b)
Start importing Assets/CustomRP/Runtime/Lighting.cs using Guid(98ae4963f0b436048990d0bd05810470) Importer(815301076,1909f56bfc062723c751e8b465ee728b)  -> (artifact id: '00000000000000000000000000000000') in 0.000367 seconds
Import Error Code:(4)
Message: Build asset version error: assets/customrp/runtime/lighting.cs in SourceAssetDB has modification time of '2024-09-18T03:50:32.1130814Z' while content on disk has modification time of '2024-09-18T03:50:41.0316514Z'
  ERROR: Build asset version error: assets/customrp/runtime/lighting.cs in SourceAssetDB has modification time of '2024-09-18T03:50:32.1130814Z' while content on disk has modification time of '2024-09-18T03:50:41.0316514Z'
Number of updated asset objects reloaded before import = 0
Number of asset objects unloaded after import = 0
========================================================================
Received Import Request.
  Time since last request: 0.005623 seconds.
  path: Assets/CustomRP/Runtime/Lighting.cs
  artifactKey: Guid(98ae4963f0b436048990d0bd05810470) Importer(815301076,1909f56bfc062723c751e8b465ee728b)
Start importing Assets/CustomRP/Runtime/Lighting.cs using Guid(98ae4963f0b436048990d0bd05810470) Importer(815301076,1909f56bfc062723c751e8b465ee728b)  -> (artifact id: '00000000000000000000000000000000') in 0.000356 seconds
Import Error Code:(4)
Message: Build asset version error: assets/customrp/runtime/lighting.cs in SourceAssetDB has modification time of '2024-09-18T03:50:32.1130814Z' while content on disk has modification time of '2024-09-18T03:50:41.0316514Z'
  ERROR: Build asset version error: assets/customrp/runtime/lighting.cs in SourceAssetDB has modification time of '2024-09-18T03:50:32.1130814Z' while content on disk has modification time of '2024-09-18T03:50:41.0316514Z'
Number of updated asset objects reloaded before import = 0
Number of asset objects unloaded after import = 0
========================================================================
Received Import Request.
  Time since last request: 0.004431 seconds.
  path: Assets/CustomRP/Runtime/Lighting.cs
  artifactKey: Guid(98ae4963f0b436048990d0bd05810470) Importer(815301076,1909f56bfc062723c751e8b465ee728b)
Start importing Assets/CustomRP/Runtime/Lighting.cs using Guid(98ae4963f0b436048990d0bd05810470) Importer(815301076,1909f56bfc062723c751e8b465ee728b)  -> (artifact id: '00000000000000000000000000000000') in 0.000337 seconds
Import Error Code:(4)
Message: Build asset version error: assets/customrp/runtime/lighting.cs in SourceAssetDB has modification time of '2024-09-18T03:50:32.1130814Z' while content on disk has modification time of '2024-09-18T03:50:41.0316514Z'
  ERROR: Build asset version error: assets/customrp/runtime/lighting.cs in SourceAssetDB has modification time of '2024-09-18T03:50:32.1130814Z' while content on disk has modification time of '2024-09-18T03:50:41.0316514Z'
Number of updated asset objects reloaded before import = 0
Number of asset objects unloaded after import = 0
========================================================================
Received Import Request.
  Time since last request: 0.004905 seconds.
  path: Assets/CustomRP/Runtime/Lighting.cs
  artifactKey: Guid(98ae4963f0b436048990d0bd05810470) Importer(815301076,1909f56bfc062723c751e8b465ee728b)
Start importing Assets/CustomRP/Runtime/Lighting.cs using Guid(98ae4963f0b436048990d0bd05810470) Importer(815301076,1909f56bfc062723c751e8b465ee728b)  -> (artifact id: '00000000000000000000000000000000') in 0.000339 seconds
Import Error Code:(4)
Message: Build asset version error: assets/customrp/runtime/lighting.cs in SourceAssetDB has modification time of '2024-09-18T03:50:32.1130814Z' while content on disk has modification time of '2024-09-18T03:50:41.0316514Z'
  ERROR: Build asset version error: assets/customrp/runtime/lighting.cs in SourceAssetDB has modification time of '2024-09-18T03:50:32.1130814Z' while content on disk has modification time of '2024-09-18T03:50:41.0316514Z'
Number of updated asset objects reloaded before import = 0
Number of asset objects unloaded after import = 0
========================================================================
Received Import Request.
  Time since last request: 0.005714 seconds.
  path: Assets/CustomRP/Runtime/Lighting.cs
  artifactKey: Guid(98ae4963f0b436048990d0bd05810470) Importer(815301076,1909f56bfc062723c751e8b465ee728b)
Start importing Assets/CustomRP/Runtime/Lighting.cs using Guid(98ae4963f0b436048990d0bd05810470) Importer(815301076,1909f56bfc062723c751e8b465ee728b)  -> (artifact id: '00000000000000000000000000000000') in 0.000352 seconds
Import Error Code:(4)
Message: Build asset version error: assets/customrp/runtime/lighting.cs in SourceAssetDB has modification time of '2024-09-18T03:50:32.1130814Z' while content on disk has modification time of '2024-09-18T03:50:41.0316514Z'
  ERROR: Build asset version error: assets/customrp/runtime/lighting.cs in SourceAssetDB has modification time of '2024-09-18T03:50:32.1130814Z' while content on disk has modification time of '2024-09-18T03:50:41.0316514Z'
Number of updated asset objects reloaded before import = 0
Number of asset objects unloaded after import = 0
========================================================================
Received Import Request.
  Time since last request: 0.004681 seconds.
  path: Assets/CustomRP/Runtime/Lighting.cs
  artifactKey: Guid(98ae4963f0b436048990d0bd05810470) Importer(815301076,1909f56bfc062723c751e8b465ee728b)
Start importing Assets/CustomRP/Runtime/Lighting.cs using Guid(98ae4963f0b436048990d0bd05810470) Importer(815301076,1909f56bfc062723c751e8b465ee728b)  -> (artifact id: '00000000000000000000000000000000') in 0.000353 seconds
Import Error Code:(4)
Message: Build asset version error: assets/customrp/runtime/lighting.cs in SourceAssetDB has modification time of '2024-09-18T03:50:32.1130814Z' while content on disk has modification time of '2024-09-18T03:50:41.0316514Z'
  ERROR: Build asset version error: assets/customrp/runtime/lighting.cs in SourceAssetDB has modification time of '2024-09-18T03:50:32.1130814Z' while content on disk has modification time of '2024-09-18T03:50:41.0316514Z'
Number of updated asset objects reloaded before import = 0
Number of asset objects unloaded after import = 0
========================================================================
Received Import Request.
  Time since last request: 0.004907 seconds.
  path: Assets/CustomRP/Runtime/Lighting.cs
  artifactKey: Guid(98ae4963f0b436048990d0bd05810470) Importer(815301076,1909f56bfc062723c751e8b465ee728b)
Start importing Assets/CustomRP/Runtime/Lighting.cs using Guid(98ae4963f0b436048990d0bd05810470) Importer(815301076,1909f56bfc062723c751e8b465ee728b)  -> (artifact id: '00000000000000000000000000000000') in 0.000347 seconds
Import Error Code:(4)
Message: Build asset version error: assets/customrp/runtime/lighting.cs in SourceAssetDB has modification time of '2024-09-18T03:50:32.1130814Z' while content on disk has modification time of '2024-09-18T03:50:41.0316514Z'
  ERROR: Build asset version error: assets/customrp/runtime/lighting.cs in SourceAssetDB has modification time of '2024-09-18T03:50:32.1130814Z' while content on disk has modification time of '2024-09-18T03:50:41.0316514Z'
Number of updated asset objects reloaded before import = 0
Number of asset objects unloaded after import = 0
========================================================================
Received Import Request.
  Time since last request: 0.004995 seconds.
  path: Assets/CustomRP/Runtime/Lighting.cs
  artifactKey: Guid(98ae4963f0b436048990d0bd05810470) Importer(815301076,1909f56bfc062723c751e8b465ee728b)
Start importing Assets/CustomRP/Runtime/Lighting.cs using Guid(98ae4963f0b436048990d0bd05810470) Importer(815301076,1909f56bfc062723c751e8b465ee728b)  -> (artifact id: '00000000000000000000000000000000') in 0.000397 seconds
Import Error Code:(4)
Message: Build asset version error: assets/customrp/runtime/lighting.cs in SourceAssetDB has modification time of '2024-09-18T03:50:32.1130814Z' while content on disk has modification time of '2024-09-18T03:50:41.0316514Z'
  ERROR: Build asset version error: assets/customrp/runtime/lighting.cs in SourceAssetDB has modification time of '2024-09-18T03:50:32.1130814Z' while content on disk has modification time of '2024-09-18T03:50:41.0316514Z'
Number of updated asset objects reloaded before import = 0
Number of asset objects unloaded after import = 0
========================================================================
Received Import Request.
  Time since last request: 0.004386 seconds.
  path: Assets/CustomRP/Runtime/Lighting.cs
  artifactKey: Guid(98ae4963f0b436048990d0bd05810470) Importer(815301076,1909f56bfc062723c751e8b465ee728b)
Start importing Assets/CustomRP/Runtime/Lighting.cs using Guid(98ae4963f0b436048990d0bd05810470) Importer(815301076,1909f56bfc062723c751e8b465ee728b)  -> (artifact id: '00000000000000000000000000000000') in 0.000357 seconds
Import Error Code:(4)
Message: Build asset version error: assets/customrp/runtime/lighting.cs in SourceAssetDB has modification time of '2024-09-18T03:50:32.1130814Z' while content on disk has modification time of '2024-09-18T03:50:41.0316514Z'
  ERROR: Build asset version error: assets/customrp/runtime/lighting.cs in SourceAssetDB has modification time of '2024-09-18T03:50:32.1130814Z' while content on disk has modification time of '2024-09-18T03:50:41.0316514Z'
Number of updated asset objects reloaded before import = 0
Number of asset objects unloaded after import = 0
========================================================================
Received Import Request.
  Time since last request: 0.004738 seconds.
  path: Assets/CustomRP/Runtime/Lighting.cs
  artifactKey: Guid(98ae4963f0b436048990d0bd05810470) Importer(815301076,1909f56bfc062723c751e8b465ee728b)
Start importing Assets/CustomRP/Runtime/Lighting.cs using Guid(98ae4963f0b436048990d0bd05810470) Importer(815301076,1909f56bfc062723c751e8b465ee728b)  -> (artifact id: '00000000000000000000000000000000') in 0.000332 seconds
Import Error Code:(4)
Message: Build asset version error: assets/customrp/runtime/lighting.cs in SourceAssetDB has modification time of '2024-09-18T03:50:32.1130814Z' while content on disk has modification time of '2024-09-18T03:50:41.0316514Z'
  ERROR: Build asset version error: assets/customrp/runtime/lighting.cs in SourceAssetDB has modification time of '2024-09-18T03:50:32.1130814Z' while content on disk has modification time of '2024-09-18T03:50:41.0316514Z'
Number of updated asset objects reloaded before import = 0
Number of asset objects unloaded after import = 0
========================================================================
Received Import Request.
  Time since last request: 0.004378 seconds.
  path: Assets/CustomRP/Runtime/Lighting.cs
  artifactKey: Guid(98ae4963f0b436048990d0bd05810470) Importer(815301076,1909f56bfc062723c751e8b465ee728b)
Start importing Assets/CustomRP/Runtime/Lighting.cs using Guid(98ae4963f0b436048990d0bd05810470) Importer(815301076,1909f56bfc062723c751e8b465ee728b)  -> (artifact id: '00000000000000000000000000000000') in 0.000308 seconds
Import Error Code:(4)
Message: Build asset version error: assets/customrp/runtime/lighting.cs in SourceAssetDB has modification time of '2024-09-18T03:50:32.1130814Z' while content on disk has modification time of '2024-09-18T03:50:41.0316514Z'
  ERROR: Build asset version error: assets/customrp/runtime/lighting.cs in SourceAssetDB has modification time of '2024-09-18T03:50:32.1130814Z' while content on disk has modification time of '2024-09-18T03:50:41.0316514Z'
Number of updated asset objects reloaded before import = 0
Number of asset objects unloaded after import = 0
========================================================================
Received Import Request.
  Time since last request: 0.004508 seconds.
  path: Assets/CustomRP/Runtime/Lighting.cs
  artifactKey: Guid(98ae4963f0b436048990d0bd05810470) Importer(815301076,1909f56bfc062723c751e8b465ee728b)
Start importing Assets/CustomRP/Runtime/Lighting.cs using Guid(98ae4963f0b436048990d0bd05810470) Importer(815301076,1909f56bfc062723c751e8b465ee728b)  -> (artifact id: '00000000000000000000000000000000') in 0.000322 seconds
Import Error Code:(4)
Message: Build asset version error: assets/customrp/runtime/lighting.cs in SourceAssetDB has modification time of '2024-09-18T03:50:32.1130814Z' while content on disk has modification time of '2024-09-18T03:50:41.0316514Z'
  ERROR: Build asset version error: assets/customrp/runtime/lighting.cs in SourceAssetDB has modification time of '2024-09-18T03:50:32.1130814Z' while content on disk has modification time of '2024-09-18T03:50:41.0316514Z'
Number of updated asset objects reloaded before import = 0
Number of asset objects unloaded after import = 0
========================================================================
Received Import Request.
  Time since last request: 0.004551 seconds.
  path: Assets/CustomRP/Runtime/Lighting.cs
  artifactKey: Guid(98ae4963f0b436048990d0bd05810470) Importer(815301076,1909f56bfc062723c751e8b465ee728b)
Start importing Assets/CustomRP/Runtime/Lighting.cs using Guid(98ae4963f0b436048990d0bd05810470) Importer(815301076,1909f56bfc062723c751e8b465ee728b)  -> (artifact id: '00000000000000000000000000000000') in 0.000333 seconds
Import Error Code:(4)
Message: Build asset version error: assets/customrp/runtime/lighting.cs in SourceAssetDB has modification time of '2024-09-18T03:50:32.1130814Z' while content on disk has modification time of '2024-09-18T03:50:41.0316514Z'
  ERROR: Build asset version error: assets/customrp/runtime/lighting.cs in SourceAssetDB has modification time of '2024-09-18T03:50:32.1130814Z' while content on disk has modification time of '2024-09-18T03:50:41.0316514Z'
Number of updated asset objects reloaded before import = 0
Number of asset objects unloaded after import = 0
========================================================================
Received Import Request.
  Time since last request: 0.004682 seconds.
  path: Assets/CustomRP/Runtime/Lighting.cs
  artifactKey: Guid(98ae4963f0b436048990d0bd05810470) Importer(815301076,1909f56bfc062723c751e8b465ee728b)
Start importing Assets/CustomRP/Runtime/Lighting.cs using Guid(98ae4963f0b436048990d0bd05810470) Importer(815301076,1909f56bfc062723c751e8b465ee728b)  -> (artifact id: '00000000000000000000000000000000') in 0.000334 seconds
Import Error Code:(4)
Message: Build asset version error: assets/customrp/runtime/lighting.cs in SourceAssetDB has modification time of '2024-09-18T03:50:32.1130814Z' while content on disk has modification time of '2024-09-18T03:50:41.0316514Z'
  ERROR: Build asset version error: assets/customrp/runtime/lighting.cs in SourceAssetDB has modification time of '2024-09-18T03:50:32.1130814Z' while content on disk has modification time of '2024-09-18T03:50:41.0316514Z'
Number of updated asset objects reloaded before import = 0
Number of asset objects unloaded after import = 0
========================================================================
Received Import Request.
  Time since last request: 0.004507 seconds.
  path: Assets/CustomRP/Runtime/Lighting.cs
  artifactKey: Guid(98ae4963f0b436048990d0bd05810470) Importer(815301076,1909f56bfc062723c751e8b465ee728b)
Start importing Assets/CustomRP/Runtime/Lighting.cs using Guid(98ae4963f0b436048990d0bd05810470) Importer(815301076,1909f56bfc062723c751e8b465ee728b)  -> (artifact id: '00000000000000000000000000000000') in 0.000341 seconds
Import Error Code:(4)
Message: Build asset version error: assets/customrp/runtime/lighting.cs in SourceAssetDB has modification time of '2024-09-18T03:50:32.1130814Z' while content on disk has modification time of '2024-09-18T03:50:41.0316514Z'
  ERROR: Build asset version error: assets/customrp/runtime/lighting.cs in SourceAssetDB has modification time of '2024-09-18T03:50:32.1130814Z' while content on disk has modification time of '2024-09-18T03:50:41.0316514Z'
Number of updated asset objects reloaded before import = 0
Number of asset objects unloaded after import = 0
========================================================================
Received Import Request.
  Time since last request: 0.004513 seconds.
  path: Assets/CustomRP/Runtime/Lighting.cs
  artifactKey: Guid(98ae4963f0b436048990d0bd05810470) Importer(815301076,1909f56bfc062723c751e8b465ee728b)
Start importing Assets/CustomRP/Runtime/Lighting.cs using Guid(98ae4963f0b436048990d0bd05810470) Importer(815301076,1909f56bfc062723c751e8b465ee728b)  -> (artifact id: '00000000000000000000000000000000') in 0.000329 seconds
Import Error Code:(4)
Message: Build asset version error: assets/customrp/runtime/lighting.cs in SourceAssetDB has modification time of '2024-09-18T03:50:32.1130814Z' while content on disk has modification time of '2024-09-18T03:50:41.0316514Z'
  ERROR: Build asset version error: assets/customrp/runtime/lighting.cs in SourceAssetDB has modification time of '2024-09-18T03:50:32.1130814Z' while content on disk has modification time of '2024-09-18T03:50:41.0316514Z'
Number of updated asset objects reloaded before import = 0
Number of asset objects unloaded after import = 0
========================================================================
Received Import Request.
  Time since last request: 0.004297 seconds.
  path: Assets/CustomRP/Runtime/Lighting.cs
  artifactKey: Guid(98ae4963f0b436048990d0bd05810470) Importer(815301076,1909f56bfc062723c751e8b465ee728b)
Start importing Assets/CustomRP/Runtime/Lighting.cs using Guid(98ae4963f0b436048990d0bd05810470) Importer(815301076,1909f56bfc062723c751e8b465ee728b)  -> (artifact id: '00000000000000000000000000000000') in 0.000325 seconds
Import Error Code:(4)
Message: Build asset version error: assets/customrp/runtime/lighting.cs in SourceAssetDB has modification time of '2024-09-18T03:50:32.1130814Z' while content on disk has modification time of '2024-09-18T03:50:41.0316514Z'
  ERROR: Build asset version error: assets/customrp/runtime/lighting.cs in SourceAssetDB has modification time of '2024-09-18T03:50:32.1130814Z' while content on disk has modification time of '2024-09-18T03:50:41.0316514Z'
Number of updated asset objects reloaded before import = 0
Number of asset objects unloaded after import = 0
========================================================================
Received Import Request.
  Time since last request: 0.003854 seconds.
  path: Assets/CustomRP/Runtime/Lighting.cs
  artifactKey: Guid(98ae4963f0b436048990d0bd05810470) Importer(815301076,1909f56bfc062723c751e8b465ee728b)
Start importing Assets/CustomRP/Runtime/Lighting.cs using Guid(98ae4963f0b436048990d0bd05810470) Importer(815301076,1909f56bfc062723c751e8b465ee728b)  -> (artifact id: '00000000000000000000000000000000') in 0.000311 seconds
Import Error Code:(4)
Message: Build asset version error: assets/customrp/runtime/lighting.cs in SourceAssetDB has modification time of '2024-09-18T03:50:32.1130814Z' while content on disk has modification time of '2024-09-18T03:50:41.0316514Z'
  ERROR: Build asset version error: assets/customrp/runtime/lighting.cs in SourceAssetDB has modification time of '2024-09-18T03:50:32.1130814Z' while content on disk has modification time of '2024-09-18T03:50:41.0316514Z'
Number of updated asset objects reloaded before import = 0
Number of asset objects unloaded after import = 0
========================================================================
Received Import Request.
  Time since last request: 0.004732 seconds.
  path: Assets/CustomRP/Runtime/Lighting.cs
  artifactKey: Guid(98ae4963f0b436048990d0bd05810470) Importer(815301076,1909f56bfc062723c751e8b465ee728b)
Start importing Assets/CustomRP/Runtime/Lighting.cs using Guid(98ae4963f0b436048990d0bd05810470) Importer(815301076,1909f56bfc062723c751e8b465ee728b)  -> (artifact id: '00000000000000000000000000000000') in 0.000312 seconds
Import Error Code:(4)
Message: Build asset version error: assets/customrp/runtime/lighting.cs in SourceAssetDB has modification time of '2024-09-18T03:50:32.1130814Z' while content on disk has modification time of '2024-09-18T03:50:41.0316514Z'
  ERROR: Build asset version error: assets/customrp/runtime/lighting.cs in SourceAssetDB has modification time of '2024-09-18T03:50:32.1130814Z' while content on disk has modification time of '2024-09-18T03:50:41.0316514Z'
Number of updated asset objects reloaded before import = 0
Number of asset objects unloaded after import = 0
========================================================================
Received Import Request.
  Time since last request: 0.004636 seconds.
  path: Assets/CustomRP/Runtime/Lighting.cs
  artifactKey: Guid(98ae4963f0b436048990d0bd05810470) Importer(815301076,1909f56bfc062723c751e8b465ee728b)
Start importing Assets/CustomRP/Runtime/Lighting.cs using Guid(98ae4963f0b436048990d0bd05810470) Importer(815301076,1909f56bfc062723c751e8b465ee728b)  -> (artifact id: '00000000000000000000000000000000') in 0.000306 seconds
Import Error Code:(4)
Message: Build asset version error: assets/customrp/runtime/lighting.cs in SourceAssetDB has modification time of '2024-09-18T03:50:32.1130814Z' while content on disk has modification time of '2024-09-18T03:50:41.0316514Z'
  ERROR: Build asset version error: assets/customrp/runtime/lighting.cs in SourceAssetDB has modification time of '2024-09-18T03:50:32.1130814Z' while content on disk has modification time of '2024-09-18T03:50:41.0316514Z'
Number of updated asset objects reloaded before import = 0
Number of asset objects unloaded after import = 0
========================================================================
Received Import Request.
  Time since last request: 0.004199 seconds.
  path: Assets/CustomRP/Runtime/Lighting.cs
  artifactKey: Guid(98ae4963f0b436048990d0bd05810470) Importer(815301076,1909f56bfc062723c751e8b465ee728b)
Start importing Assets/CustomRP/Runtime/Lighting.cs using Guid(98ae4963f0b436048990d0bd05810470) Importer(815301076,1909f56bfc062723c751e8b465ee728b)  -> (artifact id: '00000000000000000000000000000000') in 0.000306 seconds
Import Error Code:(4)
Message: Build asset version error: assets/customrp/runtime/lighting.cs in SourceAssetDB has modification time of '2024-09-18T03:50:32.1130814Z' while content on disk has modification time of '2024-09-18T03:50:41.0316514Z'
  ERROR: Build asset version error: assets/customrp/runtime/lighting.cs in SourceAssetDB has modification time of '2024-09-18T03:50:32.1130814Z' while content on disk has modification time of '2024-09-18T03:50:41.0316514Z'
Number of updated asset objects reloaded before import = 0
Number of asset objects unloaded after import = 0
========================================================================
Received Import Request.
  Time since last request: 0.004951 seconds.
  path: Assets/CustomRP/Runtime/Lighting.cs
  artifactKey: Guid(98ae4963f0b436048990d0bd05810470) Importer(815301076,1909f56bfc062723c751e8b465ee728b)
Start importing Assets/CustomRP/Runtime/Lighting.cs using Guid(98ae4963f0b436048990d0bd05810470) Importer(815301076,1909f56bfc062723c751e8b465ee728b)  -> (artifact id: '00000000000000000000000000000000') in 0.000317 seconds
Import Error Code:(4)
Message: Build asset version error: assets/customrp/runtime/lighting.cs in SourceAssetDB has modification time of '2024-09-18T03:50:32.1130814Z' while content on disk has modification time of '2024-09-18T03:50:41.0316514Z'
  ERROR: Build asset version error: assets/customrp/runtime/lighting.cs in SourceAssetDB has modification time of '2024-09-18T03:50:32.1130814Z' while content on disk has modification time of '2024-09-18T03:50:41.0316514Z'
Number of updated asset objects reloaded before import = 0
Number of asset objects unloaded after import = 0
========================================================================
Received Import Request.
  Time since last request: 0.004718 seconds.
  path: Assets/CustomRP/Runtime/Lighting.cs
  artifactKey: Guid(98ae4963f0b436048990d0bd05810470) Importer(815301076,1909f56bfc062723c751e8b465ee728b)
Start importing Assets/CustomRP/Runtime/Lighting.cs using Guid(98ae4963f0b436048990d0bd05810470) Importer(815301076,1909f56bfc062723c751e8b465ee728b)  -> (artifact id: '00000000000000000000000000000000') in 0.000363 seconds
Import Error Code:(4)
Message: Build asset version error: assets/customrp/runtime/lighting.cs in SourceAssetDB has modification time of '2024-09-18T03:50:32.1130814Z' while content on disk has modification time of '2024-09-18T03:50:41.0316514Z'
  ERROR: Build asset version error: assets/customrp/runtime/lighting.cs in SourceAssetDB has modification time of '2024-09-18T03:50:32.1130814Z' while content on disk has modification time of '2024-09-18T03:50:41.0316514Z'
Number of updated asset objects reloaded before import = 0
Number of asset objects unloaded after import = 0
========================================================================
Received Import Request.
  Time since last request: 0.004168 seconds.
  path: Assets/CustomRP/Runtime/Lighting.cs
  artifactKey: Guid(98ae4963f0b436048990d0bd05810470) Importer(815301076,1909f56bfc062723c751e8b465ee728b)
Start importing Assets/CustomRP/Runtime/Lighting.cs using Guid(98ae4963f0b436048990d0bd05810470) Importer(815301076,1909f56bfc062723c751e8b465ee728b)  -> (artifact id: '00000000000000000000000000000000') in 0.000304 seconds
Import Error Code:(4)
Message: Build asset version error: assets/customrp/runtime/lighting.cs in SourceAssetDB has modification time of '2024-09-18T03:50:32.1130814Z' while content on disk has modification time of '2024-09-18T03:50:41.0316514Z'
  ERROR: Build asset version error: assets/customrp/runtime/lighting.cs in SourceAssetDB has modification time of '2024-09-18T03:50:32.1130814Z' while content on disk has modification time of '2024-09-18T03:50:41.0316514Z'
Number of updated asset objects reloaded before import = 0
Number of asset objects unloaded after import = 0
========================================================================
Received Import Request.
  Time since last request: 0.004118 seconds.
  path: Assets/CustomRP/Runtime/Lighting.cs
  artifactKey: Guid(98ae4963f0b436048990d0bd05810470) Importer(815301076,1909f56bfc062723c751e8b465ee728b)
Start importing Assets/CustomRP/Runtime/Lighting.cs using Guid(98ae4963f0b436048990d0bd05810470) Importer(815301076,1909f56bfc062723c751e8b465ee728b)  -> (artifact id: '00000000000000000000000000000000') in 0.000312 seconds
Import Error Code:(4)
Message: Build asset version error: assets/customrp/runtime/lighting.cs in SourceAssetDB has modification time of '2024-09-18T03:50:32.1130814Z' while content on disk has modification time of '2024-09-18T03:50:41.0316514Z'
  ERROR: Build asset version error: assets/customrp/runtime/lighting.cs in SourceAssetDB has modification time of '2024-09-18T03:50:32.1130814Z' while content on disk has modification time of '2024-09-18T03:50:41.0316514Z'
Number of updated asset objects reloaded before import = 0
Number of asset objects unloaded after import = 0
========================================================================
Received Import Request.
  Time since last request: 0.004799 seconds.
  path: Assets/CustomRP/Runtime/Lighting.cs
  artifactKey: Guid(98ae4963f0b436048990d0bd05810470) Importer(815301076,1909f56bfc062723c751e8b465ee728b)
Start importing Assets/CustomRP/Runtime/Lighting.cs using Guid(98ae4963f0b436048990d0bd05810470) Importer(815301076,1909f56bfc062723c751e8b465ee728b)  -> (artifact id: '00000000000000000000000000000000') in 0.000319 seconds
Import Error Code:(4)
Message: Build asset version error: assets/customrp/runtime/lighting.cs in SourceAssetDB has modification time of '2024-09-18T03:50:32.1130814Z' while content on disk has modification time of '2024-09-18T03:50:41.0316514Z'
  ERROR: Build asset version error: assets/customrp/runtime/lighting.cs in SourceAssetDB has modification time of '2024-09-18T03:50:32.1130814Z' while content on disk has modification time of '2024-09-18T03:50:41.0316514Z'
Number of updated asset objects reloaded before import = 0
Number of asset objects unloaded after import = 0
========================================================================
Received Import Request.
  Time since last request: 0.004384 seconds.
  path: Assets/CustomRP/Runtime/Lighting.cs
  artifactKey: Guid(98ae4963f0b436048990d0bd05810470) Importer(815301076,1909f56bfc062723c751e8b465ee728b)
Start importing Assets/CustomRP/Runtime/Lighting.cs using Guid(98ae4963f0b436048990d0bd05810470) Importer(815301076,1909f56bfc062723c751e8b465ee728b)  -> (artifact id: '00000000000000000000000000000000') in 0.000422 seconds
Import Error Code:(4)
Message: Build asset version error: assets/customrp/runtime/lighting.cs in SourceAssetDB has modification time of '2024-09-18T03:50:32.1130814Z' while content on disk has modification time of '2024-09-18T03:50:41.0316514Z'
  ERROR: Build asset version error: assets/customrp/runtime/lighting.cs in SourceAssetDB has modification time of '2024-09-18T03:50:32.1130814Z' while content on disk has modification time of '2024-09-18T03:50:41.0316514Z'
Number of updated asset objects reloaded before import = 0
Number of asset objects unloaded after import = 0
========================================================================
Received Import Request.
  Time since last request: 0.004442 seconds.
  path: Assets/CustomRP/Runtime/Lighting.cs
  artifactKey: Guid(98ae4963f0b436048990d0bd05810470) Importer(815301076,1909f56bfc062723c751e8b465ee728b)
Start importing Assets/CustomRP/Runtime/Lighting.cs using Guid(98ae4963f0b436048990d0bd05810470) Importer(815301076,1909f56bfc062723c751e8b465ee728b)  -> (artifact id: '00000000000000000000000000000000') in 0.000293 seconds
Import Error Code:(4)
Message: Build asset version error: assets/customrp/runtime/lighting.cs in SourceAssetDB has modification time of '2024-09-18T03:50:32.1130814Z' while content on disk has modification time of '2024-09-18T03:50:41.0316514Z'
  ERROR: Build asset version error: assets/customrp/runtime/lighting.cs in SourceAssetDB has modification time of '2024-09-18T03:50:32.1130814Z' while content on disk has modification time of '2024-09-18T03:50:41.0316514Z'
Number of updated asset objects reloaded before import = 0
Number of asset objects unloaded after import = 0
========================================================================
Received Import Request.
  Time since last request: 0.004406 seconds.
  path: Assets/CustomRP/Runtime/Lighting.cs
  artifactKey: Guid(98ae4963f0b436048990d0bd05810470) Importer(815301076,1909f56bfc062723c751e8b465ee728b)
Start importing Assets/CustomRP/Runtime/Lighting.cs using Guid(98ae4963f0b436048990d0bd05810470) Importer(815301076,1909f56bfc062723c751e8b465ee728b)  -> (artifact id: '00000000000000000000000000000000') in 0.000316 seconds
Import Error Code:(4)
Message: Build asset version error: assets/customrp/runtime/lighting.cs in SourceAssetDB has modification time of '2024-09-18T03:50:32.1130814Z' while content on disk has modification time of '2024-09-18T03:50:41.0316514Z'
  ERROR: Build asset version error: assets/customrp/runtime/lighting.cs in SourceAssetDB has modification time of '2024-09-18T03:50:32.1130814Z' while content on disk has modification time of '2024-09-18T03:50:41.0316514Z'
Number of updated asset objects reloaded before import = 0
Number of asset objects unloaded after import = 0
========================================================================
Received Import Request.
  Time since last request: 0.005134 seconds.
  path: Assets/CustomRP/Runtime/Lighting.cs
  artifactKey: Guid(98ae4963f0b436048990d0bd05810470) Importer(815301076,1909f56bfc062723c751e8b465ee728b)
Start importing Assets/CustomRP/Runtime/Lighting.cs using Guid(98ae4963f0b436048990d0bd05810470) Importer(815301076,1909f56bfc062723c751e8b465ee728b)  -> (artifact id: '00000000000000000000000000000000') in 0.000310 seconds
Import Error Code:(4)
Message: Build asset version error: assets/customrp/runtime/lighting.cs in SourceAssetDB has modification time of '2024-09-18T03:50:32.1130814Z' while content on disk has modification time of '2024-09-18T03:50:41.0316514Z'
  ERROR: Build asset version error: assets/customrp/runtime/lighting.cs in SourceAssetDB has modification time of '2024-09-18T03:50:32.1130814Z' while content on disk has modification time of '2024-09-18T03:50:41.0316514Z'
Number of updated asset objects reloaded before import = 0
Number of asset objects unloaded after import = 0
========================================================================
Received Import Request.
  Time since last request: 0.004274 seconds.
  path: Assets/CustomRP/Runtime/Lighting.cs
  artifactKey: Guid(98ae4963f0b436048990d0bd05810470) Importer(815301076,1909f56bfc062723c751e8b465ee728b)
Start importing Assets/CustomRP/Runtime/Lighting.cs using Guid(98ae4963f0b436048990d0bd05810470) Importer(815301076,1909f56bfc062723c751e8b465ee728b)  -> (artifact id: '00000000000000000000000000000000') in 0.000295 seconds
Import Error Code:(4)
Message: Build asset version error: assets/customrp/runtime/lighting.cs in SourceAssetDB has modification time of '2024-09-18T03:50:32.1130814Z' while content on disk has modification time of '2024-09-18T03:50:41.0316514Z'
  ERROR: Build asset version error: assets/customrp/runtime/lighting.cs in SourceAssetDB has modification time of '2024-09-18T03:50:32.1130814Z' while content on disk has modification time of '2024-09-18T03:50:41.0316514Z'
Number of updated asset objects reloaded before import = 0
Number of asset objects unloaded after import = 0
========================================================================
Received Import Request.
  Time since last request: 0.004373 seconds.
  path: Assets/CustomRP/Runtime/Lighting.cs
  artifactKey: Guid(98ae4963f0b436048990d0bd05810470) Importer(815301076,1909f56bfc062723c751e8b465ee728b)
Start importing Assets/CustomRP/Runtime/Lighting.cs using Guid(98ae4963f0b436048990d0bd05810470) Importer(815301076,1909f56bfc062723c751e8b465ee728b)  -> (artifact id: '00000000000000000000000000000000') in 0.000317 seconds
Import Error Code:(4)
Message: Build asset version error: assets/customrp/runtime/lighting.cs in SourceAssetDB has modification time of '2024-09-18T03:50:32.1130814Z' while content on disk has modification time of '2024-09-18T03:50:41.0316514Z'
  ERROR: Build asset version error: assets/customrp/runtime/lighting.cs in SourceAssetDB has modification time of '2024-09-18T03:50:32.1130814Z' while content on disk has modification time of '2024-09-18T03:50:41.0316514Z'
Number of updated asset objects reloaded before import = 0
Number of asset objects unloaded after import = 0
========================================================================
Received Import Request.
  Time since last request: 0.004870 seconds.
  path: Assets/CustomRP/Runtime/Lighting.cs
  artifactKey: Guid(98ae4963f0b436048990d0bd05810470) Importer(815301076,1909f56bfc062723c751e8b465ee728b)
Start importing Assets/CustomRP/Runtime/Lighting.cs using Guid(98ae4963f0b436048990d0bd05810470) Importer(815301076,1909f56bfc062723c751e8b465ee728b)  -> (artifact id: '00000000000000000000000000000000') in 0.000327 seconds
Import Error Code:(4)
Message: Build asset version error: assets/customrp/runtime/lighting.cs in SourceAssetDB has modification time of '2024-09-18T03:50:32.1130814Z' while content on disk has modification time of '2024-09-18T03:50:41.0316514Z'
  ERROR: Build asset version error: assets/customrp/runtime/lighting.cs in SourceAssetDB has modification time of '2024-09-18T03:50:32.1130814Z' while content on disk has modification time of '2024-09-18T03:50:41.0316514Z'
Number of updated asset objects reloaded before import = 0
Number of asset objects unloaded after import = 0
========================================================================
Received Import Request.
  Time since last request: 0.004302 seconds.
  path: Assets/CustomRP/Runtime/Lighting.cs
  artifactKey: Guid(98ae4963f0b436048990d0bd05810470) Importer(815301076,1909f56bfc062723c751e8b465ee728b)
Start importing Assets/CustomRP/Runtime/Lighting.cs using Guid(98ae4963f0b436048990d0bd05810470) Importer(815301076,1909f56bfc062723c751e8b465ee728b)  -> (artifact id: '00000000000000000000000000000000') in 0.000310 seconds
Import Error Code:(4)
Message: Build asset version error: assets/customrp/runtime/lighting.cs in SourceAssetDB has modification time of '2024-09-18T03:50:32.1130814Z' while content on disk has modification time of '2024-09-18T03:50:41.0316514Z'
  ERROR: Build asset version error: assets/customrp/runtime/lighting.cs in SourceAssetDB has modification time of '2024-09-18T03:50:32.1130814Z' while content on disk has modification time of '2024-09-18T03:50:41.0316514Z'
Number of updated asset objects reloaded before import = 0
Number of asset objects unloaded after import = 0
========================================================================
Received Import Request.
  Time since last request: 0.004087 seconds.
  path: Assets/CustomRP/Runtime/Lighting.cs
  artifactKey: Guid(98ae4963f0b436048990d0bd05810470) Importer(815301076,1909f56bfc062723c751e8b465ee728b)
Start importing Assets/CustomRP/Runtime/Lighting.cs using Guid(98ae4963f0b436048990d0bd05810470) Importer(815301076,1909f56bfc062723c751e8b465ee728b)  -> (artifact id: '00000000000000000000000000000000') in 0.000266 seconds
Import Error Code:(4)
Message: Build asset version error: assets/customrp/runtime/lighting.cs in SourceAssetDB has modification time of '2024-09-18T03:50:32.1130814Z' while content on disk has modification time of '2024-09-18T03:50:41.0316514Z'
  ERROR: Build asset version error: assets/customrp/runtime/lighting.cs in SourceAssetDB has modification time of '2024-09-18T03:50:32.1130814Z' while content on disk has modification time of '2024-09-18T03:50:41.0316514Z'
Number of updated asset objects reloaded before import = 0
Number of asset objects unloaded after import = 0
========================================================================
Received Import Request.
  Time since last request: 0.004788 seconds.
  path: Assets/CustomRP/Runtime/Lighting.cs
  artifactKey: Guid(98ae4963f0b436048990d0bd05810470) Importer(815301076,1909f56bfc062723c751e8b465ee728b)
Start importing Assets/CustomRP/Runtime/Lighting.cs using Guid(98ae4963f0b436048990d0bd05810470) Importer(815301076,1909f56bfc062723c751e8b465ee728b)  -> (artifact id: '00000000000000000000000000000000') in 0.000327 seconds
Import Error Code:(4)
Message: Build asset version error: assets/customrp/runtime/lighting.cs in SourceAssetDB has modification time of '2024-09-18T03:50:32.1130814Z' while content on disk has modification time of '2024-09-18T03:50:41.0316514Z'
  ERROR: Build asset version error: assets/customrp/runtime/lighting.cs in SourceAssetDB has modification time of '2024-09-18T03:50:32.1130814Z' while content on disk has modification time of '2024-09-18T03:50:41.0316514Z'
Number of updated asset objects reloaded before import = 0
Number of asset objects unloaded after import = 0
========================================================================
Received Import Request.
  Time since last request: 0.004714 seconds.
  path: Assets/CustomRP/Runtime/Lighting.cs
  artifactKey: Guid(98ae4963f0b436048990d0bd05810470) Importer(815301076,1909f56bfc062723c751e8b465ee728b)
Start importing Assets/CustomRP/Runtime/Lighting.cs using Guid(98ae4963f0b436048990d0bd05810470) Importer(815301076,1909f56bfc062723c751e8b465ee728b)  -> (artifact id: '00000000000000000000000000000000') in 0.000332 seconds
Import Error Code:(4)
Message: Build asset version error: assets/customrp/runtime/lighting.cs in SourceAssetDB has modification time of '2024-09-18T03:50:32.1130814Z' while content on disk has modification time of '2024-09-18T03:50:41.0316514Z'
  ERROR: Build asset version error: assets/customrp/runtime/lighting.cs in SourceAssetDB has modification time of '2024-09-18T03:50:32.1130814Z' while content on disk has modification time of '2024-09-18T03:50:41.0316514Z'
Number of updated asset objects reloaded before import = 0
Number of asset objects unloaded after import = 0
========================================================================
Received Import Request.
  Time since last request: 0.004873 seconds.
  path: Assets/CustomRP/Runtime/Lighting.cs
  artifactKey: Guid(98ae4963f0b436048990d0bd05810470) Importer(815301076,1909f56bfc062723c751e8b465ee728b)
Start importing Assets/CustomRP/Runtime/Lighting.cs using Guid(98ae4963f0b436048990d0bd05810470) Importer(815301076,1909f56bfc062723c751e8b465ee728b)  -> (artifact id: '00000000000000000000000000000000') in 0.000348 seconds
Import Error Code:(4)
Message: Build asset version error: assets/customrp/runtime/lighting.cs in SourceAssetDB has modification time of '2024-09-18T03:50:32.1130814Z' while content on disk has modification time of '2024-09-18T03:50:41.0316514Z'
  ERROR: Build asset version error: assets/customrp/runtime/lighting.cs in SourceAssetDB has modification time of '2024-09-18T03:50:32.1130814Z' while content on disk has modification time of '2024-09-18T03:50:41.0316514Z'
Number of updated asset objects reloaded before import = 0
Number of asset objects unloaded after import = 0
========================================================================
Received Import Request.
  Time since last request: 0.004878 seconds.
  path: Assets/CustomRP/Runtime/Lighting.cs
  artifactKey: Guid(98ae4963f0b436048990d0bd05810470) Importer(815301076,1909f56bfc062723c751e8b465ee728b)
Start importing Assets/CustomRP/Runtime/Lighting.cs using Guid(98ae4963f0b436048990d0bd05810470) Importer(815301076,1909f56bfc062723c751e8b465ee728b)  -> (artifact id: '00000000000000000000000000000000') in 0.000346 seconds
Import Error Code:(4)
Message: Build asset version error: assets/customrp/runtime/lighting.cs in SourceAssetDB has modification time of '2024-09-18T03:50:32.1130814Z' while content on disk has modification time of '2024-09-18T03:50:41.0316514Z'
  ERROR: Build asset version error: assets/customrp/runtime/lighting.cs in SourceAssetDB has modification time of '2024-09-18T03:50:32.1130814Z' while content on disk has modification time of '2024-09-18T03:50:41.0316514Z'
Number of updated asset objects reloaded before import = 0
Number of asset objects unloaded after import = 0
========================================================================
Received Import Request.
  Time since last request: 0.004601 seconds.
  path: Assets/CustomRP/Runtime/Lighting.cs
  artifactKey: Guid(98ae4963f0b436048990d0bd05810470) Importer(815301076,1909f56bfc062723c751e8b465ee728b)
Start importing Assets/CustomRP/Runtime/Lighting.cs using Guid(98ae4963f0b436048990d0bd05810470) Importer(815301076,1909f56bfc062723c751e8b465ee728b)  -> (artifact id: '00000000000000000000000000000000') in 0.000338 seconds
Import Error Code:(4)
Message: Build asset version error: assets/customrp/runtime/lighting.cs in SourceAssetDB has modification time of '2024-09-18T03:50:32.1130814Z' while content on disk has modification time of '2024-09-18T03:50:41.0316514Z'
  ERROR: Build asset version error: assets/customrp/runtime/lighting.cs in SourceAssetDB has modification time of '2024-09-18T03:50:32.1130814Z' while content on disk has modification time of '2024-09-18T03:50:41.0316514Z'
Number of updated asset objects reloaded before import = 0
Number of asset objects unloaded after import = 0
========================================================================
Received Import Request.
  Time since last request: 0.004618 seconds.
  path: Assets/CustomRP/Runtime/Lighting.cs
  artifactKey: Guid(98ae4963f0b436048990d0bd05810470) Importer(815301076,1909f56bfc062723c751e8b465ee728b)
Start importing Assets/CustomRP/Runtime/Lighting.cs using Guid(98ae4963f0b436048990d0bd05810470) Importer(815301076,1909f56bfc062723c751e8b465ee728b)  -> (artifact id: '00000000000000000000000000000000') in 0.000330 seconds
Import Error Code:(4)
Message: Build asset version error: assets/customrp/runtime/lighting.cs in SourceAssetDB has modification time of '2024-09-18T03:50:32.1130814Z' while content on disk has modification time of '2024-09-18T03:50:41.0316514Z'
  ERROR: Build asset version error: assets/customrp/runtime/lighting.cs in SourceAssetDB has modification time of '2024-09-18T03:50:32.1130814Z' while content on disk has modification time of '2024-09-18T03:50:41.0316514Z'
Number of updated asset objects reloaded before import = 0
Number of asset objects unloaded after import = 0
========================================================================
Received Import Request.
  Time since last request: 0.005759 seconds.
  path: Assets/CustomRP/Runtime/Lighting.cs
  artifactKey: Guid(98ae4963f0b436048990d0bd05810470) Importer(815301076,1909f56bfc062723c751e8b465ee728b)
Start importing Assets/CustomRP/Runtime/Lighting.cs using Guid(98ae4963f0b436048990d0bd05810470) Importer(815301076,1909f56bfc062723c751e8b465ee728b)  -> (artifact id: '00000000000000000000000000000000') in 0.000396 seconds
Import Error Code:(4)
Message: Build asset version error: assets/customrp/runtime/lighting.cs in SourceAssetDB has modification time of '2024-09-18T03:50:32.1130814Z' while content on disk has modification time of '2024-09-18T03:50:41.0316514Z'
  ERROR: Build asset version error: assets/customrp/runtime/lighting.cs in SourceAssetDB has modification time of '2024-09-18T03:50:32.1130814Z' while content on disk has modification time of '2024-09-18T03:50:41.0316514Z'
Number of updated asset objects reloaded before import = 0
Number of asset objects unloaded after import = 0
========================================================================
Received Import Request.
  Time since last request: 0.079010 seconds.
  path: Assets/CustomRP/Runtime/Lighting.cs
  artifactKey: Guid(98ae4963f0b436048990d0bd05810470) Importer(815301076,1909f56bfc062723c751e8b465ee728b)
Start importing Assets/CustomRP/Runtime/Lighting.cs using Guid(98ae4963f0b436048990d0bd05810470) Importer(815301076,1909f56bfc062723c751e8b465ee728b)  -> (artifact id: '5a37c264d8c62bc450db37313c4c94e9') in 0.000458 seconds
Number of updated asset objects reloaded before import = 0
Number of asset objects unloaded after import = 0
========================================================================
Received Prepare
Begin MonoManager ReloadAssembly
Symbol file LoadedFromMemory doesn't match image D:\UnityHub\Project\CustomRP\Library\PackageCache\com.unity.visualscripting@1.8.0\Editor\VisualScripting.Core\Dependencies\YamlDotNet\Unity.VisualScripting.YamlDotNet.dll
Symbol file LoadedFromMemory doesn't match image D:\UnityHub\Project\CustomRP\Library\PackageCache\com.unity.visualscripting@1.8.0\Editor\VisualScripting.Core\Dependencies\DotNetZip\Unity.VisualScripting.IonicZip.dll
- Loaded All Assemblies, in  0.400 seconds
Refreshing native plugins compatible for Editor in 0.89 ms, found 1 plugins.
Native extension for WindowsStandalone target not found
Mono: successfully reloaded assembly
- Finished resetting the current domain, in  0.435 seconds
Domain Reload Profiling: 835ms
	BeginReloadAssembly (99ms)
		ExecutionOrderSort (0ms)
		DisableScriptedObjects (3ms)
		BackupInstance (0ms)
		ReleaseScriptingObjects (0ms)
		CreateAndSetChildDomain (24ms)
	RebuildCommonClasses (22ms)
	RebuildNativeTypeToScriptingClass (7ms)
	initialDomainReloadingComplete (17ms)
	LoadAllAssembliesAndSetupDomain (254ms)
		LoadAssemblies (147ms)
		RebuildTransferFunctionScriptingTraits (0ms)
		AnalyzeDomain (154ms)
			TypeCache.Refresh (150ms)
				TypeCache.ScanAssembly (144ms)
			ScanForSourceGeneratedMonoScriptInfo (1ms)
			ResolveRequiredComponents (3ms)
	FinalizeReload (435ms)
		ReleaseScriptCaches (0ms)
		RebuildScriptCaches (0ms)
		SetupLoadedEditorAssemblies (202ms)
			LogAssemblyErrors (0ms)
			InitializePlatformSupportModulesInManaged (4ms)
			SetLoadedEditorAssemblies (3ms)
			RefreshPlugins (0ms)
			BeforeProcessingInitializeOnLoad (35ms)
			ProcessInitializeOnLoadAttributes (107ms)
			ProcessInitializeOnLoadMethodAttributes (52ms)
			AfterProcessingInitializeOnLoad (2ms)
			EditorAssembliesLoaded (0ms)
		ExecutionOrderSort2 (0ms)
		AwakeInstancesAfterBackupRestoration (6ms)
Refreshing native plugins compatible for Editor in 0.78 ms, found 1 plugins.
Preloading 0 native plugins for Editor in 0.00 ms.
Unloading 2840 Unused Serialized files (Serialized files now loaded: 0)
Unloading 20 unused Assets / (339.6 KB). Loaded Objects now: 3342.
Memory consumption went from 111.5 MB to 111.1 MB.
Total: 2.363000 ms (FindLiveObjects: 0.155400 ms CreateObjectMapping: 0.075100 ms MarkObjects: 2.021500 ms  DeleteObjects: 0.110200 ms)

Prepare: number of updated asset objects reloaded= 0
AssetImportParameters requested are different than current active one (requested -> active):
  custom:video-decoder-webm-vp8: 9c59270c3fd7afecdb556c50c9e8de78 -> 
  custom:container-demuxer-ogg: 62fdf1f143b41e24485cea50d1cbac27 -> 
  custom:AudioImporter_EditorPlatform: d09bf68614088b80899f8185d706f6e7 -> 
  custom:video-codec-MediaFoundation-h265: 746d11721c4dcdbdad8f713fa42b33f4 -> 
  custom:video-decoder-ogg-theora: a1e56fd34408186e4bbccfd4996cb3dc -> 
  custom:framework-win-MediaFoundation: 216162199b28c13a410421893ffa2e32 -> 
  custom:video-encoder-webm-vp8: eb34c28f22e8b96e1ab97ce403110664 -> 
  custom:audio-decoder-ogg-vorbis: bf7c407c2cedff20999df2af8eb42d56 -> 
  custom:CustomObjectIndexerAttribute: 756ad292c208cfabdd7b50bc23989ffe -> 
  custom:container-demuxer-webm: 4f35f7cbe854078d1ac9338744f61a02 -> 
  custom:audio-encoder-webm-vorbis: bf7c407c2cedff20999df2af8eb42d56 -> 
  custom:container-muxer-webm: aa71ff27fc2769a1b78a27578f13a17b -> 
========================================================================
Received Import Request.
  Time since last request: 4.336624 seconds.
  path: Assets/CustomRP/Runtime/Lighting.cs
  artifactKey: Guid(98ae4963f0b436048990d0bd05810470) Importer(815301076,1909f56bfc062723c751e8b465ee728b)
Start importing Assets/CustomRP/Runtime/Lighting.cs using Guid(98ae4963f0b436048990d0bd05810470) Importer(815301076,1909f56bfc062723c751e8b465ee728b)  -> (artifact id: '71fa16a5a4bd9da9937e59d9227f7534') in 0.002507 seconds
Number of updated asset objects reloaded before import = 0
Number of asset objects unloaded after import = 0
========================================================================
Received Import Request.
  Time since last request: 763.880520 seconds.
  path: Assets/CustomRP/Runtime/Lighting.cs
  artifactKey: Guid(98ae4963f0b436048990d0bd05810470) Importer(815301076,1909f56bfc062723c751e8b465ee728b)
Start importing Assets/CustomRP/Runtime/Lighting.cs using Guid(98ae4963f0b436048990d0bd05810470) Importer(815301076,1909f56bfc062723c751e8b465ee728b)  -> (artifact id: 'ae1afa589156d8b6f6fd95073c8f93a5') in 0.000745 seconds
Number of updated asset objects reloaded before import = 0
Number of asset objects unloaded after import = 0
========================================================================
Received Prepare
Begin MonoManager ReloadAssembly
Symbol file LoadedFromMemory doesn't match image D:\UnityHub\Project\CustomRP\Library\PackageCache\com.unity.visualscripting@1.8.0\Editor\VisualScripting.Core\Dependencies\YamlDotNet\Unity.VisualScripting.YamlDotNet.dll
Symbol file LoadedFromMemory doesn't match image D:\UnityHub\Project\CustomRP\Library\PackageCache\com.unity.visualscripting@1.8.0\Editor\VisualScripting.Core\Dependencies\DotNetZip\Unity.VisualScripting.IonicZip.dll
- Loaded All Assemblies, in  0.420 seconds
Refreshing native plugins compatible for Editor in 1.10 ms, found 1 plugins.
Native extension for WindowsStandalone target not found
Mono: successfully reloaded assembly
- Finished resetting the current domain, in  0.499 seconds
Domain Reload Profiling: 919ms
	BeginReloadAssembly (114ms)
		ExecutionOrderSort (0ms)
		DisableScriptedObjects (3ms)
		BackupInstance (0ms)
		ReleaseScriptingObjects (0ms)
		CreateAndSetChildDomain (27ms)
	RebuildCommonClasses (22ms)
	RebuildNativeTypeToScriptingClass (7ms)
	initialDomainReloadingComplete (18ms)
	LoadAllAssembliesAndSetupDomain (259ms)
		LoadAssemblies (158ms)
		RebuildTransferFunctionScriptingTraits (0ms)
		AnalyzeDomain (155ms)
			TypeCache.Refresh (151ms)
				TypeCache.ScanAssembly (145ms)
			ScanForSourceGeneratedMonoScriptInfo (2ms)
			ResolveRequiredComponents (3ms)
	FinalizeReload (499ms)
		ReleaseScriptCaches (0ms)
		RebuildScriptCaches (0ms)
		SetupLoadedEditorAssemblies (191ms)
			LogAssemblyErrors (0ms)
			InitializePlatformSupportModulesInManaged (4ms)
			SetLoadedEditorAssemblies (3ms)
			RefreshPlugins (0ms)
			BeforeProcessingInitializeOnLoad (40ms)
			ProcessInitializeOnLoadAttributes (97ms)
			ProcessInitializeOnLoadMethodAttributes (44ms)
			AfterProcessingInitializeOnLoad (2ms)
			EditorAssembliesLoaded (0ms)
		ExecutionOrderSort2 (0ms)
		AwakeInstancesAfterBackupRestoration (5ms)
Refreshing native plugins compatible for Editor in 1.25 ms, found 1 plugins.
Preloading 0 native plugins for Editor in 0.00 ms.
Unloading 2840 Unused Serialized files (Serialized files now loaded: 0)
Unloading 20 unused Assets / (339.6 KB). Loaded Objects now: 3345.
Memory consumption went from 111.5 MB to 111.1 MB.
Total: 2.782200 ms (FindLiveObjects: 0.165500 ms CreateObjectMapping: 0.071600 ms MarkObjects: 2.398000 ms  DeleteObjects: 0.146100 ms)

Prepare: number of updated asset objects reloaded= 0
AssetImportParameters requested are different than current active one (requested -> active):
  custom:video-decoder-webm-vp8: 9c59270c3fd7afecdb556c50c9e8de78 -> 
  custom:container-demuxer-ogg: 62fdf1f143b41e24485cea50d1cbac27 -> 
  custom:AudioImporter_EditorPlatform: d09bf68614088b80899f8185d706f6e7 -> 
  custom:video-codec-MediaFoundation-h265: 746d11721c4dcdbdad8f713fa42b33f4 -> 
  custom:video-decoder-ogg-theora: a1e56fd34408186e4bbccfd4996cb3dc -> 
  custom:framework-win-MediaFoundation: 216162199b28c13a410421893ffa2e32 -> 
  custom:video-encoder-webm-vp8: eb34c28f22e8b96e1ab97ce403110664 -> 
  custom:audio-decoder-ogg-vorbis: bf7c407c2cedff20999df2af8eb42d56 -> 
  custom:CustomObjectIndexerAttribute: 756ad292c208cfabdd7b50bc23989ffe -> 
  custom:container-demuxer-webm: 4f35f7cbe854078d1ac9338744f61a02 -> 
  custom:audio-encoder-webm-vorbis: bf7c407c2cedff20999df2af8eb42d56 -> 
  custom:container-muxer-webm: aa71ff27fc2769a1b78a27578f13a17b -> 
========================================================================
Received Import Request.
  Time since last request: 14.555952 seconds.
  path: Assets/CustomRP/Runtime/Lighting.cs
  artifactKey: Guid(98ae4963f0b436048990d0bd05810470) Importer(815301076,1909f56bfc062723c751e8b465ee728b)
Start importing Assets/CustomRP/Runtime/Lighting.cs using Guid(98ae4963f0b436048990d0bd05810470) Importer(815301076,1909f56bfc062723c751e8b465ee728b)  -> (artifact id: '6ccb874608dc79827da62f633816ea72') in 0.001933 seconds
Number of updated asset objects reloaded before import = 0
Number of asset objects unloaded after import = 0
========================================================================
Received Prepare
Begin MonoManager ReloadAssembly
Symbol file LoadedFromMemory doesn't match image D:\UnityHub\Project\CustomRP\Library\PackageCache\com.unity.visualscripting@1.8.0\Editor\VisualScripting.Core\Dependencies\YamlDotNet\Unity.VisualScripting.YamlDotNet.dll
Symbol file LoadedFromMemory doesn't match image D:\UnityHub\Project\CustomRP\Library\PackageCache\com.unity.visualscripting@1.8.0\Editor\VisualScripting.Core\Dependencies\DotNetZip\Unity.VisualScripting.IonicZip.dll
- Loaded All Assemblies, in  0.372 seconds
Refreshing native plugins compatible for Editor in 1.13 ms, found 1 plugins.
Native extension for WindowsStandalone target not found
Mono: successfully reloaded assembly
- Finished resetting the current domain, in  0.473 seconds
Domain Reload Profiling: 845ms
	BeginReloadAssembly (92ms)
		ExecutionOrderSort (0ms)
		DisableScriptedObjects (4ms)
		BackupInstance (0ms)
		ReleaseScriptingObjects (0ms)
		CreateAndSetChildDomain (21ms)
	RebuildCommonClasses (25ms)
	RebuildNativeTypeToScriptingClass (12ms)
	initialDomainReloadingComplete (17ms)
	LoadAllAssembliesAndSetupDomain (226ms)
		LoadAssemblies (130ms)
		RebuildTransferFunctionScriptingTraits (0ms)
		AnalyzeDomain (139ms)
			TypeCache.Refresh (135ms)
				TypeCache.ScanAssembly (130ms)
			ScanForSourceGeneratedMonoScriptInfo (1ms)
			ResolveRequiredComponents (2ms)
	FinalizeReload (473ms)
		ReleaseScriptCaches (0ms)
		RebuildScriptCaches (0ms)
		SetupLoadedEditorAssemblies (213ms)
			LogAssemblyErrors (0ms)
			InitializePlatformSupportModulesInManaged (4ms)
			SetLoadedEditorAssemblies (3ms)
			RefreshPlugins (0ms)
			BeforeProcessingInitializeOnLoad (38ms)
			ProcessInitializeOnLoadAttributes (117ms)
			ProcessInitializeOnLoadMethodAttributes (49ms)
			AfterProcessingInitializeOnLoad (2ms)
			EditorAssembliesLoaded (0ms)
		ExecutionOrderSort2 (0ms)
		AwakeInstancesAfterBackupRestoration (6ms)
Refreshing native plugins compatible for Editor in 0.76 ms, found 1 plugins.
Preloading 0 native plugins for Editor in 0.00 ms.
Unloading 2840 Unused Serialized files (Serialized files now loaded: 0)
Unloading 20 unused Assets / (339.6 KB). Loaded Objects now: 3348.
Memory consumption went from 111.5 MB to 111.1 MB.
Total: 2.199300 ms (FindLiveObjects: 0.199300 ms CreateObjectMapping: 0.134500 ms MarkObjects: 1.762200 ms  DeleteObjects: 0.102100 ms)

Prepare: number of updated asset objects reloaded= 0
AssetImportParameters requested are different than current active one (requested -> active):
  custom:video-decoder-webm-vp8: 9c59270c3fd7afecdb556c50c9e8de78 -> 
  custom:container-demuxer-ogg: 62fdf1f143b41e24485cea50d1cbac27 -> 
  custom:AudioImporter_EditorPlatform: d09bf68614088b80899f8185d706f6e7 -> 
  custom:video-codec-MediaFoundation-h265: 746d11721c4dcdbdad8f713fa42b33f4 -> 
  custom:video-decoder-ogg-theora: a1e56fd34408186e4bbccfd4996cb3dc -> 
  custom:framework-win-MediaFoundation: 216162199b28c13a410421893ffa2e32 -> 
  custom:video-encoder-webm-vp8: eb34c28f22e8b96e1ab97ce403110664 -> 
  custom:audio-decoder-ogg-vorbis: bf7c407c2cedff20999df2af8eb42d56 -> 
  custom:CustomObjectIndexerAttribute: 756ad292c208cfabdd7b50bc23989ffe -> 
  custom:container-demuxer-webm: 4f35f7cbe854078d1ac9338744f61a02 -> 
  custom:audio-encoder-webm-vorbis: bf7c407c2cedff20999df2af8eb42d56 -> 
  custom:container-muxer-webm: aa71ff27fc2769a1b78a27578f13a17b -> 
========================================================================
Received Import Request.
  Time since last request: 26.068885 seconds.
  path: Assets/CustomRP/Runtime/Lighting.cs
  artifactKey: Guid(98ae4963f0b436048990d0bd05810470) Importer(815301076,1909f56bfc062723c751e8b465ee728b)
Start importing Assets/CustomRP/Runtime/Lighting.cs using Guid(98ae4963f0b436048990d0bd05810470) Importer(815301076,1909f56bfc062723c751e8b465ee728b)  -> (artifact id: '00b6ac78b738dc5ce2577709c783b118') in 0.001873 seconds
Number of updated asset objects reloaded before import = 0
Number of asset objects unloaded after import = 0
========================================================================
Received Prepare
Begin MonoManager ReloadAssembly
Symbol file LoadedFromMemory doesn't match image D:\UnityHub\Project\CustomRP\Library\PackageCache\com.unity.visualscripting@1.8.0\Editor\VisualScripting.Core\Dependencies\YamlDotNet\Unity.VisualScripting.YamlDotNet.dll
Symbol file LoadedFromMemory doesn't match image D:\UnityHub\Project\CustomRP\Library\PackageCache\com.unity.visualscripting@1.8.0\Editor\VisualScripting.Core\Dependencies\DotNetZip\Unity.VisualScripting.IonicZip.dll
- Loaded All Assemblies, in  0.382 seconds
Refreshing native plugins compatible for Editor in 0.92 ms, found 1 plugins.
Native extension for WindowsStandalone target not found
Mono: successfully reloaded assembly
- Finished resetting the current domain, in  0.496 seconds
Domain Reload Profiling: 878ms
	BeginReloadAssembly (101ms)
		ExecutionOrderSort (0ms)
		DisableScriptedObjects (5ms)
		BackupInstance (0ms)
		ReleaseScriptingObjects (0ms)
		CreateAndSetChildDomain (23ms)
	RebuildCommonClasses (21ms)
	RebuildNativeTypeToScriptingClass (7ms)
	initialDomainReloadingComplete (17ms)
	LoadAllAssembliesAndSetupDomain (237ms)
		LoadAssemblies (139ms)
		RebuildTransferFunctionScriptingTraits (0ms)
		AnalyzeDomain (144ms)
			TypeCache.Refresh (140ms)
				TypeCache.ScanAssembly (135ms)
			ScanForSourceGeneratedMonoScriptInfo (1ms)
			ResolveRequiredComponents (3ms)
	FinalizeReload (496ms)
		ReleaseScriptCaches (0ms)
		RebuildScriptCaches (0ms)
		SetupLoadedEditorAssemblies (220ms)
			LogAssemblyErrors (0ms)
			InitializePlatformSupportModulesInManaged (4ms)
			SetLoadedEditorAssemblies (3ms)
			RefreshPlugins (0ms)
			BeforeProcessingInitializeOnLoad (42ms)
			ProcessInitializeOnLoadAttributes (116ms)
			ProcessInitializeOnLoadMethodAttributes (53ms)
			AfterProcessingInitializeOnLoad (2ms)
			EditorAssembliesLoaded (0ms)
		ExecutionOrderSort2 (0ms)
		AwakeInstancesAfterBackupRestoration (7ms)
Refreshing native plugins compatible for Editor in 1.11 ms, found 1 plugins.
Preloading 0 native plugins for Editor in 0.00 ms.
Unloading 2840 Unused Serialized files (Serialized files now loaded: 0)
Unloading 20 unused Assets / (339.6 KB). Loaded Objects now: 3351.
Memory consumption went from 111.5 MB to 111.1 MB.
Total: 2.194900 ms (FindLiveObjects: 0.150400 ms CreateObjectMapping: 0.060200 ms MarkObjects: 1.875400 ms  DeleteObjects: 0.108000 ms)

Prepare: number of updated asset objects reloaded= 0
AssetImportParameters requested are different than current active one (requested -> active):
  custom:video-decoder-webm-vp8: 9c59270c3fd7afecdb556c50c9e8de78 -> 
  custom:container-demuxer-ogg: 62fdf1f143b41e24485cea50d1cbac27 -> 
  custom:AudioImporter_EditorPlatform: d09bf68614088b80899f8185d706f6e7 -> 
  custom:video-codec-MediaFoundation-h265: 746d11721c4dcdbdad8f713fa42b33f4 -> 
  custom:video-decoder-ogg-theora: a1e56fd34408186e4bbccfd4996cb3dc -> 
  custom:framework-win-MediaFoundation: 216162199b28c13a410421893ffa2e32 -> 
  custom:video-encoder-webm-vp8: eb34c28f22e8b96e1ab97ce403110664 -> 
  custom:audio-decoder-ogg-vorbis: bf7c407c2cedff20999df2af8eb42d56 -> 
  custom:CustomObjectIndexerAttribute: 756ad292c208cfabdd7b50bc23989ffe -> 
  custom:container-demuxer-webm: 4f35f7cbe854078d1ac9338744f61a02 -> 
  custom:audio-encoder-webm-vorbis: bf7c407c2cedff20999df2af8eb42d56 -> 
  custom:container-muxer-webm: aa71ff27fc2769a1b78a27578f13a17b -> 
========================================================================
Received Prepare
Begin MonoManager ReloadAssembly
Symbol file LoadedFromMemory doesn't match image D:\UnityHub\Project\CustomRP\Library\PackageCache\com.unity.visualscripting@1.8.0\Editor\VisualScripting.Core\Dependencies\YamlDotNet\Unity.VisualScripting.YamlDotNet.dll
Symbol file LoadedFromMemory doesn't match image D:\UnityHub\Project\CustomRP\Library\PackageCache\com.unity.visualscripting@1.8.0\Editor\VisualScripting.Core\Dependencies\DotNetZip\Unity.VisualScripting.IonicZip.dll
- Loaded All Assemblies, in  0.380 seconds
Refreshing native plugins compatible for Editor in 0.95 ms, found 1 plugins.
Native extension for WindowsStandalone target not found
Mono: successfully reloaded assembly
- Finished resetting the current domain, in  0.478 seconds
Domain Reload Profiling: 857ms
	BeginReloadAssembly (91ms)
		ExecutionOrderSort (0ms)
		DisableScriptedObjects (3ms)
		BackupInstance (0ms)
		ReleaseScriptingObjects (0ms)
		CreateAndSetChildDomain (20ms)
	RebuildCommonClasses (27ms)
	RebuildNativeTypeToScriptingClass (8ms)
	initialDomainReloadingComplete (18ms)
	LoadAllAssembliesAndSetupDomain (235ms)
		LoadAssemblies (135ms)
		RebuildTransferFunctionScriptingTraits (0ms)
		AnalyzeDomain (143ms)
			TypeCache.Refresh (138ms)
				TypeCache.ScanAssembly (132ms)
			ScanForSourceGeneratedMonoScriptInfo (2ms)
			ResolveRequiredComponents (3ms)
	FinalizeReload (478ms)
		ReleaseScriptCaches (0ms)
		RebuildScriptCaches (0ms)
		SetupLoadedEditorAssemblies (196ms)
			LogAssemblyErrors (0ms)
			InitializePlatformSupportModulesInManaged (4ms)
			SetLoadedEditorAssemblies (3ms)
			RefreshPlugins (0ms)
			BeforeProcessingInitializeOnLoad (38ms)
			ProcessInitializeOnLoadAttributes (103ms)
			ProcessInitializeOnLoadMethodAttributes (47ms)
			AfterProcessingInitializeOnLoad (2ms)
			EditorAssembliesLoaded (0ms)
		ExecutionOrderSort2 (0ms)
		AwakeInstancesAfterBackupRestoration (6ms)
Refreshing native plugins compatible for Editor in 0.77 ms, found 1 plugins.
Preloading 0 native plugins for Editor in 0.00 ms.
Unloading 2841 Unused Serialized files (Serialized files now loaded: 0)
Unloading 20 unused Assets / (339.6 KB). Loaded Objects now: 3354.
Memory consumption went from 111.7 MB to 111.4 MB.
Total: 2.077100 ms (FindLiveObjects: 0.167400 ms CreateObjectMapping: 0.066800 ms MarkObjects: 1.746700 ms  DeleteObjects: 0.094900 ms)

Prepare: number of updated asset objects reloaded= 0
AssetImportParameters requested are different than current active one (requested -> active):
  custom:video-decoder-webm-vp8: 9c59270c3fd7afecdb556c50c9e8de78 -> 
  custom:container-demuxer-ogg: 62fdf1f143b41e24485cea50d1cbac27 -> 
  custom:AudioImporter_EditorPlatform: d09bf68614088b80899f8185d706f6e7 -> 
  custom:video-codec-MediaFoundation-h265: 746d11721c4dcdbdad8f713fa42b33f4 -> 
  custom:video-decoder-ogg-theora: a1e56fd34408186e4bbccfd4996cb3dc -> 
  custom:framework-win-MediaFoundation: 216162199b28c13a410421893ffa2e32 -> 
  custom:video-encoder-webm-vp8: eb34c28f22e8b96e1ab97ce403110664 -> 
  custom:audio-decoder-ogg-vorbis: bf7c407c2cedff20999df2af8eb42d56 -> 
  custom:CustomObjectIndexerAttribute: 756ad292c208cfabdd7b50bc23989ffe -> 
  custom:container-demuxer-webm: 4f35f7cbe854078d1ac9338744f61a02 -> 
  custom:audio-encoder-webm-vorbis: bf7c407c2cedff20999df2af8eb42d56 -> 
  custom:container-muxer-webm: aa71ff27fc2769a1b78a27578f13a17b -> 
========================================================================
Received Prepare
Begin MonoManager ReloadAssembly
Symbol file LoadedFromMemory doesn't match image D:\UnityHub\Project\CustomRP\Library\PackageCache\com.unity.visualscripting@1.8.0\Editor\VisualScripting.Core\Dependencies\YamlDotNet\Unity.VisualScripting.YamlDotNet.dll
Symbol file LoadedFromMemory doesn't match image D:\UnityHub\Project\CustomRP\Library\PackageCache\com.unity.visualscripting@1.8.0\Editor\VisualScripting.Core\Dependencies\DotNetZip\Unity.VisualScripting.IonicZip.dll
- Loaded All Assemblies, in  0.376 seconds
Refreshing native plugins compatible for Editor in 0.80 ms, found 1 plugins.
Native extension for WindowsStandalone target not found
Mono: successfully reloaded assembly
- Finished resetting the current domain, in  0.457 seconds
Domain Reload Profiling: 834ms
	BeginReloadAssembly (96ms)
		ExecutionOrderSort (0ms)
		DisableScriptedObjects (3ms)
		BackupInstance (0ms)
		ReleaseScriptingObjects (0ms)
		CreateAndSetChildDomain (26ms)
	RebuildCommonClasses (20ms)
	RebuildNativeTypeToScriptingClass (7ms)
	initialDomainReloadingComplete (18ms)
	LoadAllAssembliesAndSetupDomain (235ms)
		LoadAssemblies (136ms)
		RebuildTransferFunctionScriptingTraits (0ms)
		AnalyzeDomain (142ms)
			TypeCache.Refresh (138ms)
				TypeCache.ScanAssembly (133ms)
			ScanForSourceGeneratedMonoScriptInfo (1ms)
			ResolveRequiredComponents (3ms)
	FinalizeReload (458ms)
		ReleaseScriptCaches (0ms)
		RebuildScriptCaches (0ms)
		SetupLoadedEditorAssemblies (208ms)
			LogAssemblyErrors (0ms)
			InitializePlatformSupportModulesInManaged (4ms)
			SetLoadedEditorAssemblies (3ms)
			RefreshPlugins (0ms)
			BeforeProcessingInitializeOnLoad (36ms)
			ProcessInitializeOnLoadAttributes (112ms)
			ProcessInitializeOnLoadMethodAttributes (51ms)
			AfterProcessingInitializeOnLoad (2ms)
			EditorAssembliesLoaded (0ms)
		ExecutionOrderSort2 (0ms)
		AwakeInstancesAfterBackupRestoration (5ms)
Refreshing native plugins compatible for Editor in 1.23 ms, found 1 plugins.
Preloading 0 native plugins for Editor in 0.00 ms.
Unloading 2841 Unused Serialized files (Serialized files now loaded: 0)
Unloading 20 unused Assets / (339.6 KB). Loaded Objects now: 3357.
Memory consumption went from 111.7 MB to 111.4 MB.
Total: 2.306100 ms (FindLiveObjects: 0.156100 ms CreateObjectMapping: 0.064400 ms MarkObjects: 1.973500 ms  DeleteObjects: 0.110900 ms)

Prepare: number of updated asset objects reloaded= 0
AssetImportParameters requested are different than current active one (requested -> active):
  custom:video-decoder-webm-vp8: 9c59270c3fd7afecdb556c50c9e8de78 -> 
  custom:container-demuxer-ogg: 62fdf1f143b41e24485cea50d1cbac27 -> 
  custom:AudioImporter_EditorPlatform: d09bf68614088b80899f8185d706f6e7 -> 
  custom:video-codec-MediaFoundation-h265: 746d11721c4dcdbdad8f713fa42b33f4 -> 
  custom:video-decoder-ogg-theora: a1e56fd34408186e4bbccfd4996cb3dc -> 
  custom:framework-win-MediaFoundation: 216162199b28c13a410421893ffa2e32 -> 
  custom:video-encoder-webm-vp8: eb34c28f22e8b96e1ab97ce403110664 -> 
  custom:audio-decoder-ogg-vorbis: bf7c407c2cedff20999df2af8eb42d56 -> 
  custom:CustomObjectIndexerAttribute: 756ad292c208cfabdd7b50bc23989ffe -> 
  custom:container-demuxer-webm: 4f35f7cbe854078d1ac9338744f61a02 -> 
  custom:audio-encoder-webm-vorbis: bf7c407c2cedff20999df2af8eb42d56 -> 
  custom:container-muxer-webm: aa71ff27fc2769a1b78a27578f13a17b -> 
========================================================================
Received Prepare
Begin MonoManager ReloadAssembly
Symbol file LoadedFromMemory doesn't match image D:\UnityHub\Project\CustomRP\Library\PackageCache\com.unity.visualscripting@1.8.0\Editor\VisualScripting.Core\Dependencies\YamlDotNet\Unity.VisualScripting.YamlDotNet.dll
Symbol file LoadedFromMemory doesn't match image D:\UnityHub\Project\CustomRP\Library\PackageCache\com.unity.visualscripting@1.8.0\Editor\VisualScripting.Core\Dependencies\DotNetZip\Unity.VisualScripting.IonicZip.dll
- Loaded All Assemblies, in  1.303 seconds
Refreshing native plugins compatible for Editor in 1.16 ms, found 1 plugins.
Native extension for WindowsStandalone target not found
Mono: successfully reloaded assembly
- Finished resetting the current domain, in  6.941 seconds
Domain Reload Profiling: 8244ms
	BeginReloadAssembly (260ms)
		ExecutionOrderSort (0ms)
		DisableScriptedObjects (15ms)
		BackupInstance (0ms)
		ReleaseScriptingObjects (0ms)
		CreateAndSetChildDomain (118ms)
	RebuildCommonClasses (23ms)
	RebuildNativeTypeToScriptingClass (7ms)
	initialDomainReloadingComplete (21ms)
	LoadAllAssembliesAndSetupDomain (993ms)
		LoadAssemblies (866ms)
		RebuildTransferFunctionScriptingTraits (0ms)
		AnalyzeDomain (192ms)
			TypeCache.Refresh (187ms)
				TypeCache.ScanAssembly (169ms)
			ScanForSourceGeneratedMonoScriptInfo (3ms)
			ResolveRequiredComponents (3ms)
	FinalizeReload (6941ms)
		ReleaseScriptCaches (0ms)
		RebuildScriptCaches (0ms)
		SetupLoadedEditorAssemblies (230ms)
			LogAssemblyErrors (0ms)
			InitializePlatformSupportModulesInManaged (4ms)
			SetLoadedEditorAssemblies (5ms)
			RefreshPlugins (0ms)
			BeforeProcessingInitializeOnLoad (39ms)
			ProcessInitializeOnLoadAttributes (123ms)
			ProcessInitializeOnLoadMethodAttributes (58ms)
			AfterProcessingInitializeOnLoad (2ms)
			EditorAssembliesLoaded (0ms)
		ExecutionOrderSort2 (0ms)
		AwakeInstancesAfterBackupRestoration (6ms)
Script is not up to date after domain reload: guid(7efd15d5bf0dcdc41bd735e5b16e16c4) path("Assets/CustomRP/Runtime/CameraRenderer.cs") state(2)
Refreshing native plugins compatible for Editor in 0.83 ms, found 1 plugins.
Preloading 0 native plugins for Editor in 0.00 ms.
Unloading 2840 Unused Serialized files (Serialized files now loaded: 0)
Unloading 20 unused Assets / (339.6 KB). Loaded Objects now: 3359.
Memory consumption went from 111.7 MB to 111.4 MB.
Total: 2.671300 ms (FindLiveObjects: 0.160800 ms CreateObjectMapping: 0.069600 ms MarkObjects: 2.315200 ms  DeleteObjects: 0.124700 ms)

Prepare: number of updated asset objects reloaded= 0
AssetImportParameters requested are different than current active one (requested -> active):
  custom:video-decoder-webm-vp8: 9c59270c3fd7afecdb556c50c9e8de78 -> 
  custom:container-demuxer-ogg: 62fdf1f143b41e24485cea50d1cbac27 -> 
  custom:AudioImporter_EditorPlatform: d09bf68614088b80899f8185d706f6e7 -> 
  custom:video-codec-MediaFoundation-h265: 746d11721c4dcdbdad8f713fa42b33f4 -> 
  custom:video-decoder-ogg-theora: a1e56fd34408186e4bbccfd4996cb3dc -> 
  custom:framework-win-MediaFoundation: 216162199b28c13a410421893ffa2e32 -> 
  custom:video-encoder-webm-vp8: eb34c28f22e8b96e1ab97ce403110664 -> 
  custom:audio-decoder-ogg-vorbis: bf7c407c2cedff20999df2af8eb42d56 -> 
  custom:CustomObjectIndexerAttribute: 756ad292c208cfabdd7b50bc23989ffe -> 
  custom:container-demuxer-webm: 4f35f7cbe854078d1ac9338744f61a02 -> 
  custom:audio-encoder-webm-vorbis: bf7c407c2cedff20999df2af8eb42d56 -> 
  custom:container-muxer-webm: aa71ff27fc2769a1b78a27578f13a17b -> 
========================================================================
Received Prepare
Begin MonoManager ReloadAssembly
Symbol file LoadedFromMemory doesn't match image D:\UnityHub\Project\CustomRP\Library\PackageCache\com.unity.visualscripting@1.8.0\Editor\VisualScripting.Core\Dependencies\YamlDotNet\Unity.VisualScripting.YamlDotNet.dll
Symbol file LoadedFromMemory doesn't match image D:\UnityHub\Project\CustomRP\Library\PackageCache\com.unity.visualscripting@1.8.0\Editor\VisualScripting.Core\Dependencies\DotNetZip\Unity.VisualScripting.IonicZip.dll
- Loaded All Assemblies, in  0.744 seconds
Refreshing native plugins compatible for Editor in 1.10 ms, found 1 plugins.
Native extension for WindowsStandalone target not found
Mono: successfully reloaded assembly
- Finished resetting the current domain, in  0.400 seconds
Domain Reload Profiling: 1144ms
	BeginReloadAssembly (99ms)
		ExecutionOrderSort (0ms)
		DisableScriptedObjects (3ms)
		BackupInstance (0ms)
		ReleaseScriptingObjects (0ms)
		CreateAndSetChildDomain (21ms)
	RebuildCommonClasses (24ms)
	RebuildNativeTypeToScriptingClass (8ms)
	initialDomainReloadingComplete (17ms)
	LoadAllAssembliesAndSetupDomain (596ms)
		LoadAssemblies (476ms)
		RebuildTransferFunctionScriptingTraits (0ms)
		AnalyzeDomain (170ms)
			TypeCache.Refresh (166ms)
				TypeCache.ScanAssembly (160ms)
			ScanForSourceGeneratedMonoScriptInfo (2ms)
			ResolveRequiredComponents (3ms)
	FinalizeReload (400ms)
		ReleaseScriptCaches (0ms)
		RebuildScriptCaches (0ms)
		SetupLoadedEditorAssemblies (188ms)
			LogAssemblyErrors (0ms)
			InitializePlatformSupportModulesInManaged (3ms)
			SetLoadedEditorAssemblies (2ms)
			RefreshPlugins (0ms)
			BeforeProcessingInitializeOnLoad (31ms)
			ProcessInitializeOnLoadAttributes (97ms)
			ProcessInitializeOnLoadMethodAttributes (52ms)
			AfterProcessingInitializeOnLoad (2ms)
			EditorAssembliesLoaded (0ms)
		ExecutionOrderSort2 (0ms)
		AwakeInstancesAfterBackupRestoration (7ms)
Refreshing native plugins compatible for Editor in 0.91 ms, found 1 plugins.
Preloading 0 native plugins for Editor in 0.00 ms.
Unloading 2841 Unused Serialized files (Serialized files now loaded: 0)
Unloading 20 unused Assets / (339.6 KB). Loaded Objects now: 3363.
Memory consumption went from 111.7 MB to 111.4 MB.
Total: 2.794400 ms (FindLiveObjects: 0.171200 ms CreateObjectMapping: 0.074100 ms MarkObjects: 2.404700 ms  DeleteObjects: 0.141200 ms)

Prepare: number of updated asset objects reloaded= 0
AssetImportParameters requested are different than current active one (requested -> active):
  custom:video-decoder-webm-vp8: 9c59270c3fd7afecdb556c50c9e8de78 -> 
  custom:container-demuxer-ogg: 62fdf1f143b41e24485cea50d1cbac27 -> 
  custom:AudioImporter_EditorPlatform: d09bf68614088b80899f8185d706f6e7 -> 
  custom:video-codec-MediaFoundation-h265: 746d11721c4dcdbdad8f713fa42b33f4 -> 
  custom:video-decoder-ogg-theora: a1e56fd34408186e4bbccfd4996cb3dc -> 
  custom:framework-win-MediaFoundation: 216162199b28c13a410421893ffa2e32 -> 
  custom:video-encoder-webm-vp8: eb34c28f22e8b96e1ab97ce403110664 -> 
  custom:audio-decoder-ogg-vorbis: bf7c407c2cedff20999df2af8eb42d56 -> 
  custom:CustomObjectIndexerAttribute: 756ad292c208cfabdd7b50bc23989ffe -> 
  custom:container-demuxer-webm: 4f35f7cbe854078d1ac9338744f61a02 -> 
  custom:audio-encoder-webm-vorbis: bf7c407c2cedff20999df2af8eb42d56 -> 
  custom:container-muxer-webm: aa71ff27fc2769a1b78a27578f13a17b -> 
========================================================================
Received Prepare
Begin MonoManager ReloadAssembly
Symbol file LoadedFromMemory doesn't match image D:\UnityHub\Project\CustomRP\Library\PackageCache\com.unity.visualscripting@1.8.0\Editor\VisualScripting.Core\Dependencies\YamlDotNet\Unity.VisualScripting.YamlDotNet.dll
Symbol file LoadedFromMemory doesn't match image D:\UnityHub\Project\CustomRP\Library\PackageCache\com.unity.visualscripting@1.8.0\Editor\VisualScripting.Core\Dependencies\DotNetZip\Unity.VisualScripting.IonicZip.dll
- Loaded All Assemblies, in  0.428 seconds
Refreshing native plugins compatible for Editor in 0.91 ms, found 1 plugins.
Native extension for WindowsStandalone target not found
Mono: successfully reloaded assembly
- Finished resetting the current domain, in  0.508 seconds
Domain Reload Profiling: 937ms
	BeginReloadAssembly (116ms)
		ExecutionOrderSort (0ms)
		DisableScriptedObjects (3ms)
		BackupInstance (0ms)
		ReleaseScriptingObjects (0ms)
		CreateAndSetChildDomain (28ms)
	RebuildCommonClasses (25ms)
	RebuildNativeTypeToScriptingClass (11ms)
	initialDomainReloadingComplete (19ms)
	LoadAllAssembliesAndSetupDomain (256ms)
		LoadAssemblies (153ms)
		RebuildTransferFunctionScriptingTraits (0ms)
		AnalyzeDomain (155ms)
			TypeCache.Refresh (150ms)
				TypeCache.ScanAssembly (145ms)
			ScanForSourceGeneratedMonoScriptInfo (1ms)
			ResolveRequiredComponents (3ms)
	FinalizeReload (509ms)
		ReleaseScriptCaches (0ms)
		RebuildScriptCaches (0ms)
		SetupLoadedEditorAssemblies (246ms)
			LogAssemblyErrors (0ms)
			InitializePlatformSupportModulesInManaged (6ms)
			SetLoadedEditorAssemblies (4ms)
			RefreshPlugins (0ms)
			BeforeProcessingInitializeOnLoad (42ms)
			ProcessInitializeOnLoadAttributes (131ms)
			ProcessInitializeOnLoadMethodAttributes (61ms)
			AfterProcessingInitializeOnLoad (2ms)
			EditorAssembliesLoaded (0ms)
		ExecutionOrderSort2 (0ms)
		AwakeInstancesAfterBackupRestoration (6ms)
Refreshing native plugins compatible for Editor in 0.79 ms, found 1 plugins.
Preloading 0 native plugins for Editor in 0.00 ms.
Unloading 2841 Unused Serialized files (Serialized files now loaded: 0)
Unloading 20 unused Assets / (339.6 KB). Loaded Objects now: 3366.
Memory consumption went from 111.7 MB to 111.4 MB.
Total: 2.677200 ms (FindLiveObjects: 0.196800 ms CreateObjectMapping: 0.116900 ms MarkObjects: 2.214700 ms  DeleteObjects: 0.147600 ms)

Prepare: number of updated asset objects reloaded= 0
AssetImportParameters requested are different than current active one (requested -> active):
  custom:video-decoder-webm-vp8: 9c59270c3fd7afecdb556c50c9e8de78 -> 
  custom:container-demuxer-ogg: 62fdf1f143b41e24485cea50d1cbac27 -> 
  custom:AudioImporter_EditorPlatform: d09bf68614088b80899f8185d706f6e7 -> 
  custom:video-codec-MediaFoundation-h265: 746d11721c4dcdbdad8f713fa42b33f4 -> 
  custom:video-decoder-ogg-theora: a1e56fd34408186e4bbccfd4996cb3dc -> 
  custom:framework-win-MediaFoundation: 216162199b28c13a410421893ffa2e32 -> 
  custom:video-encoder-webm-vp8: eb34c28f22e8b96e1ab97ce403110664 -> 
  custom:audio-decoder-ogg-vorbis: bf7c407c2cedff20999df2af8eb42d56 -> 
  custom:CustomObjectIndexerAttribute: 756ad292c208cfabdd7b50bc23989ffe -> 
  custom:container-demuxer-webm: 4f35f7cbe854078d1ac9338744f61a02 -> 
  custom:audio-encoder-webm-vorbis: bf7c407c2cedff20999df2af8eb42d56 -> 
  custom:container-muxer-webm: aa71ff27fc2769a1b78a27578f13a17b -> 
========================================================================
Received Prepare
Begin MonoManager ReloadAssembly
Symbol file LoadedFromMemory doesn't match image D:\UnityHub\Project\CustomRP\Library\PackageCache\com.unity.visualscripting@1.8.0\Editor\VisualScripting.Core\Dependencies\YamlDotNet\Unity.VisualScripting.YamlDotNet.dll
Symbol file LoadedFromMemory doesn't match image D:\UnityHub\Project\CustomRP\Library\PackageCache\com.unity.visualscripting@1.8.0\Editor\VisualScripting.Core\Dependencies\DotNetZip\Unity.VisualScripting.IonicZip.dll
- Loaded All Assemblies, in  0.389 seconds
Refreshing native plugins compatible for Editor in 1.06 ms, found 1 plugins.
Native extension for WindowsStandalone target not found
Mono: successfully reloaded assembly
- Finished resetting the current domain, in  0.452 seconds
Domain Reload Profiling: 841ms
	BeginReloadAssembly (92ms)
		ExecutionOrderSort (0ms)
		DisableScriptedObjects (3ms)
		BackupInstance (0ms)
		ReleaseScriptingObjects (0ms)
		CreateAndSetChildDomain (22ms)
	RebuildCommonClasses (21ms)
	RebuildNativeTypeToScriptingClass (7ms)
	initialDomainReloadingComplete (16ms)
	LoadAllAssembliesAndSetupDomain (252ms)
		LoadAssemblies (138ms)
		RebuildTransferFunctionScriptingTraits (0ms)
		AnalyzeDomain (157ms)
			TypeCache.Refresh (153ms)
				TypeCache.ScanAssembly (147ms)
			ScanForSourceGeneratedMonoScriptInfo (1ms)
			ResolveRequiredComponents (3ms)
	FinalizeReload (452ms)
		ReleaseScriptCaches (0ms)
		RebuildScriptCaches (0ms)
		SetupLoadedEditorAssemblies (204ms)
			LogAssemblyErrors (0ms)
			InitializePlatformSupportModulesInManaged (4ms)
			SetLoadedEditorAssemblies (3ms)
			RefreshPlugins (0ms)
			BeforeProcessingInitializeOnLoad (37ms)
			ProcessInitializeOnLoadAttributes (113ms)
			ProcessInitializeOnLoadMethodAttributes (46ms)
			AfterProcessingInitializeOnLoad (2ms)
			EditorAssembliesLoaded (0ms)
		ExecutionOrderSort2 (0ms)
		AwakeInstancesAfterBackupRestoration (7ms)
Refreshing native plugins compatible for Editor in 0.77 ms, found 1 plugins.
Preloading 0 native plugins for Editor in 0.00 ms.
Unloading 2841 Unused Serialized files (Serialized files now loaded: 0)
Unloading 20 unused Assets / (339.6 KB). Loaded Objects now: 3369.
Memory consumption went from 111.7 MB to 111.4 MB.
Total: 2.080200 ms (FindLiveObjects: 0.149900 ms CreateObjectMapping: 0.056200 ms MarkObjects: 1.772500 ms  DeleteObjects: 0.100100 ms)

Prepare: number of updated asset objects reloaded= 0
AssetImportParameters requested are different than current active one (requested -> active):
  custom:video-decoder-webm-vp8: 9c59270c3fd7afecdb556c50c9e8de78 -> 
  custom:container-demuxer-ogg: 62fdf1f143b41e24485cea50d1cbac27 -> 
  custom:AudioImporter_EditorPlatform: d09bf68614088b80899f8185d706f6e7 -> 
  custom:video-codec-MediaFoundation-h265: 746d11721c4dcdbdad8f713fa42b33f4 -> 
  custom:video-decoder-ogg-theora: a1e56fd34408186e4bbccfd4996cb3dc -> 
  custom:framework-win-MediaFoundation: 216162199b28c13a410421893ffa2e32 -> 
  custom:video-encoder-webm-vp8: eb34c28f22e8b96e1ab97ce403110664 -> 
  custom:audio-decoder-ogg-vorbis: bf7c407c2cedff20999df2af8eb42d56 -> 
  custom:CustomObjectIndexerAttribute: 756ad292c208cfabdd7b50bc23989ffe -> 
  custom:container-demuxer-webm: 4f35f7cbe854078d1ac9338744f61a02 -> 
  custom:audio-encoder-webm-vorbis: bf7c407c2cedff20999df2af8eb42d56 -> 
  custom:container-muxer-webm: aa71ff27fc2769a1b78a27578f13a17b -> 
========================================================================
Received Prepare
Begin MonoManager ReloadAssembly
Symbol file LoadedFromMemory doesn't match image D:\UnityHub\Project\CustomRP\Library\PackageCache\com.unity.visualscripting@1.8.0\Editor\VisualScripting.Core\Dependencies\YamlDotNet\Unity.VisualScripting.YamlDotNet.dll
Symbol file LoadedFromMemory doesn't match image D:\UnityHub\Project\CustomRP\Library\PackageCache\com.unity.visualscripting@1.8.0\Editor\VisualScripting.Core\Dependencies\DotNetZip\Unity.VisualScripting.IonicZip.dll
- Loaded All Assemblies, in  0.421 seconds
Refreshing native plugins compatible for Editor in 1.27 ms, found 1 plugins.
Native extension for WindowsStandalone target not found
Mono: successfully reloaded assembly
- Finished resetting the current domain, in  0.495 seconds
Domain Reload Profiling: 916ms
	BeginReloadAssembly (104ms)
		ExecutionOrderSort (0ms)
		DisableScriptedObjects (3ms)
		BackupInstance (0ms)
		ReleaseScriptingObjects (0ms)
		CreateAndSetChildDomain (25ms)
	RebuildCommonClasses (21ms)
	RebuildNativeTypeToScriptingClass (8ms)
	initialDomainReloadingComplete (17ms)
	LoadAllAssembliesAndSetupDomain (272ms)
		LoadAssemblies (156ms)
		RebuildTransferFunctionScriptingTraits (0ms)
		AnalyzeDomain (166ms)
			TypeCache.Refresh (160ms)
				TypeCache.ScanAssembly (153ms)
			ScanForSourceGeneratedMonoScriptInfo (2ms)
			ResolveRequiredComponents (4ms)
	FinalizeReload (496ms)
		ReleaseScriptCaches (0ms)
		RebuildScriptCaches (0ms)
		SetupLoadedEditorAssemblies (213ms)
			LogAssemblyErrors (0ms)
			InitializePlatformSupportModulesInManaged (4ms)
			SetLoadedEditorAssemblies (3ms)
			RefreshPlugins (0ms)
			BeforeProcessingInitializeOnLoad (41ms)
			ProcessInitializeOnLoadAttributes (111ms)
			ProcessInitializeOnLoadMethodAttributes (52ms)
			AfterProcessingInitializeOnLoad (2ms)
			EditorAssembliesLoaded (0ms)
		ExecutionOrderSort2 (0ms)
		AwakeInstancesAfterBackupRestoration (6ms)
Refreshing native plugins compatible for Editor in 1.30 ms, found 1 plugins.
Preloading 0 native plugins for Editor in 0.00 ms.
Unloading 2841 Unused Serialized files (Serialized files now loaded: 0)
Unloading 20 unused Assets / (339.6 KB). Loaded Objects now: 3372.
Memory consumption went from 111.7 MB to 111.4 MB.
Total: 3.004800 ms (FindLiveObjects: 0.170200 ms CreateObjectMapping: 0.069300 ms MarkObjects: 2.636000 ms  DeleteObjects: 0.128400 ms)

Prepare: number of updated asset objects reloaded= 0
AssetImportParameters requested are different than current active one (requested -> active):
  custom:video-decoder-webm-vp8: 9c59270c3fd7afecdb556c50c9e8de78 -> 
  custom:container-demuxer-ogg: 62fdf1f143b41e24485cea50d1cbac27 -> 
  custom:AudioImporter_EditorPlatform: d09bf68614088b80899f8185d706f6e7 -> 
  custom:video-codec-MediaFoundation-h265: 746d11721c4dcdbdad8f713fa42b33f4 -> 
  custom:video-decoder-ogg-theora: a1e56fd34408186e4bbccfd4996cb3dc -> 
  custom:framework-win-MediaFoundation: 216162199b28c13a410421893ffa2e32 -> 
  custom:video-encoder-webm-vp8: eb34c28f22e8b96e1ab97ce403110664 -> 
  custom:audio-decoder-ogg-vorbis: bf7c407c2cedff20999df2af8eb42d56 -> 
  custom:CustomObjectIndexerAttribute: 756ad292c208cfabdd7b50bc23989ffe -> 
  custom:container-demuxer-webm: 4f35f7cbe854078d1ac9338744f61a02 -> 
  custom:audio-encoder-webm-vorbis: bf7c407c2cedff20999df2af8eb42d56 -> 
  custom:container-muxer-webm: aa71ff27fc2769a1b78a27578f13a17b -> 
========================================================================
Received Import Request.
  Time since last request: 4794.418483 seconds.
  path: Assets/CustomRP/Runtime/CustomRenderPipelineAsset.cs
  artifactKey: Guid(5b3af54ea55482642b77d94f69ecc4e5) Importer(815301076,1909f56bfc062723c751e8b465ee728b)
Start importing Assets/CustomRP/Runtime/CustomRenderPipelineAsset.cs using Guid(5b3af54ea55482642b77d94f69ecc4e5) Importer(815301076,1909f56bfc062723c751e8b465ee728b)  -> (artifact id: '1df223f829165414c97e364959086b23') in 0.022668 seconds
Number of updated asset objects reloaded before import = 0
Number of asset objects unloaded after import = 0
========================================================================
Received Import Request.
  Time since last request: 9.942809 seconds.
  path: Assets/CustomRP/Runtime/CustomRenderPipeline.cs
  artifactKey: Guid(f974e4b6885e7fb448c44b9e80b499b8) Importer(815301076,1909f56bfc062723c751e8b465ee728b)
Start importing Assets/CustomRP/Runtime/CustomRenderPipeline.cs using Guid(f974e4b6885e7fb448c44b9e80b499b8) Importer(815301076,1909f56bfc062723c751e8b465ee728b)  -> (artifact id: '91e572ebdf0c54da4c9aefa2b9aecb8f') in 0.000413 seconds
Number of updated asset objects reloaded before import = 0
Number of asset objects unloaded after import = 0
========================================================================
Received Import Request.
  Time since last request: 23.992722 seconds.
  path: Assets/CustomRP/Runtime/CustomRenderPipeline.cs
  artifactKey: Guid(f974e4b6885e7fb448c44b9e80b499b8) Importer(815301076,1909f56bfc062723c751e8b465ee728b)
Start importing Assets/CustomRP/Runtime/CustomRenderPipeline.cs using Guid(f974e4b6885e7fb448c44b9e80b499b8) Importer(815301076,1909f56bfc062723c751e8b465ee728b)  -> (artifact id: '873f49b7a660af41257901db92278ca2') in 0.000506 seconds
Number of updated asset objects reloaded before import = 0
Number of asset objects unloaded after import = 0
========================================================================
Received Prepare
Begin MonoManager ReloadAssembly
Symbol file LoadedFromMemory doesn't match image D:\UnityHub\Project\CustomRP\Library\PackageCache\com.unity.visualscripting@1.8.0\Editor\VisualScripting.Core\Dependencies\YamlDotNet\Unity.VisualScripting.YamlDotNet.dll
Symbol file LoadedFromMemory doesn't match image D:\UnityHub\Project\CustomRP\Library\PackageCache\com.unity.visualscripting@1.8.0\Editor\VisualScripting.Core\Dependencies\DotNetZip\Unity.VisualScripting.IonicZip.dll
- Loaded All Assemblies, in  0.418 seconds
Refreshing native plugins compatible for Editor in 0.90 ms, found 1 plugins.
Native extension for WindowsStandalone target not found
Mono: successfully reloaded assembly
- Finished resetting the current domain, in  0.481 seconds
Domain Reload Profiling: 900ms
	BeginReloadAssembly (100ms)
		ExecutionOrderSort (0ms)
		DisableScriptedObjects (3ms)
		BackupInstance (0ms)
		ReleaseScriptingObjects (0ms)
		CreateAndSetChildDomain (24ms)
	RebuildCommonClasses (21ms)
	RebuildNativeTypeToScriptingClass (7ms)
	initialDomainReloadingComplete (17ms)
	LoadAllAssembliesAndSetupDomain (273ms)
		LoadAssemblies (143ms)
		RebuildTransferFunctionScriptingTraits (0ms)
		AnalyzeDomain (177ms)
			TypeCache.Refresh (172ms)
				TypeCache.ScanAssembly (167ms)
			ScanForSourceGeneratedMonoScriptInfo (1ms)
			ResolveRequiredComponents (3ms)
	FinalizeReload (481ms)
		ReleaseScriptCaches (0ms)
		RebuildScriptCaches (0ms)
		SetupLoadedEditorAssemblies (211ms)
			LogAssemblyErrors (0ms)
			InitializePlatformSupportModulesInManaged (4ms)
			SetLoadedEditorAssemblies (3ms)
			RefreshPlugins (0ms)
			BeforeProcessingInitializeOnLoad (39ms)
			ProcessInitializeOnLoadAttributes (111ms)
			ProcessInitializeOnLoadMethodAttributes (52ms)
			AfterProcessingInitializeOnLoad (2ms)
			EditorAssembliesLoaded (0ms)
		ExecutionOrderSort2 (0ms)
		AwakeInstancesAfterBackupRestoration (5ms)
Refreshing native plugins compatible for Editor in 0.96 ms, found 1 plugins.
Preloading 0 native plugins for Editor in 0.00 ms.
Unloading 2840 Unused Serialized files (Serialized files now loaded: 0)
Unloading 20 unused Assets / (339.6 KB). Loaded Objects now: 3375.
Memory consumption went from 111.5 MB to 111.2 MB.
Total: 2.216600 ms (FindLiveObjects: 0.173200 ms CreateObjectMapping: 0.074300 ms MarkObjects: 1.833200 ms  DeleteObjects: 0.134600 ms)

Prepare: number of updated asset objects reloaded= 0
AssetImportParameters requested are different than current active one (requested -> active):
  custom:video-decoder-webm-vp8: 9c59270c3fd7afecdb556c50c9e8de78 -> 
  custom:container-demuxer-ogg: 62fdf1f143b41e24485cea50d1cbac27 -> 
  custom:AudioImporter_EditorPlatform: d09bf68614088b80899f8185d706f6e7 -> 
  custom:video-codec-MediaFoundation-h265: 746d11721c4dcdbdad8f713fa42b33f4 -> 
  custom:video-decoder-ogg-theora: a1e56fd34408186e4bbccfd4996cb3dc -> 
  custom:framework-win-MediaFoundation: 216162199b28c13a410421893ffa2e32 -> 
  custom:video-encoder-webm-vp8: eb34c28f22e8b96e1ab97ce403110664 -> 
  custom:audio-decoder-ogg-vorbis: bf7c407c2cedff20999df2af8eb42d56 -> 
  custom:CustomObjectIndexerAttribute: 756ad292c208cfabdd7b50bc23989ffe -> 
  custom:container-demuxer-webm: 4f35f7cbe854078d1ac9338744f61a02 -> 
  custom:audio-encoder-webm-vorbis: bf7c407c2cedff20999df2af8eb42d56 -> 
  custom:container-muxer-webm: aa71ff27fc2769a1b78a27578f13a17b -> 
========================================================================
Received Prepare
Begin MonoManager ReloadAssembly
Symbol file LoadedFromMemory doesn't match image D:\UnityHub\Project\CustomRP\Library\PackageCache\com.unity.visualscripting@1.8.0\Editor\VisualScripting.Core\Dependencies\YamlDotNet\Unity.VisualScripting.YamlDotNet.dll
Symbol file LoadedFromMemory doesn't match image D:\UnityHub\Project\CustomRP\Library\PackageCache\com.unity.visualscripting@1.8.0\Editor\VisualScripting.Core\Dependencies\DotNetZip\Unity.VisualScripting.IonicZip.dll
- Loaded All Assemblies, in  0.400 seconds
Refreshing native plugins compatible for Editor in 0.81 ms, found 1 plugins.
Native extension for WindowsStandalone target not found
Mono: successfully reloaded assembly
- Finished resetting the current domain, in  0.503 seconds
Domain Reload Profiling: 904ms
	BeginReloadAssembly (94ms)
		ExecutionOrderSort (0ms)
		DisableScriptedObjects (3ms)
		BackupInstance (0ms)
		ReleaseScriptingObjects (0ms)
		CreateAndSetChildDomain (21ms)
	RebuildCommonClasses (21ms)
	RebuildNativeTypeToScriptingClass (11ms)
	initialDomainReloadingComplete (19ms)
	LoadAllAssembliesAndSetupDomain (254ms)
		LoadAssemblies (143ms)
		RebuildTransferFunctionScriptingTraits (0ms)
		AnalyzeDomain (157ms)
			TypeCache.Refresh (153ms)
				TypeCache.ScanAssembly (147ms)
			ScanForSourceGeneratedMonoScriptInfo (1ms)
			ResolveRequiredComponents (3ms)
	FinalizeReload (504ms)
		ReleaseScriptCaches (0ms)
		RebuildScriptCaches (0ms)
		SetupLoadedEditorAssemblies (227ms)
			LogAssemblyErrors (0ms)
			InitializePlatformSupportModulesInManaged (3ms)
			SetLoadedEditorAssemblies (3ms)
			RefreshPlugins (0ms)
			BeforeProcessingInitializeOnLoad (42ms)
			ProcessInitializeOnLoadAttributes (123ms)
			ProcessInitializeOnLoadMethodAttributes (53ms)
			AfterProcessingInitializeOnLoad (2ms)
			EditorAssembliesLoaded (0ms)
		ExecutionOrderSort2 (0ms)
		AwakeInstancesAfterBackupRestoration (8ms)
Refreshing native plugins compatible for Editor in 1.38 ms, found 1 plugins.
Preloading 0 native plugins for Editor in 0.00 ms.
Unloading 2841 Unused Serialized files (Serialized files now loaded: 0)
Unloading 20 unused Assets / (339.6 KB). Loaded Objects now: 3378.
Memory consumption went from 111.7 MB to 111.4 MB.
Total: 2.097100 ms (FindLiveObjects: 0.166500 ms CreateObjectMapping: 0.063200 ms MarkObjects: 1.750600 ms  DeleteObjects: 0.115100 ms)

Prepare: number of updated asset objects reloaded= 0
AssetImportParameters requested are different than current active one (requested -> active):
  custom:video-decoder-webm-vp8: 9c59270c3fd7afecdb556c50c9e8de78 -> 
  custom:container-demuxer-ogg: 62fdf1f143b41e24485cea50d1cbac27 -> 
  custom:AudioImporter_EditorPlatform: d09bf68614088b80899f8185d706f6e7 -> 
  custom:video-codec-MediaFoundation-h265: 746d11721c4dcdbdad8f713fa42b33f4 -> 
  custom:video-decoder-ogg-theora: a1e56fd34408186e4bbccfd4996cb3dc -> 
  custom:framework-win-MediaFoundation: 216162199b28c13a410421893ffa2e32 -> 
  custom:video-encoder-webm-vp8: eb34c28f22e8b96e1ab97ce403110664 -> 
  custom:audio-decoder-ogg-vorbis: bf7c407c2cedff20999df2af8eb42d56 -> 
  custom:CustomObjectIndexerAttribute: 756ad292c208cfabdd7b50bc23989ffe -> 
  custom:container-demuxer-webm: 4f35f7cbe854078d1ac9338744f61a02 -> 
  custom:audio-encoder-webm-vorbis: bf7c407c2cedff20999df2af8eb42d56 -> 
  custom:container-muxer-webm: aa71ff27fc2769a1b78a27578f13a17b -> 
========================================================================
Received Prepare
Begin MonoManager ReloadAssembly
Symbol file LoadedFromMemory doesn't match image D:\UnityHub\Project\CustomRP\Library\PackageCache\com.unity.visualscripting@1.8.0\Editor\VisualScripting.Core\Dependencies\YamlDotNet\Unity.VisualScripting.YamlDotNet.dll
Symbol file LoadedFromMemory doesn't match image D:\UnityHub\Project\CustomRP\Library\PackageCache\com.unity.visualscripting@1.8.0\Editor\VisualScripting.Core\Dependencies\DotNetZip\Unity.VisualScripting.IonicZip.dll
- Loaded All Assemblies, in  0.392 seconds
Refreshing native plugins compatible for Editor in 0.86 ms, found 1 plugins.
Native extension for WindowsStandalone target not found
Mono: successfully reloaded assembly
- Finished resetting the current domain, in  0.484 seconds
Domain Reload Profiling: 876ms
	BeginReloadAssembly (95ms)
		ExecutionOrderSort (0ms)
		DisableScriptedObjects (3ms)
		BackupInstance (0ms)
		ReleaseScriptingObjects (0ms)
		CreateAndSetChildDomain (26ms)
	RebuildCommonClasses (25ms)
	RebuildNativeTypeToScriptingClass (7ms)
	initialDomainReloadingComplete (17ms)
	LoadAllAssembliesAndSetupDomain (248ms)
		LoadAssemblies (135ms)
		RebuildTransferFunctionScriptingTraits (0ms)
		AnalyzeDomain (154ms)
			TypeCache.Refresh (147ms)
				TypeCache.ScanAssembly (142ms)
			ScanForSourceGeneratedMonoScriptInfo (2ms)
			ResolveRequiredComponents (6ms)
	FinalizeReload (485ms)
		ReleaseScriptCaches (0ms)
		RebuildScriptCaches (0ms)
		SetupLoadedEditorAssemblies (205ms)
			LogAssemblyErrors (0ms)
			InitializePlatformSupportModulesInManaged (4ms)
			SetLoadedEditorAssemblies (3ms)
			RefreshPlugins (0ms)
			BeforeProcessingInitializeOnLoad (40ms)
			ProcessInitializeOnLoadAttributes (109ms)
			ProcessInitializeOnLoadMethodAttributes (48ms)
			AfterProcessingInitializeOnLoad (2ms)
			EditorAssembliesLoaded (0ms)
		ExecutionOrderSort2 (0ms)
		AwakeInstancesAfterBackupRestoration (7ms)
Refreshing native plugins compatible for Editor in 0.74 ms, found 1 plugins.
Preloading 0 native plugins for Editor in 0.00 ms.
Unloading 2841 Unused Serialized files (Serialized files now loaded: 0)
Unloading 20 unused Assets / (339.6 KB). Loaded Objects now: 3381.
Memory consumption went from 111.8 MB to 111.4 MB.
Total: 2.068300 ms (FindLiveObjects: 0.151800 ms CreateObjectMapping: 0.056800 ms MarkObjects: 1.752800 ms  DeleteObjects: 0.105000 ms)

Prepare: number of updated asset objects reloaded= 0
AssetImportParameters requested are different than current active one (requested -> active):
  custom:video-decoder-webm-vp8: 9c59270c3fd7afecdb556c50c9e8de78 -> 
  custom:container-demuxer-ogg: 62fdf1f143b41e24485cea50d1cbac27 -> 
  custom:AudioImporter_EditorPlatform: d09bf68614088b80899f8185d706f6e7 -> 
  custom:video-codec-MediaFoundation-h265: 746d11721c4dcdbdad8f713fa42b33f4 -> 
  custom:video-decoder-ogg-theora: a1e56fd34408186e4bbccfd4996cb3dc -> 
  custom:framework-win-MediaFoundation: 216162199b28c13a410421893ffa2e32 -> 
  custom:video-encoder-webm-vp8: eb34c28f22e8b96e1ab97ce403110664 -> 
  custom:audio-decoder-ogg-vorbis: bf7c407c2cedff20999df2af8eb42d56 -> 
  custom:CustomObjectIndexerAttribute: 756ad292c208cfabdd7b50bc23989ffe -> 
  custom:container-demuxer-webm: 4f35f7cbe854078d1ac9338744f61a02 -> 
  custom:audio-encoder-webm-vorbis: bf7c407c2cedff20999df2af8eb42d56 -> 
  custom:container-muxer-webm: aa71ff27fc2769a1b78a27578f13a17b -> 
========================================================================
Received Prepare
Begin MonoManager ReloadAssembly
Symbol file LoadedFromMemory doesn't match image D:\UnityHub\Project\CustomRP\Library\PackageCache\com.unity.visualscripting@1.8.0\Editor\VisualScripting.Core\Dependencies\YamlDotNet\Unity.VisualScripting.YamlDotNet.dll
Symbol file LoadedFromMemory doesn't match image D:\UnityHub\Project\CustomRP\Library\PackageCache\com.unity.visualscripting@1.8.0\Editor\VisualScripting.Core\Dependencies\DotNetZip\Unity.VisualScripting.IonicZip.dll
- Loaded All Assemblies, in  0.422 seconds
Refreshing native plugins compatible for Editor in 1.01 ms, found 1 plugins.
Native extension for WindowsStandalone target not found
Mono: successfully reloaded assembly
- Finished resetting the current domain, in  0.500 seconds
Domain Reload Profiling: 921ms
	BeginReloadAssembly (116ms)
		ExecutionOrderSort (0ms)
		DisableScriptedObjects (4ms)
		BackupInstance (0ms)
		ReleaseScriptingObjects (0ms)
		CreateAndSetChildDomain (23ms)
	RebuildCommonClasses (23ms)
	RebuildNativeTypeToScriptingClass (8ms)
	initialDomainReloadingComplete (18ms)
	LoadAllAssembliesAndSetupDomain (256ms)
		LoadAssemblies (159ms)
		RebuildTransferFunctionScriptingTraits (0ms)
		AnalyzeDomain (159ms)
			TypeCache.Refresh (153ms)
				TypeCache.ScanAssembly (148ms)
			ScanForSourceGeneratedMonoScriptInfo (2ms)
			ResolveRequiredComponents (4ms)
	FinalizeReload (500ms)
		ReleaseScriptCaches (0ms)
		RebuildScriptCaches (0ms)
		SetupLoadedEditorAssemblies (214ms)
			LogAssemblyErrors (0ms)
			InitializePlatformSupportModulesInManaged (4ms)
			SetLoadedEditorAssemblies (3ms)
			RefreshPlugins (0ms)
			BeforeProcessingInitializeOnLoad (39ms)
			ProcessInitializeOnLoadAttributes (116ms)
			ProcessInitializeOnLoadMethodAttributes (50ms)
			AfterProcessingInitializeOnLoad (2ms)
			EditorAssembliesLoaded (0ms)
		ExecutionOrderSort2 (0ms)
		AwakeInstancesAfterBackupRestoration (7ms)
Refreshing native plugins compatible for Editor in 0.78 ms, found 1 plugins.
Preloading 0 native plugins for Editor in 0.00 ms.
Unloading 2841 Unused Serialized files (Serialized files now loaded: 0)
Unloading 20 unused Assets / (339.6 KB). Loaded Objects now: 3384.
Memory consumption went from 111.8 MB to 111.4 MB.
Total: 2.423800 ms (FindLiveObjects: 0.539000 ms CreateObjectMapping: 0.064300 ms MarkObjects: 1.708300 ms  DeleteObjects: 0.110900 ms)

Prepare: number of updated asset objects reloaded= 0
AssetImportParameters requested are different than current active one (requested -> active):
  custom:video-decoder-webm-vp8: 9c59270c3fd7afecdb556c50c9e8de78 -> 
  custom:container-demuxer-ogg: 62fdf1f143b41e24485cea50d1cbac27 -> 
  custom:AudioImporter_EditorPlatform: d09bf68614088b80899f8185d706f6e7 -> 
  custom:video-codec-MediaFoundation-h265: 746d11721c4dcdbdad8f713fa42b33f4 -> 
  custom:video-decoder-ogg-theora: a1e56fd34408186e4bbccfd4996cb3dc -> 
  custom:framework-win-MediaFoundation: 216162199b28c13a410421893ffa2e32 -> 
  custom:video-encoder-webm-vp8: eb34c28f22e8b96e1ab97ce403110664 -> 
  custom:audio-decoder-ogg-vorbis: bf7c407c2cedff20999df2af8eb42d56 -> 
  custom:CustomObjectIndexerAttribute: 756ad292c208cfabdd7b50bc23989ffe -> 
  custom:container-demuxer-webm: 4f35f7cbe854078d1ac9338744f61a02 -> 
  custom:audio-encoder-webm-vorbis: bf7c407c2cedff20999df2af8eb42d56 -> 
  custom:container-muxer-webm: aa71ff27fc2769a1b78a27578f13a17b -> 
========================================================================
Received Prepare
Begin MonoManager ReloadAssembly
Symbol file LoadedFromMemory doesn't match image D:\UnityHub\Project\CustomRP\Library\PackageCache\com.unity.visualscripting@1.8.0\Editor\VisualScripting.Core\Dependencies\YamlDotNet\Unity.VisualScripting.YamlDotNet.dll
Symbol file LoadedFromMemory doesn't match image D:\UnityHub\Project\CustomRP\Library\PackageCache\com.unity.visualscripting@1.8.0\Editor\VisualScripting.Core\Dependencies\DotNetZip\Unity.VisualScripting.IonicZip.dll
- Loaded All Assemblies, in  0.416 seconds
Refreshing native plugins compatible for Editor in 0.86 ms, found 1 plugins.
Native extension for WindowsStandalone target not found
Mono: successfully reloaded assembly
- Finished resetting the current domain, in  0.435 seconds
Domain Reload Profiling: 851ms
	BeginReloadAssembly (95ms)
		ExecutionOrderSort (0ms)
		DisableScriptedObjects (3ms)
		BackupInstance (0ms)
		ReleaseScriptingObjects (0ms)
		CreateAndSetChildDomain (23ms)
	RebuildCommonClasses (21ms)
	RebuildNativeTypeToScriptingClass (7ms)
	initialDomainReloadingComplete (18ms)
	LoadAllAssembliesAndSetupDomain (275ms)
		LoadAssemblies (148ms)
		RebuildTransferFunctionScriptingTraits (0ms)
		AnalyzeDomain (170ms)
			TypeCache.Refresh (167ms)
				TypeCache.ScanAssembly (161ms)
			ScanForSourceGeneratedMonoScriptInfo (1ms)
			ResolveRequiredComponents (2ms)
	FinalizeReload (435ms)
		ReleaseScriptCaches (0ms)
		RebuildScriptCaches (0ms)
		SetupLoadedEditorAssemblies (198ms)
			LogAssemblyErrors (0ms)
			InitializePlatformSupportModulesInManaged (3ms)
			SetLoadedEditorAssemblies (3ms)
			RefreshPlugins (0ms)
			BeforeProcessingInitializeOnLoad (38ms)
			ProcessInitializeOnLoadAttributes (106ms)
			ProcessInitializeOnLoadMethodAttributes (46ms)
			AfterProcessingInitializeOnLoad (2ms)
			EditorAssembliesLoaded (0ms)
		ExecutionOrderSort2 (0ms)
		AwakeInstancesAfterBackupRestoration (6ms)
Refreshing native plugins compatible for Editor in 1.30 ms, found 1 plugins.
Preloading 0 native plugins for Editor in 0.00 ms.
Unloading 2841 Unused Serialized files (Serialized files now loaded: 0)
Unloading 20 unused Assets / (339.5 KB). Loaded Objects now: 3387.
Memory consumption went from 111.8 MB to 111.4 MB.
Total: 2.077100 ms (FindLiveObjects: 0.165800 ms CreateObjectMapping: 0.062500 ms MarkObjects: 1.732200 ms  DeleteObjects: 0.115800 ms)

Prepare: number of updated asset objects reloaded= 0
AssetImportParameters requested are different than current active one (requested -> active):
  custom:video-decoder-webm-vp8: 9c59270c3fd7afecdb556c50c9e8de78 -> 
  custom:container-demuxer-ogg: 62fdf1f143b41e24485cea50d1cbac27 -> 
  custom:AudioImporter_EditorPlatform: d09bf68614088b80899f8185d706f6e7 -> 
  custom:video-codec-MediaFoundation-h265: 746d11721c4dcdbdad8f713fa42b33f4 -> 
  custom:video-decoder-ogg-theora: a1e56fd34408186e4bbccfd4996cb3dc -> 
  custom:framework-win-MediaFoundation: 216162199b28c13a410421893ffa2e32 -> 
  custom:video-encoder-webm-vp8: eb34c28f22e8b96e1ab97ce403110664 -> 
  custom:audio-decoder-ogg-vorbis: bf7c407c2cedff20999df2af8eb42d56 -> 
  custom:CustomObjectIndexerAttribute: 756ad292c208cfabdd7b50bc23989ffe -> 
  custom:container-demuxer-webm: 4f35f7cbe854078d1ac9338744f61a02 -> 
  custom:audio-encoder-webm-vorbis: bf7c407c2cedff20999df2af8eb42d56 -> 
  custom:container-muxer-webm: aa71ff27fc2769a1b78a27578f13a17b -> 
========================================================================
Received Prepare
Begin MonoManager ReloadAssembly
Symbol file LoadedFromMemory doesn't match image D:\UnityHub\Project\CustomRP\Library\PackageCache\com.unity.visualscripting@1.8.0\Editor\VisualScripting.Core\Dependencies\YamlDotNet\Unity.VisualScripting.YamlDotNet.dll
Symbol file LoadedFromMemory doesn't match image D:\UnityHub\Project\CustomRP\Library\PackageCache\com.unity.visualscripting@1.8.0\Editor\VisualScripting.Core\Dependencies\DotNetZip\Unity.VisualScripting.IonicZip.dll
- Loaded All Assemblies, in  0.392 seconds
Refreshing native plugins compatible for Editor in 0.90 ms, found 1 plugins.
Native extension for WindowsStandalone target not found
Mono: successfully reloaded assembly
- Finished resetting the current domain, in  0.469 seconds
Domain Reload Profiling: 861ms
	BeginReloadAssembly (92ms)
		ExecutionOrderSort (0ms)
		DisableScriptedObjects (3ms)
		BackupInstance (0ms)
		ReleaseScriptingObjects (0ms)
		CreateAndSetChildDomain (21ms)
	RebuildCommonClasses (21ms)
	RebuildNativeTypeToScriptingClass (8ms)
	initialDomainReloadingComplete (18ms)
	LoadAllAssembliesAndSetupDomain (253ms)
		LoadAssemblies (146ms)
		RebuildTransferFunctionScriptingTraits (0ms)
		AnalyzeDomain (150ms)
			TypeCache.Refresh (146ms)
				TypeCache.ScanAssembly (141ms)
			ScanForSourceGeneratedMonoScriptInfo (1ms)
			ResolveRequiredComponents (3ms)
	FinalizeReload (469ms)
		ReleaseScriptCaches (0ms)
		RebuildScriptCaches (0ms)
		SetupLoadedEditorAssemblies (205ms)
			LogAssemblyErrors (0ms)
			InitializePlatformSupportModulesInManaged (4ms)
			SetLoadedEditorAssemblies (3ms)
			RefreshPlugins (0ms)
			BeforeProcessingInitializeOnLoad (40ms)
			ProcessInitializeOnLoadAttributes (110ms)
			ProcessInitializeOnLoadMethodAttributes (47ms)
			AfterProcessingInitializeOnLoad (1ms)
			EditorAssembliesLoaded (0ms)
		ExecutionOrderSort2 (0ms)
		AwakeInstancesAfterBackupRestoration (6ms)
Refreshing native plugins compatible for Editor in 0.76 ms, found 1 plugins.
Preloading 0 native plugins for Editor in 0.00 ms.
Unloading 2841 Unused Serialized files (Serialized files now loaded: 0)
Unloading 20 unused Assets / (339.6 KB). Loaded Objects now: 3390.
Memory consumption went from 111.8 MB to 111.4 MB.
Total: 2.177900 ms (FindLiveObjects: 0.164000 ms CreateObjectMapping: 0.073700 ms MarkObjects: 1.816700 ms  DeleteObjects: 0.122700 ms)

Prepare: number of updated asset objects reloaded= 0
AssetImportParameters requested are different than current active one (requested -> active):
  custom:video-decoder-webm-vp8: 9c59270c3fd7afecdb556c50c9e8de78 -> 
  custom:container-demuxer-ogg: 62fdf1f143b41e24485cea50d1cbac27 -> 
  custom:AudioImporter_EditorPlatform: d09bf68614088b80899f8185d706f6e7 -> 
  custom:video-codec-MediaFoundation-h265: 746d11721c4dcdbdad8f713fa42b33f4 -> 
  custom:video-decoder-ogg-theora: a1e56fd34408186e4bbccfd4996cb3dc -> 
  custom:framework-win-MediaFoundation: 216162199b28c13a410421893ffa2e32 -> 
  custom:video-encoder-webm-vp8: eb34c28f22e8b96e1ab97ce403110664 -> 
  custom:audio-decoder-ogg-vorbis: bf7c407c2cedff20999df2af8eb42d56 -> 
  custom:CustomObjectIndexerAttribute: 756ad292c208cfabdd7b50bc23989ffe -> 
  custom:container-demuxer-webm: 4f35f7cbe854078d1ac9338744f61a02 -> 
  custom:audio-encoder-webm-vorbis: bf7c407c2cedff20999df2af8eb42d56 -> 
  custom:container-muxer-webm: aa71ff27fc2769a1b78a27578f13a17b -> 
========================================================================
Received Import Request.
  Time since last request: 3457.752509 seconds.
  path: Assets/Shaders/Lit.shader
  artifactKey: Guid(70dfba66f280e934c8c88c7dc10f5abc) Importer(815301076,1909f56bfc062723c751e8b465ee728b)
Start importing Assets/Shaders/Lit.shader using Guid(70dfba66f280e934c8c88c7dc10f5abc) Importer(815301076,1909f56bfc062723c751e8b465ee728b)  -> (artifact id: '361f2fc977051154b5d96d91de76b9a7') in 0.030266 seconds
Number of updated asset objects reloaded before import = 0
Number of asset objects unloaded after import = 1
========================================================================
Received Import Request.
  Time since last request: 18.999550 seconds.
  path: Assets/Shaders/Lit.shader
  artifactKey: Guid(70dfba66f280e934c8c88c7dc10f5abc) Importer(815301076,1909f56bfc062723c751e8b465ee728b)
Start importing Assets/Shaders/Lit.shader using Guid(70dfba66f280e934c8c88c7dc10f5abc) Importer(815301076,1909f56bfc062723c751e8b465ee728b)  -> (artifact id: '1a367a370ed3db042fc4f88ac453c5f5') in 0.001365 seconds
Number of updated asset objects reloaded before import = 0
Number of asset objects unloaded after import = 1
========================================================================
Received Import Request.
  Time since last request: 22.141235 seconds.
  path: Assets/Shaders/Lit.shader
  artifactKey: Guid(70dfba66f280e934c8c88c7dc10f5abc) Importer(815301076,1909f56bfc062723c751e8b465ee728b)
Start importing Assets/Shaders/Lit.shader using Guid(70dfba66f280e934c8c88c7dc10f5abc) Importer(815301076,1909f56bfc062723c751e8b465ee728b)  -> (artifact id: 'a45e0c3439e464e36ac1c4ca0294f4e0') in 0.001108 seconds
Number of updated asset objects reloaded before import = 0
Number of asset objects unloaded after import = 1
========================================================================
Received Import Request.
  Time since last request: 8.009075 seconds.
  path: Assets/Shaders/Lit.shader
  artifactKey: Guid(70dfba66f280e934c8c88c7dc10f5abc) Importer(815301076,1909f56bfc062723c751e8b465ee728b)
Start importing Assets/Shaders/Lit.shader using Guid(70dfba66f280e934c8c88c7dc10f5abc) Importer(815301076,1909f56bfc062723c751e8b465ee728b)  -> (artifact id: 'eef2750aa8b63302f5db28c851f08d9b') in 0.001042 seconds
Number of updated asset objects reloaded before import = 0
Number of asset objects unloaded after import = 1
========================================================================
Received Import Request.
  Time since last request: 29.309011 seconds.
  path: Assets/Shaders/Lit.shader
  artifactKey: Guid(70dfba66f280e934c8c88c7dc10f5abc) Importer(815301076,1909f56bfc062723c751e8b465ee728b)
Start importing Assets/Shaders/Lit.shader using Guid(70dfba66f280e934c8c88c7dc10f5abc) Importer(815301076,1909f56bfc062723c751e8b465ee728b)  -> (artifact id: '3b3c0169d1dbec4bf0cdae63acdcdef2') in 0.001123 seconds
Number of updated asset objects reloaded before import = 0
Number of asset objects unloaded after import = 1
========================================================================
Received Import Request.
  Time since last request: 2.330308 seconds.
  path: Assets/CustomRP/Example/PerObjectMaterialProperties.cs
  artifactKey: Guid(bcb290f3532bb324cb3902bacedad381) Importer(815301076,1909f56bfc062723c751e8b465ee728b)
Start importing Assets/CustomRP/Example/PerObjectMaterialProperties.cs using Guid(bcb290f3532bb324cb3902bacedad381) Importer(815301076,1909f56bfc062723c751e8b465ee728b)  -> (artifact id: 'f0eafb801dde7eb7d1284267707b7e29') in 0.000399 seconds
Number of updated asset objects reloaded before import = 0
Number of asset objects unloaded after import = 0
========================================================================
Received Import Request.
  Time since last request: 17.274910 seconds.
  path: Assets/CustomRP/Example/PerObjectMaterialProperties.cs
  artifactKey: Guid(bcb290f3532bb324cb3902bacedad381) Importer(815301076,1909f56bfc062723c751e8b465ee728b)
Start importing Assets/CustomRP/Example/PerObjectMaterialProperties.cs using Guid(bcb290f3532bb324cb3902bacedad381) Importer(815301076,1909f56bfc062723c751e8b465ee728b)  -> (artifact id: '7202b9bfdf7d141323a3a2cd5e2311d3') in 0.000467 seconds
Number of updated asset objects reloaded before import = 0
Number of asset objects unloaded after import = 0
========================================================================
Received Prepare
Begin MonoManager ReloadAssembly
Symbol file LoadedFromMemory doesn't match image D:\UnityHub\Project\CustomRP\Library\PackageCache\com.unity.visualscripting@1.8.0\Editor\VisualScripting.Core\Dependencies\YamlDotNet\Unity.VisualScripting.YamlDotNet.dll
Symbol file LoadedFromMemory doesn't match image D:\UnityHub\Project\CustomRP\Library\PackageCache\com.unity.visualscripting@1.8.0\Editor\VisualScripting.Core\Dependencies\DotNetZip\Unity.VisualScripting.IonicZip.dll
- Loaded All Assemblies, in  0.446 seconds
Refreshing native plugins compatible for Editor in 1.45 ms, found 1 plugins.
Native extension for WindowsStandalone target not found
Mono: successfully reloaded assembly
- Finished resetting the current domain, in  0.486 seconds
Domain Reload Profiling: 933ms
	BeginReloadAssembly (114ms)
		ExecutionOrderSort (0ms)
		DisableScriptedObjects (3ms)
		BackupInstance (0ms)
		ReleaseScriptingObjects (0ms)
		CreateAndSetChildDomain (34ms)
	RebuildCommonClasses (24ms)
	RebuildNativeTypeToScriptingClass (8ms)
	initialDomainReloadingComplete (23ms)
	LoadAllAssembliesAndSetupDomain (277ms)
		LoadAssemblies (166ms)
		RebuildTransferFunctionScriptingTraits (0ms)
		AnalyzeDomain (161ms)
			TypeCache.Refresh (156ms)
				TypeCache.ScanAssembly (149ms)
			ScanForSourceGeneratedMonoScriptInfo (2ms)
			ResolveRequiredComponents (3ms)
	FinalizeReload (486ms)
		ReleaseScriptCaches (0ms)
		RebuildScriptCaches (0ms)
		SetupLoadedEditorAssemblies (184ms)
			LogAssemblyErrors (0ms)
			InitializePlatformSupportModulesInManaged (4ms)
			SetLoadedEditorAssemblies (4ms)
			RefreshPlugins (0ms)
			BeforeProcessingInitializeOnLoad (33ms)
			ProcessInitializeOnLoadAttributes (96ms)
			ProcessInitializeOnLoadMethodAttributes (45ms)
			AfterProcessingInitializeOnLoad (2ms)
			EditorAssembliesLoaded (0ms)
		ExecutionOrderSort2 (0ms)
		AwakeInstancesAfterBackupRestoration (5ms)
Refreshing native plugins compatible for Editor in 0.75 ms, found 1 plugins.
Preloading 0 native plugins for Editor in 0.00 ms.
Unloading 2840 Unused Serialized files (Serialized files now loaded: 0)
Unloading 20 unused Assets / (340.0 KB). Loaded Objects now: 3393.
Memory consumption went from 111.5 MB to 111.2 MB.
Total: 2.965100 ms (FindLiveObjects: 0.202400 ms CreateObjectMapping: 0.144100 ms MarkObjects: 2.475300 ms  DeleteObjects: 0.142100 ms)

Prepare: number of updated asset objects reloaded= 0
AssetImportParameters requested are different than current active one (requested -> active):
  custom:video-decoder-webm-vp8: 9c59270c3fd7afecdb556c50c9e8de78 -> 
  custom:container-demuxer-ogg: 62fdf1f143b41e24485cea50d1cbac27 -> 
  custom:AudioImporter_EditorPlatform: d09bf68614088b80899f8185d706f6e7 -> 
  custom:video-codec-MediaFoundation-h265: 746d11721c4dcdbdad8f713fa42b33f4 -> 
  custom:video-decoder-ogg-theora: a1e56fd34408186e4bbccfd4996cb3dc -> 
  custom:framework-win-MediaFoundation: 216162199b28c13a410421893ffa2e32 -> 
  custom:video-encoder-webm-vp8: eb34c28f22e8b96e1ab97ce403110664 -> 
  custom:audio-decoder-ogg-vorbis: bf7c407c2cedff20999df2af8eb42d56 -> 
  custom:CustomObjectIndexerAttribute: 756ad292c208cfabdd7b50bc23989ffe -> 
  custom:container-demuxer-webm: 4f35f7cbe854078d1ac9338744f61a02 -> 
  custom:audio-encoder-webm-vorbis: bf7c407c2cedff20999df2af8eb42d56 -> 
  custom:container-muxer-webm: aa71ff27fc2769a1b78a27578f13a17b -> 
========================================================================
Received Import Request.
  Time since last request: 26.999565 seconds.
  path: Assets/CustomRP/Example/PerObjectMaterialProperties.cs
  artifactKey: Guid(bcb290f3532bb324cb3902bacedad381) Importer(815301076,1909f56bfc062723c751e8b465ee728b)
Start importing Assets/CustomRP/Example/PerObjectMaterialProperties.cs using Guid(bcb290f3532bb324cb3902bacedad381) Importer(815301076,1909f56bfc062723c751e8b465ee728b)  -> (artifact id: '40f2e27950268731555c5840a9109aee') in 0.003385 seconds
Number of updated asset objects reloaded before import = 0
Number of asset objects unloaded after import = 0
========================================================================
Received Prepare
Begin MonoManager ReloadAssembly
Symbol file LoadedFromMemory doesn't match image D:\UnityHub\Project\CustomRP\Library\PackageCache\com.unity.visualscripting@1.8.0\Editor\VisualScripting.Core\Dependencies\YamlDotNet\Unity.VisualScripting.YamlDotNet.dll
Symbol file LoadedFromMemory doesn't match image D:\UnityHub\Project\CustomRP\Library\PackageCache\com.unity.visualscripting@1.8.0\Editor\VisualScripting.Core\Dependencies\DotNetZip\Unity.VisualScripting.IonicZip.dll
- Loaded All Assemblies, in  0.411 seconds
Refreshing native plugins compatible for Editor in 0.91 ms, found 1 plugins.
Native extension for WindowsStandalone target not found
Mono: successfully reloaded assembly
- Finished resetting the current domain, in  0.495 seconds
Domain Reload Profiling: 905ms
	BeginReloadAssembly (106ms)
		ExecutionOrderSort (0ms)
		DisableScriptedObjects (3ms)
		BackupInstance (0ms)
		ReleaseScriptingObjects (0ms)
		CreateAndSetChildDomain (26ms)
	RebuildCommonClasses (25ms)
	RebuildNativeTypeToScriptingClass (8ms)
	initialDomainReloadingComplete (19ms)
	LoadAllAssembliesAndSetupDomain (252ms)
		LoadAssemblies (145ms)
		RebuildTransferFunctionScriptingTraits (0ms)
		AnalyzeDomain (158ms)
			TypeCache.Refresh (154ms)
				TypeCache.ScanAssembly (149ms)
			ScanForSourceGeneratedMonoScriptInfo (1ms)
			ResolveRequiredComponents (3ms)
	FinalizeReload (495ms)
		ReleaseScriptCaches (0ms)
		RebuildScriptCaches (0ms)
		SetupLoadedEditorAssemblies (202ms)
			LogAssemblyErrors (0ms)
			InitializePlatformSupportModulesInManaged (4ms)
			SetLoadedEditorAssemblies (3ms)
			RefreshPlugins (0ms)
			BeforeProcessingInitializeOnLoad (39ms)
			ProcessInitializeOnLoadAttributes (104ms)
			ProcessInitializeOnLoadMethodAttributes (51ms)
			AfterProcessingInitializeOnLoad (2ms)
			EditorAssembliesLoaded (0ms)
		ExecutionOrderSort2 (0ms)
		AwakeInstancesAfterBackupRestoration (8ms)
Refreshing native plugins compatible for Editor in 0.83 ms, found 1 plugins.
Preloading 0 native plugins for Editor in 0.00 ms.
Unloading 2840 Unused Serialized files (Serialized files now loaded: 0)
Unloading 20 unused Assets / (340.0 KB). Loaded Objects now: 3396.
Memory consumption went from 111.5 MB to 111.2 MB.
Total: 2.656500 ms (FindLiveObjects: 0.225900 ms CreateObjectMapping: 0.121400 ms MarkObjects: 2.187100 ms  DeleteObjects: 0.120800 ms)

Prepare: number of updated asset objects reloaded= 0
AssetImportParameters requested are different than current active one (requested -> active):
  custom:video-decoder-webm-vp8: 9c59270c3fd7afecdb556c50c9e8de78 -> 
  custom:container-demuxer-ogg: 62fdf1f143b41e24485cea50d1cbac27 -> 
  custom:AudioImporter_EditorPlatform: d09bf68614088b80899f8185d706f6e7 -> 
  custom:video-codec-MediaFoundation-h265: 746d11721c4dcdbdad8f713fa42b33f4 -> 
  custom:video-decoder-ogg-theora: a1e56fd34408186e4bbccfd4996cb3dc -> 
  custom:framework-win-MediaFoundation: 216162199b28c13a410421893ffa2e32 -> 
  custom:video-encoder-webm-vp8: eb34c28f22e8b96e1ab97ce403110664 -> 
  custom:audio-decoder-ogg-vorbis: bf7c407c2cedff20999df2af8eb42d56 -> 
  custom:CustomObjectIndexerAttribute: 756ad292c208cfabdd7b50bc23989ffe -> 
  custom:container-demuxer-webm: 4f35f7cbe854078d1ac9338744f61a02 -> 
  custom:audio-encoder-webm-vorbis: bf7c407c2cedff20999df2af8eb42d56 -> 
  custom:container-muxer-webm: aa71ff27fc2769a1b78a27578f13a17b -> 
========================================================================
Received Import Request.
  Time since last request: 33.911775 seconds.
  path: Assets/CustomRP/Example/PerObjectMaterialProperties.cs
  artifactKey: Guid(bcb290f3532bb324cb3902bacedad381) Importer(815301076,1909f56bfc062723c751e8b465ee728b)
Start importing Assets/CustomRP/Example/PerObjectMaterialProperties.cs using Guid(bcb290f3532bb324cb3902bacedad381) Importer(815301076,1909f56bfc062723c751e8b465ee728b)  -> (artifact id: 'fc0a7a0e32bb5a1913ccee6ffca08cdb') in 0.002673 seconds
Number of updated asset objects reloaded before import = 0
Number of asset objects unloaded after import = 0
========================================================================
Received Prepare
Begin MonoManager ReloadAssembly
Symbol file LoadedFromMemory doesn't match image D:\UnityHub\Project\CustomRP\Library\PackageCache\com.unity.visualscripting@1.8.0\Editor\VisualScripting.Core\Dependencies\YamlDotNet\Unity.VisualScripting.YamlDotNet.dll
Symbol file LoadedFromMemory doesn't match image D:\UnityHub\Project\CustomRP\Library\PackageCache\com.unity.visualscripting@1.8.0\Editor\VisualScripting.Core\Dependencies\DotNetZip\Unity.VisualScripting.IonicZip.dll
- Loaded All Assemblies, in  0.400 seconds
Refreshing native plugins compatible for Editor in 0.93 ms, found 1 plugins.
Native extension for WindowsStandalone target not found
Mono: successfully reloaded assembly
- Finished resetting the current domain, in  0.444 seconds
Domain Reload Profiling: 844ms
	BeginReloadAssembly (96ms)
		ExecutionOrderSort (0ms)
		DisableScriptedObjects (3ms)
		BackupInstance (0ms)
		ReleaseScriptingObjects (0ms)
		CreateAndSetChildDomain (25ms)
	RebuildCommonClasses (23ms)
	RebuildNativeTypeToScriptingClass (7ms)
	initialDomainReloadingComplete (19ms)
	LoadAllAssembliesAndSetupDomain (255ms)
		LoadAssemblies (136ms)
		RebuildTransferFunctionScriptingTraits (0ms)
		AnalyzeDomain (163ms)
			TypeCache.Refresh (159ms)
				TypeCache.ScanAssembly (154ms)
			ScanForSourceGeneratedMonoScriptInfo (2ms)
			ResolveRequiredComponents (3ms)
	FinalizeReload (445ms)
		ReleaseScriptCaches (0ms)
		RebuildScriptCaches (0ms)
		SetupLoadedEditorAssemblies (199ms)
			LogAssemblyErrors (0ms)
			InitializePlatformSupportModulesInManaged (4ms)
			SetLoadedEditorAssemblies (3ms)
			RefreshPlugins (0ms)
			BeforeProcessingInitializeOnLoad (37ms)
			ProcessInitializeOnLoadAttributes (107ms)
			ProcessInitializeOnLoadMethodAttributes (46ms)
			AfterProcessingInitializeOnLoad (2ms)
			EditorAssembliesLoaded (0ms)
		ExecutionOrderSort2 (0ms)
		AwakeInstancesAfterBackupRestoration (6ms)
Refreshing native plugins compatible for Editor in 1.23 ms, found 1 plugins.
Preloading 0 native plugins for Editor in 0.00 ms.
Unloading 2840 Unused Serialized files (Serialized files now loaded: 0)
Unloading 20 unused Assets / (340.1 KB). Loaded Objects now: 3399.
Memory consumption went from 111.5 MB to 111.2 MB.
Total: 2.196000 ms (FindLiveObjects: 0.158100 ms CreateObjectMapping: 0.064100 ms MarkObjects: 1.861700 ms  DeleteObjects: 0.110700 ms)

Prepare: number of updated asset objects reloaded= 0
AssetImportParameters requested are different than current active one (requested -> active):
  custom:video-decoder-webm-vp8: 9c59270c3fd7afecdb556c50c9e8de78 -> 
  custom:container-demuxer-ogg: 62fdf1f143b41e24485cea50d1cbac27 -> 
  custom:AudioImporter_EditorPlatform: d09bf68614088b80899f8185d706f6e7 -> 
  custom:video-codec-MediaFoundation-h265: 746d11721c4dcdbdad8f713fa42b33f4 -> 
  custom:video-decoder-ogg-theora: a1e56fd34408186e4bbccfd4996cb3dc -> 
  custom:framework-win-MediaFoundation: 216162199b28c13a410421893ffa2e32 -> 
  custom:video-encoder-webm-vp8: eb34c28f22e8b96e1ab97ce403110664 -> 
  custom:audio-decoder-ogg-vorbis: bf7c407c2cedff20999df2af8eb42d56 -> 
  custom:CustomObjectIndexerAttribute: 756ad292c208cfabdd7b50bc23989ffe -> 
  custom:container-demuxer-webm: 4f35f7cbe854078d1ac9338744f61a02 -> 
  custom:audio-encoder-webm-vorbis: bf7c407c2cedff20999df2af8eb42d56 -> 
  custom:container-muxer-webm: aa71ff27fc2769a1b78a27578f13a17b -> 
========================================================================
Received Import Request.
  Time since last request: 28.342459 seconds.
  path: Assets/CustomRP/ShaderLibrary/BRDF.hlsl
  artifactKey: Guid(b35afab16b05bc049984b3e314ef86ac) Importer(815301076,1909f56bfc062723c751e8b465ee728b)
Start importing Assets/CustomRP/ShaderLibrary/BRDF.hlsl using Guid(b35afab16b05bc049984b3e314ef86ac) Importer(815301076,1909f56bfc062723c751e8b465ee728b)  -> (artifact id: 'c283f3f909f640ec16c88d7989703f5d') in 0.002975 seconds
Number of updated asset objects reloaded before import = 0
Number of asset objects unloaded after import = 1
========================================================================
Received Import Request.
  Time since last request: 10.889643 seconds.
  path: Assets/CustomRP/ShaderLibrary/BRDF.hlsl
  artifactKey: Guid(b35afab16b05bc049984b3e314ef86ac) Importer(815301076,1909f56bfc062723c751e8b465ee728b)
Start importing Assets/CustomRP/ShaderLibrary/BRDF.hlsl using Guid(b35afab16b05bc049984b3e314ef86ac) Importer(815301076,1909f56bfc062723c751e8b465ee728b)  -> (artifact id: 'a353fdd559e3dbc66eb85b53b662c218') in 0.000795 seconds
Number of updated asset objects reloaded before import = 0
Number of asset objects unloaded after import = 1
========================================================================
Received Import Request.
  Time since last request: 11.462408 seconds.
  path: Assets/CustomRP/ShaderLibrary/BRDF.hlsl
  artifactKey: Guid(b35afab16b05bc049984b3e314ef86ac) Importer(815301076,1909f56bfc062723c751e8b465ee728b)
Start importing Assets/CustomRP/ShaderLibrary/BRDF.hlsl using Guid(b35afab16b05bc049984b3e314ef86ac) Importer(815301076,1909f56bfc062723c751e8b465ee728b)  -> (artifact id: '1fdd6c200ff1c77ed6e221f88653df46') in 0.000767 seconds
Number of updated asset objects reloaded before import = 0
Number of asset objects unloaded after import = 1
========================================================================
Received Import Request.
  Time since last request: 28.532737 seconds.
  path: Assets/CustomRP/ShaderLibrary/Surface.hlsl
  artifactKey: Guid(1ebbb06fcf35fcb4f8fea1fbf17d04d0) Importer(815301076,1909f56bfc062723c751e8b465ee728b)
Start importing Assets/CustomRP/ShaderLibrary/Surface.hlsl using Guid(1ebbb06fcf35fcb4f8fea1fbf17d04d0) Importer(815301076,1909f56bfc062723c751e8b465ee728b)  -> (artifact id: '20031c3980ef033e97eaab44f2e083a3') in 0.000764 seconds
Number of updated asset objects reloaded before import = 0
Number of asset objects unloaded after import = 1
========================================================================
Received Import Request.
  Time since last request: 0.970527 seconds.
  path: Assets/CustomRP/ShaderLibrary/Lighting.hlsl
  artifactKey: Guid(7c5d5ceaf28a9f6429791f7465bf344f) Importer(815301076,1909f56bfc062723c751e8b465ee728b)
Start importing Assets/CustomRP/ShaderLibrary/Lighting.hlsl using Guid(7c5d5ceaf28a9f6429791f7465bf344f) Importer(815301076,1909f56bfc062723c751e8b465ee728b)  -> (artifact id: 'ee2bcbba17eb90fdaa4d00b0183b1277') in 0.000818 seconds
Number of updated asset objects reloaded before import = 0
Number of asset objects unloaded after import = 1
========================================================================
Received Import Request.
  Time since last request: 0.361448 seconds.
  path: Assets/CustomRP/ShaderLibrary/Light.hlsl
  artifactKey: Guid(e3fbba92f45ecb54a88fb63bdfbcabe1) Importer(815301076,1909f56bfc062723c751e8b465ee728b)
Start importing Assets/CustomRP/ShaderLibrary/Light.hlsl using Guid(e3fbba92f45ecb54a88fb63bdfbcabe1) Importer(815301076,1909f56bfc062723c751e8b465ee728b)  -> (artifact id: 'aba24a522fd1bc44fa37db8535b8198a') in 0.000763 seconds
Number of updated asset objects reloaded before import = 0
Number of asset objects unloaded after import = 1
========================================================================
Received Import Request.
  Time since last request: 3.322935 seconds.
  path: Assets/Shaders/Lit.shader
  artifactKey: Guid(70dfba66f280e934c8c88c7dc10f5abc) Importer(815301076,1909f56bfc062723c751e8b465ee728b)
Start importing Assets/Shaders/Lit.shader using Guid(70dfba66f280e934c8c88c7dc10f5abc) Importer(815301076,1909f56bfc062723c751e8b465ee728b)  -> (artifact id: '2bbfc98ee0d54395404f2752eb7a7ff1') in 0.001089 seconds
Number of updated asset objects reloaded before import = 0
Number of asset objects unloaded after import = 1
========================================================================
Received Import Request.
  Time since last request: 44.969928 seconds.
  path: Assets/Shaders/Lit.shader
  artifactKey: Guid(70dfba66f280e934c8c88c7dc10f5abc) Importer(815301076,1909f56bfc062723c751e8b465ee728b)
Start importing Assets/Shaders/Lit.shader using Guid(70dfba66f280e934c8c88c7dc10f5abc) Importer(815301076,1909f56bfc062723c751e8b465ee728b)  -> (artifact id: 'c672fb34bb5b3907a7af6f5da8bd0354') in 0.001029 seconds
Number of updated asset objects reloaded before import = 0
Number of asset objects unloaded after import = 1
========================================================================
Received Import Request.
  Time since last request: 4.957637 seconds.
  path: Assets/Shaders/Lit.shader
  artifactKey: Guid(70dfba66f280e934c8c88c7dc10f5abc) Importer(815301076,1909f56bfc062723c751e8b465ee728b)
Start importing Assets/Shaders/Lit.shader using Guid(70dfba66f280e934c8c88c7dc10f5abc) Importer(815301076,1909f56bfc062723c751e8b465ee728b)  -> (artifact id: 'a7774f28da57fba217f0151228e64657') in 0.001343 seconds
Number of updated asset objects reloaded before import = 0
Number of asset objects unloaded after import = 1
========================================================================
Received Import Request.
  Time since last request: 13.926326 seconds.
  path: Assets/Shaders/Lit.shader
  artifactKey: Guid(70dfba66f280e934c8c88c7dc10f5abc) Importer(815301076,1909f56bfc062723c751e8b465ee728b)
Start importing Assets/Shaders/Lit.shader using Guid(70dfba66f280e934c8c88c7dc10f5abc) Importer(815301076,1909f56bfc062723c751e8b465ee728b)  -> (artifact id: 'd7868ec0ee4e9cedc60241c3383019a2') in 0.001020 seconds
Number of updated asset objects reloaded before import = 0
Number of asset objects unloaded after import = 1
========================================================================
Received Import Request.
  Time since last request: 51.069696 seconds.
  path: Assets/Shaders/Lit.shader
  artifactKey: Guid(70dfba66f280e934c8c88c7dc10f5abc) Importer(815301076,1909f56bfc062723c751e8b465ee728b)
Start importing Assets/Shaders/Lit.shader using Guid(70dfba66f280e934c8c88c7dc10f5abc) Importer(815301076,1909f56bfc062723c751e8b465ee728b)  -> (artifact id: '4d18fe64e922309734ad9695fd9adb56') in 0.001034 seconds
Number of updated asset objects reloaded before import = 0
Number of asset objects unloaded after import = 1
========================================================================
Received Import Request.
  Time since last request: 3.798704 seconds.
  path: Assets/Shaders/Lit.shader
  artifactKey: Guid(70dfba66f280e934c8c88c7dc10f5abc) Importer(815301076,1909f56bfc062723c751e8b465ee728b)
Start importing Assets/Shaders/Lit.shader using Guid(70dfba66f280e934c8c88c7dc10f5abc) Importer(815301076,1909f56bfc062723c751e8b465ee728b)  -> (artifact id: 'e91bc7500f2e8820562a1ff79f70432b') in 0.001017 seconds
Number of updated asset objects reloaded before import = 0
Number of asset objects unloaded after import = 1
========================================================================
Received Import Request.
  Time since last request: 9.047684 seconds.
  path: Assets/Shaders/Lit.shader
  artifactKey: Guid(70dfba66f280e934c8c88c7dc10f5abc) Importer(815301076,1909f56bfc062723c751e8b465ee728b)
Start importing Assets/Shaders/Lit.shader using Guid(70dfba66f280e934c8c88c7dc10f5abc) Importer(815301076,1909f56bfc062723c751e8b465ee728b)  -> (artifact id: 'f4574cb054ee2924e5007465f360aaac') in 0.001046 seconds
Number of updated asset objects reloaded before import = 0
Number of asset objects unloaded after import = 1
========================================================================
Received Import Request.
  Time since last request: 8.653608 seconds.
  path: Assets/Shaders/Lit.shader
  artifactKey: Guid(70dfba66f280e934c8c88c7dc10f5abc) Importer(815301076,1909f56bfc062723c751e8b465ee728b)
Start importing Assets/Shaders/Lit.shader using Guid(70dfba66f280e934c8c88c7dc10f5abc) Importer(815301076,1909f56bfc062723c751e8b465ee728b)  -> (artifact id: '840961db18bed426aedec2ec7c0690a7') in 0.001125 seconds
Number of updated asset objects reloaded before import = 0
Number of asset objects unloaded after import = 1
========================================================================
Received Import Request.
  Time since last request: 17.323481 seconds.
  path: Assets/Shaders/Lit.shader
  artifactKey: Guid(70dfba66f280e934c8c88c7dc10f5abc) Importer(815301076,1909f56bfc062723c751e8b465ee728b)
Start importing Assets/Shaders/Lit.shader using Guid(70dfba66f280e934c8c88c7dc10f5abc) Importer(815301076,1909f56bfc062723c751e8b465ee728b)  -> (artifact id: 'a0d7fd86e35ea21410ecedb745cdd259') in 0.001323 seconds
Number of updated asset objects reloaded before import = 0
Number of asset objects unloaded after import = 1
========================================================================
Received Import Request.
  Time since last request: 12.440535 seconds.
  path: Assets/Shaders/Lit.shader
  artifactKey: Guid(70dfba66f280e934c8c88c7dc10f5abc) Importer(815301076,1909f56bfc062723c751e8b465ee728b)
Start importing Assets/Shaders/Lit.shader using Guid(70dfba66f280e934c8c88c7dc10f5abc) Importer(815301076,1909f56bfc062723c751e8b465ee728b)  -> (artifact id: 'f3256e7ec6b30d2d1782da169ea48908') in 0.000976 seconds
Number of updated asset objects reloaded before import = 0
Number of asset objects unloaded after import = 1
========================================================================
Received Import Request.
  Time since last request: 372.723673 seconds.
  path: Assets/Shaders/Lit.shader
  artifactKey: Guid(70dfba66f280e934c8c88c7dc10f5abc) Importer(815301076,1909f56bfc062723c751e8b465ee728b)
Start importing Assets/Shaders/Lit.shader using Guid(70dfba66f280e934c8c88c7dc10f5abc) Importer(815301076,1909f56bfc062723c751e8b465ee728b)  -> (artifact id: 'ee243d232924e30a08a25abb3bd6258f') in 0.001413 seconds
Number of updated asset objects reloaded before import = 0
Number of asset objects unloaded after import = 1
========================================================================
Received Import Request.
  Time since last request: 25.218853 seconds.
  path: Assets/CustomRP/ShaderLibrary/Common.hlsl
  artifactKey: Guid(6c4527e00f153614e827441359bbe434) Importer(815301076,1909f56bfc062723c751e8b465ee728b)
Start importing Assets/CustomRP/ShaderLibrary/Common.hlsl using Guid(6c4527e00f153614e827441359bbe434) Importer(815301076,1909f56bfc062723c751e8b465ee728b)  -> (artifact id: 'ad37b95f345efd6208d252de7813edc2') in 0.000938 seconds
Number of updated asset objects reloaded before import = 1
Number of asset objects unloaded after import = 1
========================================================================
Received Import Request.
  Time since last request: 27.825000 seconds.
  path: Assets/CustomRP/ShaderLibrary/UnityInput.hlsl
  artifactKey: Guid(473cb8e054782a245b4c92b18d5b6fde) Importer(815301076,1909f56bfc062723c751e8b465ee728b)
Start importing Assets/CustomRP/ShaderLibrary/UnityInput.hlsl using Guid(473cb8e054782a245b4c92b18d5b6fde) Importer(815301076,1909f56bfc062723c751e8b465ee728b)  -> (artifact id: 'cea58c196d876469d2565e0409187812') in 0.000744 seconds
Number of updated asset objects reloaded before import = 1
Number of asset objects unloaded after import = 1
========================================================================
Received Import Request.
  Time since last request: 222.430605 seconds.
  path: Assets/CustomRP/Example/MeshBall.cs
  artifactKey: Guid(fc01eea200c5e274aa4e209111b89950) Importer(815301076,1909f56bfc062723c751e8b465ee728b)
Start importing Assets/CustomRP/Example/MeshBall.cs using Guid(fc01eea200c5e274aa4e209111b89950) Importer(815301076,1909f56bfc062723c751e8b465ee728b)  -> (artifact id: 'fcb3b43de645cb5574451bea16944fc6') in 0.000763 seconds
Number of updated asset objects reloaded before import = 1
Number of asset objects unloaded after import = 0
========================================================================
Received Import Request.
  Time since last request: 23.267350 seconds.
  path: Assets/CustomRP/Example/MeshBall.cs
  artifactKey: Guid(fc01eea200c5e274aa4e209111b89950) Importer(815301076,1909f56bfc062723c751e8b465ee728b)
Start importing Assets/CustomRP/Example/MeshBall.cs using Guid(fc01eea200c5e274aa4e209111b89950) Importer(815301076,1909f56bfc062723c751e8b465ee728b)  -> (artifact id: 'e41f3e3e30e9a7fe4185a0487c26b541') in 0.000543 seconds
Number of updated asset objects reloaded before import = 0
Number of asset objects unloaded after import = 0
========================================================================
Received Prepare
Begin MonoManager ReloadAssembly
Symbol file LoadedFromMemory doesn't match image D:\UnityHub\Project\CustomRP\Library\PackageCache\com.unity.visualscripting@1.8.0\Editor\VisualScripting.Core\Dependencies\YamlDotNet\Unity.VisualScripting.YamlDotNet.dll
Symbol file LoadedFromMemory doesn't match image D:\UnityHub\Project\CustomRP\Library\PackageCache\com.unity.visualscripting@1.8.0\Editor\VisualScripting.Core\Dependencies\DotNetZip\Unity.VisualScripting.IonicZip.dll
- Loaded All Assemblies, in  0.406 seconds
Refreshing native plugins compatible for Editor in 0.87 ms, found 1 plugins.
Native extension for WindowsStandalone target not found
Mono: successfully reloaded assembly
- Finished resetting the current domain, in  0.462 seconds
Domain Reload Profiling: 868ms
	BeginReloadAssembly (100ms)
		ExecutionOrderSort (0ms)
		DisableScriptedObjects (3ms)
		BackupInstance (0ms)
		ReleaseScriptingObjects (0ms)
		CreateAndSetChildDomain (26ms)
	RebuildCommonClasses (23ms)
	RebuildNativeTypeToScriptingClass (12ms)
	initialDomainReloadingComplete (22ms)
	LoadAllAssembliesAndSetupDomain (249ms)
		LoadAssemblies (150ms)
		RebuildTransferFunctionScriptingTraits (0ms)
		AnalyzeDomain (144ms)
			TypeCache.Refresh (141ms)
				TypeCache.ScanAssembly (135ms)
			ScanForSourceGeneratedMonoScriptInfo (1ms)
			ResolveRequiredComponents (2ms)
	FinalizeReload (462ms)
		ReleaseScriptCaches (0ms)
		RebuildScriptCaches (0ms)
		SetupLoadedEditorAssemblies (200ms)
			LogAssemblyErrors (0ms)
			InitializePlatformSupportModulesInManaged (4ms)
			SetLoadedEditorAssemblies (3ms)
			RefreshPlugins (0ms)
			BeforeProcessingInitializeOnLoad (38ms)
			ProcessInitializeOnLoadAttributes (107ms)
			ProcessInitializeOnLoadMethodAttributes (47ms)
			AfterProcessingInitializeOnLoad (2ms)
			EditorAssembliesLoaded (0ms)
		ExecutionOrderSort2 (0ms)
		AwakeInstancesAfterBackupRestoration (6ms)
Refreshing native plugins compatible for Editor in 0.76 ms, found 1 plugins.
Preloading 0 native plugins for Editor in 0.00 ms.
Unloading 2840 Unused Serialized files (Serialized files now loaded: 0)
Unloading 20 unused Assets / (340.1 KB). Loaded Objects now: 3402.
Memory consumption went from 111.5 MB to 111.2 MB.
Total: 2.443800 ms (FindLiveObjects: 0.165700 ms CreateObjectMapping: 0.072400 ms MarkObjects: 2.097400 ms  DeleteObjects: 0.107700 ms)

Prepare: number of updated asset objects reloaded= 0
AssetImportParameters requested are different than current active one (requested -> active):
  custom:video-decoder-webm-vp8: 9c59270c3fd7afecdb556c50c9e8de78 -> 
  custom:container-demuxer-ogg: 62fdf1f143b41e24485cea50d1cbac27 -> 
  custom:AudioImporter_EditorPlatform: d09bf68614088b80899f8185d706f6e7 -> 
  custom:video-codec-MediaFoundation-h265: 746d11721c4dcdbdad8f713fa42b33f4 -> 
  custom:video-decoder-ogg-theora: a1e56fd34408186e4bbccfd4996cb3dc -> 
  custom:framework-win-MediaFoundation: 216162199b28c13a410421893ffa2e32 -> 
  custom:video-encoder-webm-vp8: eb34c28f22e8b96e1ab97ce403110664 -> 
  custom:audio-decoder-ogg-vorbis: bf7c407c2cedff20999df2af8eb42d56 -> 
  custom:CustomObjectIndexerAttribute: 756ad292c208cfabdd7b50bc23989ffe -> 
  custom:container-demuxer-webm: 4f35f7cbe854078d1ac9338744f61a02 -> 
  custom:audio-encoder-webm-vorbis: bf7c407c2cedff20999df2af8eb42d56 -> 
  custom:container-muxer-webm: aa71ff27fc2769a1b78a27578f13a17b -> 
========================================================================
Received Import Request.
  Time since last request: 10.436735 seconds.
  path: Assets/CustomRP/Example/MeshBall.cs
  artifactKey: Guid(fc01eea200c5e274aa4e209111b89950) Importer(815301076,1909f56bfc062723c751e8b465ee728b)
Start importing Assets/CustomRP/Example/MeshBall.cs using Guid(fc01eea200c5e274aa4e209111b89950) Importer(815301076,1909f56bfc062723c751e8b465ee728b)  -> (artifact id: '88998665cc9ff58060b2f43ed43dd9b6') in 0.001944 seconds
Number of updated asset objects reloaded before import = 0
Number of asset objects unloaded after import = 0
========================================================================
Received Prepare
Begin MonoManager ReloadAssembly
Symbol file LoadedFromMemory doesn't match image D:\UnityHub\Project\CustomRP\Library\PackageCache\com.unity.visualscripting@1.8.0\Editor\VisualScripting.Core\Dependencies\YamlDotNet\Unity.VisualScripting.YamlDotNet.dll
Symbol file LoadedFromMemory doesn't match image D:\UnityHub\Project\CustomRP\Library\PackageCache\com.unity.visualscripting@1.8.0\Editor\VisualScripting.Core\Dependencies\DotNetZip\Unity.VisualScripting.IonicZip.dll
- Loaded All Assemblies, in  0.402 seconds
Refreshing native plugins compatible for Editor in 0.87 ms, found 1 plugins.
Native extension for WindowsStandalone target not found
Mono: successfully reloaded assembly
- Finished resetting the current domain, in  0.473 seconds
Domain Reload Profiling: 874ms
	BeginReloadAssembly (95ms)
		ExecutionOrderSort (0ms)
		DisableScriptedObjects (3ms)
		BackupInstance (0ms)
		ReleaseScriptingObjects (0ms)
		CreateAndSetChildDomain (23ms)
	RebuildCommonClasses (22ms)
	RebuildNativeTypeToScriptingClass (9ms)
	initialDomainReloadingComplete (18ms)
	LoadAllAssembliesAndSetupDomain (257ms)
		LoadAssemblies (153ms)
		RebuildTransferFunctionScriptingTraits (0ms)
		AnalyzeDomain (148ms)
			TypeCache.Refresh (144ms)
				TypeCache.ScanAssembly (138ms)
			ScanForSourceGeneratedMonoScriptInfo (2ms)
			ResolveRequiredComponents (3ms)
	FinalizeReload (473ms)
		ReleaseScriptCaches (0ms)
		RebuildScriptCaches (0ms)
		SetupLoadedEditorAssemblies (202ms)
			LogAssemblyErrors (0ms)
			InitializePlatformSupportModulesInManaged (4ms)
			SetLoadedEditorAssemblies (3ms)
			RefreshPlugins (0ms)
			BeforeProcessingInitializeOnLoad (37ms)
			ProcessInitializeOnLoadAttributes (109ms)
			ProcessInitializeOnLoadMethodAttributes (47ms)
			AfterProcessingInitializeOnLoad (1ms)
			EditorAssembliesLoaded (0ms)
		ExecutionOrderSort2 (0ms)
		AwakeInstancesAfterBackupRestoration (6ms)
Refreshing native plugins compatible for Editor in 1.24 ms, found 1 plugins.
Preloading 0 native plugins for Editor in 0.00 ms.
Unloading 2840 Unused Serialized files (Serialized files now loaded: 0)
Unloading 20 unused Assets / (339.4 KB). Loaded Objects now: 3405.
Memory consumption went from 111.5 MB to 111.2 MB.
Total: 2.449700 ms (FindLiveObjects: 0.453300 ms CreateObjectMapping: 0.102600 ms MarkObjects: 1.786800 ms  DeleteObjects: 0.106100 ms)

Prepare: number of updated asset objects reloaded= 0
AssetImportParameters requested are different than current active one (requested -> active):
  custom:video-decoder-webm-vp8: 9c59270c3fd7afecdb556c50c9e8de78 -> 
  custom:container-demuxer-ogg: 62fdf1f143b41e24485cea50d1cbac27 -> 
  custom:AudioImporter_EditorPlatform: d09bf68614088b80899f8185d706f6e7 -> 
  custom:video-codec-MediaFoundation-h265: 746d11721c4dcdbdad8f713fa42b33f4 -> 
  custom:video-decoder-ogg-theora: a1e56fd34408186e4bbccfd4996cb3dc -> 
  custom:framework-win-MediaFoundation: 216162199b28c13a410421893ffa2e32 -> 
  custom:video-encoder-webm-vp8: eb34c28f22e8b96e1ab97ce403110664 -> 
  custom:audio-decoder-ogg-vorbis: bf7c407c2cedff20999df2af8eb42d56 -> 
  custom:CustomObjectIndexerAttribute: 756ad292c208cfabdd7b50bc23989ffe -> 
  custom:container-demuxer-webm: 4f35f7cbe854078d1ac9338744f61a02 -> 
  custom:audio-encoder-webm-vorbis: bf7c407c2cedff20999df2af8eb42d56 -> 
  custom:container-muxer-webm: aa71ff27fc2769a1b78a27578f13a17b -> 
========================================================================
Received Import Request.
  Time since last request: 30.941844 seconds.
  path: Assets/CustomRP/Example/MeshBall.cs
  artifactKey: Guid(fc01eea200c5e274aa4e209111b89950) Importer(815301076,1909f56bfc062723c751e8b465ee728b)
Start importing Assets/CustomRP/Example/MeshBall.cs using Guid(fc01eea200c5e274aa4e209111b89950) Importer(815301076,1909f56bfc062723c751e8b465ee728b)  -> (artifact id: 'ef21e1d05e96ea7b65478ccac1e084c8') in 0.002395 seconds
Number of updated asset objects reloaded before import = 0
Number of asset objects unloaded after import = 0
========================================================================
Received Prepare
Begin MonoManager ReloadAssembly
Symbol file LoadedFromMemory doesn't match image D:\UnityHub\Project\CustomRP\Library\PackageCache\com.unity.visualscripting@1.8.0\Editor\VisualScripting.Core\Dependencies\YamlDotNet\Unity.VisualScripting.YamlDotNet.dll
Symbol file LoadedFromMemory doesn't match image D:\UnityHub\Project\CustomRP\Library\PackageCache\com.unity.visualscripting@1.8.0\Editor\VisualScripting.Core\Dependencies\DotNetZip\Unity.VisualScripting.IonicZip.dll
- Loaded All Assemblies, in  0.423 seconds
Refreshing native plugins compatible for Editor in 0.99 ms, found 1 plugins.
Native extension for WindowsStandalone target not found
Mono: successfully reloaded assembly
- Finished resetting the current domain, in  0.459 seconds
Domain Reload Profiling: 883ms
	BeginReloadAssembly (112ms)
		ExecutionOrderSort (0ms)
		DisableScriptedObjects (4ms)
		BackupInstance (0ms)
		ReleaseScriptingObjects (0ms)
		CreateAndSetChildDomain (26ms)
	RebuildCommonClasses (23ms)
	RebuildNativeTypeToScriptingClass (7ms)
	initialDomainReloadingComplete (20ms)
	LoadAllAssembliesAndSetupDomain (262ms)
		LoadAssemblies (159ms)
		RebuildTransferFunctionScriptingTraits (0ms)
		AnalyzeDomain (155ms)
			TypeCache.Refresh (150ms)
				TypeCache.ScanAssembly (143ms)
			ScanForSourceGeneratedMonoScriptInfo (1ms)
			ResolveRequiredComponents (3ms)
	FinalizeReload (459ms)
		ReleaseScriptCaches (0ms)
		RebuildScriptCaches (0ms)
		SetupLoadedEditorAssemblies (196ms)
			LogAssemblyErrors (0ms)
			InitializePlatformSupportModulesInManaged (3ms)
			SetLoadedEditorAssemblies (3ms)
			RefreshPlugins (0ms)
			BeforeProcessingInitializeOnLoad (38ms)
			ProcessInitializeOnLoadAttributes (102ms)
			ProcessInitializeOnLoadMethodAttributes (47ms)
			AfterProcessingInitializeOnLoad (2ms)
			EditorAssembliesLoaded (0ms)
		ExecutionOrderSort2 (0ms)
		AwakeInstancesAfterBackupRestoration (6ms)
Refreshing native plugins compatible for Editor in 0.99 ms, found 1 plugins.
Preloading 0 native plugins for Editor in 0.00 ms.
Unloading 2840 Unused Serialized files (Serialized files now loaded: 0)
Unloading 20 unused Assets / (340.0 KB). Loaded Objects now: 3408.
Memory consumption went from 111.5 MB to 111.2 MB.
Total: 2.818400 ms (FindLiveObjects: 0.204800 ms CreateObjectMapping: 0.114400 ms MarkObjects: 2.335400 ms  DeleteObjects: 0.162600 ms)

Prepare: number of updated asset objects reloaded= 0
AssetImportParameters requested are different than current active one (requested -> active):
  custom:video-decoder-webm-vp8: 9c59270c3fd7afecdb556c50c9e8de78 -> 
  custom:container-demuxer-ogg: 62fdf1f143b41e24485cea50d1cbac27 -> 
  custom:AudioImporter_EditorPlatform: d09bf68614088b80899f8185d706f6e7 -> 
  custom:video-codec-MediaFoundation-h265: 746d11721c4dcdbdad8f713fa42b33f4 -> 
  custom:video-decoder-ogg-theora: a1e56fd34408186e4bbccfd4996cb3dc -> 
  custom:framework-win-MediaFoundation: 216162199b28c13a410421893ffa2e32 -> 
  custom:video-encoder-webm-vp8: eb34c28f22e8b96e1ab97ce403110664 -> 
  custom:audio-decoder-ogg-vorbis: bf7c407c2cedff20999df2af8eb42d56 -> 
  custom:CustomObjectIndexerAttribute: 756ad292c208cfabdd7b50bc23989ffe -> 
  custom:container-demuxer-webm: 4f35f7cbe854078d1ac9338744f61a02 -> 
  custom:audio-encoder-webm-vorbis: bf7c407c2cedff20999df2af8eb42d56 -> 
  custom:container-muxer-webm: aa71ff27fc2769a1b78a27578f13a17b -> 
========================================================================
Received Import Request.
  Time since last request: 18.147901 seconds.
  path: Assets/CustomRP/Example/MeshBall.cs
  artifactKey: Guid(fc01eea200c5e274aa4e209111b89950) Importer(815301076,1909f56bfc062723c751e8b465ee728b)
Start importing Assets/CustomRP/Example/MeshBall.cs using Guid(fc01eea200c5e274aa4e209111b89950) Importer(815301076,1909f56bfc062723c751e8b465ee728b)  -> (artifact id: 'a1e8c199e6150aefe9a9a0f66f94f215') in 0.002400 seconds
Number of updated asset objects reloaded before import = 0
Number of asset objects unloaded after import = 0
========================================================================
Received Prepare
Begin MonoManager ReloadAssembly
Symbol file LoadedFromMemory doesn't match image D:\UnityHub\Project\CustomRP\Library\PackageCache\com.unity.visualscripting@1.8.0\Editor\VisualScripting.Core\Dependencies\YamlDotNet\Unity.VisualScripting.YamlDotNet.dll
Symbol file LoadedFromMemory doesn't match image D:\UnityHub\Project\CustomRP\Library\PackageCache\com.unity.visualscripting@1.8.0\Editor\VisualScripting.Core\Dependencies\DotNetZip\Unity.VisualScripting.IonicZip.dll
- Loaded All Assemblies, in  0.395 seconds
Refreshing native plugins compatible for Editor in 0.80 ms, found 1 plugins.
Native extension for WindowsStandalone target not found
Mono: successfully reloaded assembly
- Finished resetting the current domain, in  0.463 seconds
Domain Reload Profiling: 858ms
	BeginReloadAssembly (95ms)
		ExecutionOrderSort (0ms)
		DisableScriptedObjects (3ms)
		BackupInstance (0ms)
		ReleaseScriptingObjects (0ms)
		CreateAndSetChildDomain (22ms)
	RebuildCommonClasses (26ms)
	RebuildNativeTypeToScriptingClass (9ms)
	initialDomainReloadingComplete (18ms)
	LoadAllAssembliesAndSetupDomain (246ms)
		LoadAssemblies (140ms)
		RebuildTransferFunctionScriptingTraits (0ms)
		AnalyzeDomain (151ms)
			TypeCache.Refresh (147ms)
				TypeCache.ScanAssembly (142ms)
			ScanForSourceGeneratedMonoScriptInfo (1ms)
			ResolveRequiredComponents (2ms)
	FinalizeReload (464ms)
		ReleaseScriptCaches (0ms)
		RebuildScriptCaches (0ms)
		SetupLoadedEditorAssemblies (213ms)
			LogAssemblyErrors (0ms)
			InitializePlatformSupportModulesInManaged (3ms)
			SetLoadedEditorAssemblies (3ms)
			RefreshPlugins (0ms)
			BeforeProcessingInitializeOnLoad (37ms)
			ProcessInitializeOnLoadAttributes (116ms)
			ProcessInitializeOnLoadMethodAttributes (51ms)
			AfterProcessingInitializeOnLoad (2ms)
			EditorAssembliesLoaded (0ms)
		ExecutionOrderSort2 (0ms)
		AwakeInstancesAfterBackupRestoration (7ms)
Refreshing native plugins compatible for Editor in 0.83 ms, found 1 plugins.
Preloading 0 native plugins for Editor in 0.00 ms.
Unloading 2840 Unused Serialized files (Serialized files now loaded: 0)
Unloading 20 unused Assets / (340.0 KB). Loaded Objects now: 3411.
Memory consumption went from 111.5 MB to 111.2 MB.
Total: 3.307700 ms (FindLiveObjects: 0.473900 ms CreateObjectMapping: 0.107000 ms MarkObjects: 2.576200 ms  DeleteObjects: 0.149400 ms)

Prepare: number of updated asset objects reloaded= 0
AssetImportParameters requested are different than current active one (requested -> active):
  custom:video-decoder-webm-vp8: 9c59270c3fd7afecdb556c50c9e8de78 -> 
  custom:container-demuxer-ogg: 62fdf1f143b41e24485cea50d1cbac27 -> 
  custom:AudioImporter_EditorPlatform: d09bf68614088b80899f8185d706f6e7 -> 
  custom:video-codec-MediaFoundation-h265: 746d11721c4dcdbdad8f713fa42b33f4 -> 
  custom:video-decoder-ogg-theora: a1e56fd34408186e4bbccfd4996cb3dc -> 
  custom:framework-win-MediaFoundation: 216162199b28c13a410421893ffa2e32 -> 
  custom:video-encoder-webm-vp8: eb34c28f22e8b96e1ab97ce403110664 -> 
  custom:audio-decoder-ogg-vorbis: bf7c407c2cedff20999df2af8eb42d56 -> 
  custom:CustomObjectIndexerAttribute: 756ad292c208cfabdd7b50bc23989ffe -> 
  custom:container-demuxer-webm: 4f35f7cbe854078d1ac9338744f61a02 -> 
  custom:audio-encoder-webm-vorbis: bf7c407c2cedff20999df2af8eb42d56 -> 
  custom:container-muxer-webm: aa71ff27fc2769a1b78a27578f13a17b -> 
========================================================================
Received Prepare
Begin MonoManager ReloadAssembly
Symbol file LoadedFromMemory doesn't match image D:\UnityHub\Project\CustomRP\Library\PackageCache\com.unity.visualscripting@1.8.0\Editor\VisualScripting.Core\Dependencies\YamlDotNet\Unity.VisualScripting.YamlDotNet.dll
Symbol file LoadedFromMemory doesn't match image D:\UnityHub\Project\CustomRP\Library\PackageCache\com.unity.visualscripting@1.8.0\Editor\VisualScripting.Core\Dependencies\DotNetZip\Unity.VisualScripting.IonicZip.dll
- Loaded All Assemblies, in  0.366 seconds
Refreshing native plugins compatible for Editor in 0.90 ms, found 1 plugins.
Native extension for WindowsStandalone target not found
Mono: successfully reloaded assembly
- Finished resetting the current domain, in  0.434 seconds
Domain Reload Profiling: 800ms
	BeginReloadAssembly (89ms)
		ExecutionOrderSort (0ms)
		DisableScriptedObjects (3ms)
		BackupInstance (0ms)
		ReleaseScriptingObjects (0ms)
		CreateAndSetChildDomain (20ms)
	RebuildCommonClasses (23ms)
	RebuildNativeTypeToScriptingClass (7ms)
	initialDomainReloadingComplete (16ms)
	LoadAllAssembliesAndSetupDomain (230ms)
		LoadAssemblies (129ms)
		RebuildTransferFunctionScriptingTraits (0ms)
		AnalyzeDomain (143ms)
			TypeCache.Refresh (139ms)
				TypeCache.ScanAssembly (134ms)
			ScanForSourceGeneratedMonoScriptInfo (0ms)
			ResolveRequiredComponents (4ms)
	FinalizeReload (434ms)
		ReleaseScriptCaches (0ms)
		RebuildScriptCaches (0ms)
		SetupLoadedEditorAssemblies (213ms)
			LogAssemblyErrors (0ms)
			InitializePlatformSupportModulesInManaged (3ms)
			SetLoadedEditorAssemblies (3ms)
			RefreshPlugins (0ms)
			BeforeProcessingInitializeOnLoad (35ms)
			ProcessInitializeOnLoadAttributes (113ms)
			ProcessInitializeOnLoadMethodAttributes (57ms)
			AfterProcessingInitializeOnLoad (2ms)
			EditorAssembliesLoaded (0ms)
		ExecutionOrderSort2 (0ms)
		AwakeInstancesAfterBackupRestoration (8ms)
Refreshing native plugins compatible for Editor in 1.23 ms, found 1 plugins.
Preloading 0 native plugins for Editor in 0.00 ms.
Unloading 2841 Unused Serialized files (Serialized files now loaded: 0)
Unloading 20 unused Assets / (340.1 KB). Loaded Objects now: 3414.
Memory consumption went from 111.8 MB to 111.4 MB.
Total: 2.256300 ms (FindLiveObjects: 0.240100 ms CreateObjectMapping: 0.080600 ms MarkObjects: 1.814800 ms  DeleteObjects: 0.119900 ms)

Prepare: number of updated asset objects reloaded= 0
AssetImportParameters requested are different than current active one (requested -> active):
  custom:video-decoder-webm-vp8: 9c59270c3fd7afecdb556c50c9e8de78 -> 
  custom:container-demuxer-ogg: 62fdf1f143b41e24485cea50d1cbac27 -> 
  custom:AudioImporter_EditorPlatform: d09bf68614088b80899f8185d706f6e7 -> 
  custom:video-codec-MediaFoundation-h265: 746d11721c4dcdbdad8f713fa42b33f4 -> 
  custom:video-decoder-ogg-theora: a1e56fd34408186e4bbccfd4996cb3dc -> 
  custom:framework-win-MediaFoundation: 216162199b28c13a410421893ffa2e32 -> 
  custom:video-encoder-webm-vp8: eb34c28f22e8b96e1ab97ce403110664 -> 
  custom:audio-decoder-ogg-vorbis: bf7c407c2cedff20999df2af8eb42d56 -> 
  custom:CustomObjectIndexerAttribute: 756ad292c208cfabdd7b50bc23989ffe -> 
  custom:container-demuxer-webm: 4f35f7cbe854078d1ac9338744f61a02 -> 
  custom:audio-encoder-webm-vorbis: bf7c407c2cedff20999df2af8eb42d56 -> 
  custom:container-muxer-webm: aa71ff27fc2769a1b78a27578f13a17b -> 
========================================================================
Received Prepare
Begin MonoManager ReloadAssembly
Symbol file LoadedFromMemory doesn't match image D:\UnityHub\Project\CustomRP\Library\PackageCache\com.unity.visualscripting@1.8.0\Editor\VisualScripting.Core\Dependencies\YamlDotNet\Unity.VisualScripting.YamlDotNet.dll
Symbol file LoadedFromMemory doesn't match image D:\UnityHub\Project\CustomRP\Library\PackageCache\com.unity.visualscripting@1.8.0\Editor\VisualScripting.Core\Dependencies\DotNetZip\Unity.VisualScripting.IonicZip.dll
- Loaded All Assemblies, in  0.378 seconds
Refreshing native plugins compatible for Editor in 1.11 ms, found 1 plugins.
Native extension for WindowsStandalone target not found
Mono: successfully reloaded assembly
- Finished resetting the current domain, in  0.446 seconds
Domain Reload Profiling: 824ms
	BeginReloadAssembly (93ms)
		ExecutionOrderSort (0ms)
		DisableScriptedObjects (3ms)
		BackupInstance (0ms)
		ReleaseScriptingObjects (0ms)
		CreateAndSetChildDomain (20ms)
	RebuildCommonClasses (21ms)
	RebuildNativeTypeToScriptingClass (7ms)
	initialDomainReloadingComplete (16ms)
	LoadAllAssembliesAndSetupDomain (240ms)
		LoadAssemblies (135ms)
		RebuildTransferFunctionScriptingTraits (0ms)
		AnalyzeDomain (150ms)
			TypeCache.Refresh (147ms)
				TypeCache.ScanAssembly (141ms)
			ScanForSourceGeneratedMonoScriptInfo (0ms)
			ResolveRequiredComponents (3ms)
	FinalizeReload (446ms)
		ReleaseScriptCaches (0ms)
		RebuildScriptCaches (0ms)
		SetupLoadedEditorAssemblies (208ms)
			LogAssemblyErrors (0ms)
			InitializePlatformSupportModulesInManaged (4ms)
			SetLoadedEditorAssemblies (3ms)
			RefreshPlugins (0ms)
			BeforeProcessingInitializeOnLoad (35ms)
			ProcessInitializeOnLoadAttributes (114ms)
			ProcessInitializeOnLoadMethodAttributes (50ms)
			AfterProcessingInitializeOnLoad (2ms)
			EditorAssembliesLoaded (0ms)
		ExecutionOrderSort2 (0ms)
		AwakeInstancesAfterBackupRestoration (8ms)
Refreshing native plugins compatible for Editor in 1.32 ms, found 1 plugins.
Preloading 0 native plugins for Editor in 0.00 ms.
Unloading 2841 Unused Serialized files (Serialized files now loaded: 0)
Unloading 20 unused Assets / (340.0 KB). Loaded Objects now: 3417.
Memory consumption went from 111.8 MB to 111.4 MB.
Total: 2.257000 ms (FindLiveObjects: 0.171200 ms CreateObjectMapping: 0.066900 ms MarkObjects: 1.906200 ms  DeleteObjects: 0.111700 ms)

Prepare: number of updated asset objects reloaded= 0
AssetImportParameters requested are different than current active one (requested -> active):
  custom:video-decoder-webm-vp8: 9c59270c3fd7afecdb556c50c9e8de78 -> 
  custom:container-demuxer-ogg: 62fdf1f143b41e24485cea50d1cbac27 -> 
  custom:AudioImporter_EditorPlatform: d09bf68614088b80899f8185d706f6e7 -> 
  custom:video-codec-MediaFoundation-h265: 746d11721c4dcdbdad8f713fa42b33f4 -> 
  custom:video-decoder-ogg-theora: a1e56fd34408186e4bbccfd4996cb3dc -> 
  custom:framework-win-MediaFoundation: 216162199b28c13a410421893ffa2e32 -> 
  custom:video-encoder-webm-vp8: eb34c28f22e8b96e1ab97ce403110664 -> 
  custom:audio-decoder-ogg-vorbis: bf7c407c2cedff20999df2af8eb42d56 -> 
  custom:CustomObjectIndexerAttribute: 756ad292c208cfabdd7b50bc23989ffe -> 
  custom:container-demuxer-webm: 4f35f7cbe854078d1ac9338744f61a02 -> 
  custom:audio-encoder-webm-vorbis: bf7c407c2cedff20999df2af8eb42d56 -> 
  custom:container-muxer-webm: aa71ff27fc2769a1b78a27578f13a17b -> 
========================================================================
Received Prepare
Begin MonoManager ReloadAssembly
Symbol file LoadedFromMemory doesn't match image D:\UnityHub\Project\CustomRP\Library\PackageCache\com.unity.visualscripting@1.8.0\Editor\VisualScripting.Core\Dependencies\YamlDotNet\Unity.VisualScripting.YamlDotNet.dll
Symbol file LoadedFromMemory doesn't match image D:\UnityHub\Project\CustomRP\Library\PackageCache\com.unity.visualscripting@1.8.0\Editor\VisualScripting.Core\Dependencies\DotNetZip\Unity.VisualScripting.IonicZip.dll
- Loaded All Assemblies, in  0.384 seconds
Refreshing native plugins compatible for Editor in 0.84 ms, found 1 plugins.
Native extension for WindowsStandalone target not found
Mono: successfully reloaded assembly
- Finished resetting the current domain, in  0.439 seconds
Domain Reload Profiling: 823ms
	BeginReloadAssembly (93ms)
		ExecutionOrderSort (0ms)
		DisableScriptedObjects (3ms)
		BackupInstance (0ms)
		ReleaseScriptingObjects (0ms)
		CreateAndSetChildDomain (22ms)
	RebuildCommonClasses (21ms)
	RebuildNativeTypeToScriptingClass (7ms)
	initialDomainReloadingComplete (17ms)
	LoadAllAssembliesAndSetupDomain (246ms)
		LoadAssemblies (135ms)
		RebuildTransferFunctionScriptingTraits (0ms)
		AnalyzeDomain (154ms)
			TypeCache.Refresh (151ms)
				TypeCache.ScanAssembly (145ms)
			ScanForSourceGeneratedMonoScriptInfo (0ms)
			ResolveRequiredComponents (3ms)
	FinalizeReload (439ms)
		ReleaseScriptCaches (0ms)
		RebuildScriptCaches (0ms)
		SetupLoadedEditorAssemblies (208ms)
			LogAssemblyErrors (0ms)
			InitializePlatformSupportModulesInManaged (4ms)
			SetLoadedEditorAssemblies (3ms)
			RefreshPlugins (0ms)
			BeforeProcessingInitializeOnLoad (34ms)
			ProcessInitializeOnLoadAttributes (111ms)
			ProcessInitializeOnLoadMethodAttributes (55ms)
			AfterProcessingInitializeOnLoad (2ms)
			EditorAssembliesLoaded (0ms)
		ExecutionOrderSort2 (0ms)
		AwakeInstancesAfterBackupRestoration (6ms)
Refreshing native plugins compatible for Editor in 0.80 ms, found 1 plugins.
Preloading 0 native plugins for Editor in 0.00 ms.
Unloading 2841 Unused Serialized files (Serialized files now loaded: 0)
Unloading 20 unused Assets / (339.9 KB). Loaded Objects now: 3420.
Memory consumption went from 111.8 MB to 111.4 MB.
Total: 2.205600 ms (FindLiveObjects: 0.200300 ms CreateObjectMapping: 0.066300 ms MarkObjects: 1.835500 ms  DeleteObjects: 0.102700 ms)

Prepare: number of updated asset objects reloaded= 0
AssetImportParameters requested are different than current active one (requested -> active):
  custom:video-decoder-webm-vp8: 9c59270c3fd7afecdb556c50c9e8de78 -> 
  custom:container-demuxer-ogg: 62fdf1f143b41e24485cea50d1cbac27 -> 
  custom:AudioImporter_EditorPlatform: d09bf68614088b80899f8185d706f6e7 -> 
  custom:video-codec-MediaFoundation-h265: 746d11721c4dcdbdad8f713fa42b33f4 -> 
  custom:video-decoder-ogg-theora: a1e56fd34408186e4bbccfd4996cb3dc -> 
  custom:framework-win-MediaFoundation: 216162199b28c13a410421893ffa2e32 -> 
  custom:video-encoder-webm-vp8: eb34c28f22e8b96e1ab97ce403110664 -> 
  custom:audio-decoder-ogg-vorbis: bf7c407c2cedff20999df2af8eb42d56 -> 
  custom:CustomObjectIndexerAttribute: 756ad292c208cfabdd7b50bc23989ffe -> 
  custom:container-demuxer-webm: 4f35f7cbe854078d1ac9338744f61a02 -> 
  custom:audio-encoder-webm-vorbis: bf7c407c2cedff20999df2af8eb42d56 -> 
  custom:container-muxer-webm: aa71ff27fc2769a1b78a27578f13a17b -> 
========================================================================
Received Import Request.
  Time since last request: 487.797036 seconds.
  path: Assets/CustomRP/Editor
  artifactKey: Guid(5b1547192debf2a4c8047a06ef16da65) Importer(815301076,1909f56bfc062723c751e8b465ee728b)
Start importing Assets/CustomRP/Editor using Guid(5b1547192debf2a4c8047a06ef16da65) Importer(815301076,1909f56bfc062723c751e8b465ee728b)  -> (artifact id: '23aac365351ed22731a07f6abc66272b') in 0.005036 seconds
Number of updated asset objects reloaded before import = 0
Number of asset objects unloaded after import = 0
========================================================================
Received Import Request.
  Time since last request: 16.475332 seconds.
  path: Assets/CustomRP/Editor/CustomShaderGUI.cs
  artifactKey: Guid(7df8b69e4dfc0da419c01698c332c598) Importer(815301076,1909f56bfc062723c751e8b465ee728b)
Start importing Assets/CustomRP/Editor/CustomShaderGUI.cs using Guid(7df8b69e4dfc0da419c01698c332c598) Importer(815301076,1909f56bfc062723c751e8b465ee728b)  -> (artifact id: '445fcea3831b6cba81003a287588a2f5') in 0.000633 seconds
Number of updated asset objects reloaded before import = 0
Number of asset objects unloaded after import = 0
========================================================================
Received Prepare
Begin MonoManager ReloadAssembly
Symbol file LoadedFromMemory doesn't match image D:\UnityHub\Project\CustomRP\Library\PackageCache\com.unity.visualscripting@1.8.0\Editor\VisualScripting.Core\Dependencies\YamlDotNet\Unity.VisualScripting.YamlDotNet.dll
Symbol file LoadedFromMemory doesn't match image D:\UnityHub\Project\CustomRP\Library\PackageCache\com.unity.visualscripting@1.8.0\Editor\VisualScripting.Core\Dependencies\DotNetZip\Unity.VisualScripting.IonicZip.dll
- Loaded All Assemblies, in  0.449 seconds
Refreshing native plugins compatible for Editor in 0.97 ms, found 1 plugins.
Native extension for WindowsStandalone target not found
Mono: successfully reloaded assembly
- Finished resetting the current domain, in  0.618 seconds
Domain Reload Profiling: 1067ms
	BeginReloadAssembly (109ms)
		ExecutionOrderSort (0ms)
		DisableScriptedObjects (3ms)
		BackupInstance (0ms)
		ReleaseScriptingObjects (0ms)
		CreateAndSetChildDomain (26ms)
	RebuildCommonClasses (24ms)
	RebuildNativeTypeToScriptingClass (7ms)
	initialDomainReloadingComplete (18ms)
	LoadAllAssembliesAndSetupDomain (290ms)
		LoadAssemblies (154ms)
		RebuildTransferFunctionScriptingTraits (0ms)
		AnalyzeDomain (185ms)
			TypeCache.Refresh (180ms)
				TypeCache.ScanAssembly (173ms)
			ScanForSourceGeneratedMonoScriptInfo (2ms)
			ResolveRequiredComponents (3ms)
	FinalizeReload (619ms)
		ReleaseScriptCaches (0ms)
		RebuildScriptCaches (0ms)
		SetupLoadedEditorAssemblies (295ms)
			LogAssemblyErrors (0ms)
			InitializePlatformSupportModulesInManaged (9ms)
			SetLoadedEditorAssemblies (5ms)
			RefreshPlugins (0ms)
			BeforeProcessingInitializeOnLoad (51ms)
			ProcessInitializeOnLoadAttributes (153ms)
			ProcessInitializeOnLoadMethodAttributes (74ms)
			AfterProcessingInitializeOnLoad (2ms)
			EditorAssembliesLoaded (0ms)
		ExecutionOrderSort2 (0ms)
		AwakeInstancesAfterBackupRestoration (10ms)
Refreshing native plugins compatible for Editor in 1.90 ms, found 1 plugins.
Preloading 0 native plugins for Editor in 0.00 ms.
Unloading 2841 Unused Serialized files (Serialized files now loaded: 0)
Unloading 20 unused Assets / (340.7 KB). Loaded Objects now: 3424.
Memory consumption went from 111.5 MB to 111.2 MB.
Total: 3.388900 ms (FindLiveObjects: 0.196800 ms CreateObjectMapping: 0.080900 ms MarkObjects: 2.876500 ms  DeleteObjects: 0.233500 ms)

Prepare: number of updated asset objects reloaded= 0
AssetImportParameters requested are different than current active one (requested -> active):
  custom:video-decoder-webm-vp8: 9c59270c3fd7afecdb556c50c9e8de78 -> 
  custom:container-demuxer-ogg: 62fdf1f143b41e24485cea50d1cbac27 -> 
  custom:AudioImporter_EditorPlatform: d09bf68614088b80899f8185d706f6e7 -> 
  custom:video-codec-MediaFoundation-h265: 746d11721c4dcdbdad8f713fa42b33f4 -> 
  custom:video-decoder-ogg-theora: a1e56fd34408186e4bbccfd4996cb3dc -> 
  custom:framework-win-MediaFoundation: 216162199b28c13a410421893ffa2e32 -> 
  custom:video-encoder-webm-vp8: eb34c28f22e8b96e1ab97ce403110664 -> 
  custom:audio-decoder-ogg-vorbis: bf7c407c2cedff20999df2af8eb42d56 -> 
  custom:CustomObjectIndexerAttribute: 756ad292c208cfabdd7b50bc23989ffe -> 
  custom:container-demuxer-webm: 4f35f7cbe854078d1ac9338744f61a02 -> 
  custom:audio-encoder-webm-vorbis: bf7c407c2cedff20999df2af8eb42d56 -> 
  custom:container-muxer-webm: aa71ff27fc2769a1b78a27578f13a17b -> 
========================================================================
Received Import Request.
  Time since last request: 6.686289 seconds.
  path: Assets/CustomRP/Editor/CustomShaderGUI.cs
  artifactKey: Guid(7df8b69e4dfc0da419c01698c332c598) Importer(815301076,1909f56bfc062723c751e8b465ee728b)
Start importing Assets/CustomRP/Editor/CustomShaderGUI.cs using Guid(7df8b69e4dfc0da419c01698c332c598) Importer(815301076,1909f56bfc062723c751e8b465ee728b)  -> (artifact id: 'b466cfcdefde567e2c058523bdbfd15a') in 0.003160 seconds
Number of updated asset objects reloaded before import = 0
Number of asset objects unloaded after import = 0
========================================================================
Received Import Request.
  Time since last request: 296.021066 seconds.
  path: Assets/CustomRP/Editor/CustomShaderGUI.cs
  artifactKey: Guid(7df8b69e4dfc0da419c01698c332c598) Importer(815301076,1909f56bfc062723c751e8b465ee728b)
Start importing Assets/CustomRP/Editor/CustomShaderGUI.cs using Guid(7df8b69e4dfc0da419c01698c332c598) Importer(815301076,1909f56bfc062723c751e8b465ee728b)  -> (artifact id: '3e3e69e14af7eca6223fff733b818f60') in 0.000743 seconds
Number of updated asset objects reloaded before import = 0
Number of asset objects unloaded after import = 0
========================================================================
Received Prepare
Begin MonoManager ReloadAssembly
Symbol file LoadedFromMemory doesn't match image D:\UnityHub\Project\CustomRP\Library\PackageCache\com.unity.visualscripting@1.8.0\Editor\VisualScripting.Core\Dependencies\YamlDotNet\Unity.VisualScripting.YamlDotNet.dll
Symbol file LoadedFromMemory doesn't match image D:\UnityHub\Project\CustomRP\Library\PackageCache\com.unity.visualscripting@1.8.0\Editor\VisualScripting.Core\Dependencies\DotNetZip\Unity.VisualScripting.IonicZip.dll
- Loaded All Assemblies, in  0.388 seconds
Refreshing native plugins compatible for Editor in 1.01 ms, found 1 plugins.
Native extension for WindowsStandalone target not found
Mono: successfully reloaded assembly
- Finished resetting the current domain, in  0.437 seconds
Domain Reload Profiling: 825ms
	BeginReloadAssembly (96ms)
		ExecutionOrderSort (0ms)
		DisableScriptedObjects (4ms)
		BackupInstance (0ms)
		ReleaseScriptingObjects (0ms)
		CreateAndSetChildDomain (22ms)
	RebuildCommonClasses (21ms)
	RebuildNativeTypeToScriptingClass (7ms)
	initialDomainReloadingComplete (17ms)
	LoadAllAssembliesAndSetupDomain (246ms)
		LoadAssemblies (142ms)
		RebuildTransferFunctionScriptingTraits (0ms)
		AnalyzeDomain (149ms)
			TypeCache.Refresh (145ms)
				TypeCache.ScanAssembly (140ms)
			ScanForSourceGeneratedMonoScriptInfo (1ms)
			ResolveRequiredComponents (2ms)
	FinalizeReload (438ms)
		ReleaseScriptCaches (0ms)
		RebuildScriptCaches (0ms)
		SetupLoadedEditorAssemblies (203ms)
			LogAssemblyErrors (0ms)
			InitializePlatformSupportModulesInManaged (4ms)
			SetLoadedEditorAssemblies (3ms)
			RefreshPlugins (0ms)
			BeforeProcessingInitializeOnLoad (37ms)
			ProcessInitializeOnLoadAttributes (105ms)
			ProcessInitializeOnLoadMethodAttributes (53ms)
			AfterProcessingInitializeOnLoad (2ms)
			EditorAssembliesLoaded (0ms)
		ExecutionOrderSort2 (0ms)
		AwakeInstancesAfterBackupRestoration (8ms)
Refreshing native plugins compatible for Editor in 1.69 ms, found 1 plugins.
Preloading 0 native plugins for Editor in 0.00 ms.
Unloading 2841 Unused Serialized files (Serialized files now loaded: 0)
Unloading 20 unused Assets / (340.2 KB). Loaded Objects now: 3427.
Memory consumption went from 111.5 MB to 111.2 MB.
Total: 2.706100 ms (FindLiveObjects: 0.213300 ms CreateObjectMapping: 0.083000 ms MarkObjects: 2.251100 ms  DeleteObjects: 0.157200 ms)

Prepare: number of updated asset objects reloaded= 0
AssetImportParameters requested are different than current active one (requested -> active):
  custom:video-decoder-webm-vp8: 9c59270c3fd7afecdb556c50c9e8de78 -> 
  custom:container-demuxer-ogg: 62fdf1f143b41e24485cea50d1cbac27 -> 
  custom:AudioImporter_EditorPlatform: d09bf68614088b80899f8185d706f6e7 -> 
  custom:video-codec-MediaFoundation-h265: 746d11721c4dcdbdad8f713fa42b33f4 -> 
  custom:video-decoder-ogg-theora: a1e56fd34408186e4bbccfd4996cb3dc -> 
  custom:framework-win-MediaFoundation: 216162199b28c13a410421893ffa2e32 -> 
  custom:video-encoder-webm-vp8: eb34c28f22e8b96e1ab97ce403110664 -> 
  custom:audio-decoder-ogg-vorbis: bf7c407c2cedff20999df2af8eb42d56 -> 
  custom:CustomObjectIndexerAttribute: 756ad292c208cfabdd7b50bc23989ffe -> 
  custom:container-demuxer-webm: 4f35f7cbe854078d1ac9338744f61a02 -> 
  custom:audio-encoder-webm-vorbis: bf7c407c2cedff20999df2af8eb42d56 -> 
  custom:container-muxer-webm: aa71ff27fc2769a1b78a27578f13a17b -> 
========================================================================
Received Prepare
Begin MonoManager ReloadAssembly
Symbol file LoadedFromMemory doesn't match image D:\UnityHub\Project\CustomRP\Library\PackageCache\com.unity.visualscripting@1.8.0\Editor\VisualScripting.Core\Dependencies\YamlDotNet\Unity.VisualScripting.YamlDotNet.dll
Symbol file LoadedFromMemory doesn't match image D:\UnityHub\Project\CustomRP\Library\PackageCache\com.unity.visualscripting@1.8.0\Editor\VisualScripting.Core\Dependencies\DotNetZip\Unity.VisualScripting.IonicZip.dll
- Loaded All Assemblies, in  0.396 seconds
Refreshing native plugins compatible for Editor in 1.22 ms, found 1 plugins.
Native extension for WindowsStandalone target not found
Mono: successfully reloaded assembly
- Finished resetting the current domain, in  0.547 seconds
Domain Reload Profiling: 942ms
	BeginReloadAssembly (104ms)
		ExecutionOrderSort (0ms)
		DisableScriptedObjects (3ms)
		BackupInstance (0ms)
		ReleaseScriptingObjects (0ms)
		CreateAndSetChildDomain (24ms)
	RebuildCommonClasses (21ms)
	RebuildNativeTypeToScriptingClass (7ms)
	initialDomainReloadingComplete (16ms)
	LoadAllAssembliesAndSetupDomain (247ms)
		LoadAssemblies (151ms)
		RebuildTransferFunctionScriptingTraits (0ms)
		AnalyzeDomain (148ms)
			TypeCache.Refresh (144ms)
				TypeCache.ScanAssembly (138ms)
			ScanForSourceGeneratedMonoScriptInfo (1ms)
			ResolveRequiredComponents (2ms)
	FinalizeReload (547ms)
		ReleaseScriptCaches (0ms)
		RebuildScriptCaches (0ms)
		SetupLoadedEditorAssemblies (238ms)
			LogAssemblyErrors (0ms)
			InitializePlatformSupportModulesInManaged (4ms)
			SetLoadedEditorAssemblies (3ms)
			RefreshPlugins (0ms)
			BeforeProcessingInitializeOnLoad (45ms)
			ProcessInitializeOnLoadAttributes (124ms)
			ProcessInitializeOnLoadMethodAttributes (59ms)
			AfterProcessingInitializeOnLoad (2ms)
			EditorAssembliesLoaded (0ms)
		ExecutionOrderSort2 (0ms)
		AwakeInstancesAfterBackupRestoration (8ms)
Refreshing native plugins compatible for Editor in 1.82 ms, found 1 plugins.
Preloading 0 native plugins for Editor in 0.00 ms.
Unloading 2842 Unused Serialized files (Serialized files now loaded: 0)
Unloading 20 unused Assets / (340.2 KB). Loaded Objects now: 3430.
Memory consumption went from 111.8 MB to 111.5 MB.
Total: 2.475400 ms (FindLiveObjects: 0.186900 ms CreateObjectMapping: 0.072600 ms MarkObjects: 2.045700 ms  DeleteObjects: 0.168500 ms)

Prepare: number of updated asset objects reloaded= 0
AssetImportParameters requested are different than current active one (requested -> active):
  custom:video-decoder-webm-vp8: 9c59270c3fd7afecdb556c50c9e8de78 -> 
  custom:container-demuxer-ogg: 62fdf1f143b41e24485cea50d1cbac27 -> 
  custom:AudioImporter_EditorPlatform: d09bf68614088b80899f8185d706f6e7 -> 
  custom:video-codec-MediaFoundation-h265: 746d11721c4dcdbdad8f713fa42b33f4 -> 
  custom:video-decoder-ogg-theora: a1e56fd34408186e4bbccfd4996cb3dc -> 
  custom:framework-win-MediaFoundation: 216162199b28c13a410421893ffa2e32 -> 
  custom:video-encoder-webm-vp8: eb34c28f22e8b96e1ab97ce403110664 -> 
  custom:audio-decoder-ogg-vorbis: bf7c407c2cedff20999df2af8eb42d56 -> 
  custom:CustomObjectIndexerAttribute: 756ad292c208cfabdd7b50bc23989ffe -> 
  custom:container-demuxer-webm: 4f35f7cbe854078d1ac9338744f61a02 -> 
  custom:audio-encoder-webm-vorbis: bf7c407c2cedff20999df2af8eb42d56 -> 
  custom:container-muxer-webm: aa71ff27fc2769a1b78a27578f13a17b -> 
========================================================================
Received Import Request.
  Time since last request: 157.335695 seconds.
  path: Assets/Shaders/Unlit.shader
  artifactKey: Guid(bc096ec3ed6753d4ab5a4f7be69bc6b2) Importer(815301076,1909f56bfc062723c751e8b465ee728b)
Start importing Assets/Shaders/Unlit.shader using Guid(bc096ec3ed6753d4ab5a4f7be69bc6b2) Importer(815301076,1909f56bfc062723c751e8b465ee728b)  -> (artifact id: '892f187c09b960551d0cf05b3f53ae74') in 0.003947 seconds
Number of updated asset objects reloaded before import = 0
Number of asset objects unloaded after import = 0
========================================================================
Received Prepare
Begin MonoManager ReloadAssembly
Symbol file LoadedFromMemory doesn't match image D:\UnityHub\Project\CustomRP\Library\PackageCache\com.unity.visualscripting@1.8.0\Editor\VisualScripting.Core\Dependencies\YamlDotNet\Unity.VisualScripting.YamlDotNet.dll
Symbol file LoadedFromMemory doesn't match image D:\UnityHub\Project\CustomRP\Library\PackageCache\com.unity.visualscripting@1.8.0\Editor\VisualScripting.Core\Dependencies\DotNetZip\Unity.VisualScripting.IonicZip.dll
- Loaded All Assemblies, in  0.391 seconds
Refreshing native plugins compatible for Editor in 0.78 ms, found 1 plugins.
Native extension for WindowsStandalone target not found
Mono: successfully reloaded assembly
- Finished resetting the current domain, in  0.551 seconds
Domain Reload Profiling: 943ms
	BeginReloadAssembly (98ms)
		ExecutionOrderSort (0ms)
		DisableScriptedObjects (3ms)
		BackupInstance (0ms)
		ReleaseScriptingObjects (0ms)
		CreateAndSetChildDomain (23ms)
	RebuildCommonClasses (22ms)
	RebuildNativeTypeToScriptingClass (7ms)
	initialDomainReloadingComplete (17ms)
	LoadAllAssembliesAndSetupDomain (247ms)
		LoadAssemblies (142ms)
		RebuildTransferFunctionScriptingTraits (0ms)
		AnalyzeDomain (147ms)
			TypeCache.Refresh (144ms)
				TypeCache.ScanAssembly (138ms)
			ScanForSourceGeneratedMonoScriptInfo (1ms)
			ResolveRequiredComponents (2ms)
	FinalizeReload (552ms)
		ReleaseScriptCaches (0ms)
		RebuildScriptCaches (0ms)
		SetupLoadedEditorAssemblies (247ms)
			LogAssemblyErrors (0ms)
			InitializePlatformSupportModulesInManaged (4ms)
			SetLoadedEditorAssemblies (3ms)
			RefreshPlugins (0ms)
			BeforeProcessingInitializeOnLoad (42ms)
			ProcessInitializeOnLoadAttributes (131ms)
			ProcessInitializeOnLoadMethodAttributes (64ms)
			AfterProcessingInitializeOnLoad (2ms)
			EditorAssembliesLoaded (0ms)
		ExecutionOrderSort2 (0ms)
		AwakeInstancesAfterBackupRestoration (8ms)
Refreshing native plugins compatible for Editor in 1.41 ms, found 1 plugins.
Preloading 0 native plugins for Editor in 0.00 ms.
Unloading 2841 Unused Serialized files (Serialized files now loaded: 0)
Unloading 20 unused Assets / (340.7 KB). Loaded Objects now: 3433.
Memory consumption went from 111.5 MB to 111.2 MB.
Total: 2.915700 ms (FindLiveObjects: 0.191600 ms CreateObjectMapping: 0.064300 ms MarkObjects: 2.538700 ms  DeleteObjects: 0.119900 ms)

Prepare: number of updated asset objects reloaded= 1
AssetImportParameters requested are different than current active one (requested -> active):
  custom:video-decoder-webm-vp8: 9c59270c3fd7afecdb556c50c9e8de78 -> 
  custom:container-demuxer-ogg: 62fdf1f143b41e24485cea50d1cbac27 -> 
  custom:AudioImporter_EditorPlatform: d09bf68614088b80899f8185d706f6e7 -> 
  custom:video-codec-MediaFoundation-h265: 746d11721c4dcdbdad8f713fa42b33f4 -> 
  custom:video-decoder-ogg-theora: a1e56fd34408186e4bbccfd4996cb3dc -> 
  custom:framework-win-MediaFoundation: 216162199b28c13a410421893ffa2e32 -> 
  custom:video-encoder-webm-vp8: eb34c28f22e8b96e1ab97ce403110664 -> 
  custom:audio-decoder-ogg-vorbis: bf7c407c2cedff20999df2af8eb42d56 -> 
  custom:CustomObjectIndexerAttribute: 756ad292c208cfabdd7b50bc23989ffe -> 
  custom:container-demuxer-webm: 4f35f7cbe854078d1ac9338744f61a02 -> 
  custom:audio-encoder-webm-vorbis: bf7c407c2cedff20999df2af8eb42d56 -> 
  custom:container-muxer-webm: aa71ff27fc2769a1b78a27578f13a17b -> 
